,compound
0,ScO
1,ScO2
2,ScO3
3,ScO4
4,ScO5
5,ScO6
6,ScO7
7,ScO8
8,ScO9
9,ScO10
10,Sc2O3
11,Sc2O5
12,Sc2O7
13,Sc2O9
14,Sc3O4
15,Sc3O5
16,Sc3O7
17,Sc3O8
18,Sc3O10
19,Sc4O5
20,Sc4O7
21,Sc4O9
22,Sc5O6
23,Sc5O7
24,Sc5O8
25,Sc5O9
26,Sc6O7
27,Sc7O8
28,Sc7O9
29,Sc7O10
30,Sc8O9
31,Sc9O10
32,TiO
33,TiO2
34,TiO3
35,TiO4
36,TiO5
37,TiO6
38,TiO7
39,TiO8
40,TiO9
41,TiO10
42,Ti2O3
43,Ti2O5
44,Ti2O7
45,Ti2O9
46,Ti3O4
47,Ti3O5
48,Ti3O7
49,Ti3O8
50,Ti3O10
51,Ti4O5
52,Ti4O7
53,Ti4O9
54,Ti5O6
55,Ti5O7
56,Ti5O8
57,Ti5O9
58,Ti6O7
59,Ti7O8
60,Ti7O9
61,Ti7O10
62,Ti8O9
63,Ti9O10
64,VO
65,VO2
66,VO3
67,VO4
68,VO5
69,VO6
70,VO7
71,VO8
72,VO9
73,VO10
74,V2O3
75,V2O5
76,V2O7
77,V2O9
78,V3O4
79,V3O5
80,V3O7
81,V3O8
82,V3O10
83,V4O5
84,V4O7
85,V4O9
86,V5O6
87,V5O7
88,V5O8
89,V5O9
90,V6O7
91,V7O8
92,V7O9
93,V7O10
94,V8O9
95,V9O10
96,CrO
97,CrO2
98,CrO3
99,CrO4
100,CrO5
101,CrO6
102,CrO7
103,CrO8
104,CrO9
105,CrO10
106,Cr2O3
107,Cr2O5
108,Cr2O7
109,Cr2O9
110,Cr3O4
111,Cr3O5
112,Cr3O7
113,Cr3O8
114,Cr3O10
115,Cr4O5
116,Cr4O7
117,Cr4O9
118,Cr5O6
119,Cr5O7
120,Cr5O8
121,Cr5O9
122,Cr6O7
123,Cr7O8
124,Cr7O9
125,Cr7O10
126,Cr8O9
127,Cr9O10
128,MnO
129,MnO2
130,MnO3
131,MnO4
132,MnO5
133,MnO6
134,MnO7
135,MnO8
136,MnO9
137,MnO10
138,Mn2O3
139,Mn2O5
140,Mn2O7
141,Mn2O9
142,Mn3O4
143,Mn3O5
144,Mn3O7
145,Mn3O8
146,Mn3O10
147,Mn4O5
148,Mn4O7
149,Mn4O9
150,Mn5O6
151,Mn5O7
152,Mn5O8
153,Mn5O9
154,Mn6O7
155,Mn7O8
156,Mn7O9
157,Mn7O10
158,Mn8O9
159,Mn9O10
160,FeO
161,FeO2
162,FeO3
163,FeO4
164,FeO5
165,FeO6
166,FeO7
167,FeO8
168,FeO9
169,FeO10
170,Fe2O3
171,Fe2O5
172,Fe2O7
173,Fe2O9
174,Fe3O4
175,Fe3O5
176,Fe3O7
177,Fe3O8
178,Fe3O10
179,Fe4O5
180,Fe4O7
181,Fe4O9
182,Fe5O6
183,Fe5O7
184,Fe5O8
185,Fe5O9
186,Fe6O7
187,Fe7O8
188,Fe7O9
189,Fe7O10
190,Fe8O9
191,Fe9O10
192,CoO
193,CoO2
194,CoO3
195,CoO4
196,CoO5
197,CoO6
198,CoO7
199,CoO8
200,CoO9
201,CoO10
202,Co2O3
203,Co2O5
204,Co2O7
205,Co2O9
206,Co3O4
207,Co3O5
208,Co3O7
209,Co3O8
210,Co3O10
211,Co4O5
212,Co4O7
213,Co4O9
214,Co5O6
215,Co5O7
216,Co5O8
217,Co5O9
218,Co6O7
219,Co7O8
220,Co7O9
221,Co7O10
222,Co8O9
223,Co9O10
224,NiO
225,NiO2
226,NiO3
227,NiO4
228,NiO5
229,NiO6
230,NiO7
231,NiO8
232,NiO9
233,NiO10
234,Ni2O3
235,Ni2O5
236,Ni2O7
237,Ni2O9
238,Ni3O4
239,Ni3O5
240,Ni3O7
241,Ni3O8
242,Ni3O10
243,Ni4O5
244,Ni4O7
245,Ni4O9
246,Ni5O6
247,Ni5O7
248,Ni5O8
249,Ni5O9
250,Ni6O7
251,Ni7O8
252,Ni7O9
253,Ni7O10
254,Ni8O9
255,Ni9O10
256,CuO
257,CuO2
258,CuO3
259,CuO4
260,CuO5
261,CuO6
262,CuO7
263,CuO8
264,CuO9
265,CuO10
266,Cu2O3
267,Cu2O5
268,Cu2O7
269,Cu2O9
270,Cu3O4
271,Cu3O5
272,Cu3O7
273,Cu3O8
274,Cu3O10
275,Cu4O5
276,Cu4O7
277,Cu4O9
278,Cu5O6
279,Cu5O7
280,Cu5O8
281,Cu5O9
282,Cu6O7
283,Cu7O8
284,Cu7O9
285,Cu7O10
286,Cu8O9
287,Cu9O10
288,ZnO
289,ZnO2
290,ZnO3
291,ZnO4
292,ZnO5
293,ZnO6
294,ZnO7
295,ZnO8
296,ZnO9
297,ZnO10
298,Zn2O3
299,Zn2O5
300,Zn2O7
301,Zn2O9
302,Zn3O4
303,Zn3O5
304,Zn3O7
305,Zn3O8
306,Zn3O10
307,Zn4O5
308,Zn4O7
309,Zn4O9
310,Zn5O6
311,Zn5O7
312,Zn5O8
313,Zn5O9
314,Zn6O7
315,Zn7O8
316,Zn7O9
317,Zn7O10
318,Zn8O9
319,Zn9O10
320,YO
321,YO2
322,YO3
323,YO4
324,YO5
325,YO6
326,YO7
327,YO8
328,YO9
329,YO10
330,Y2O3
331,Y2O5
332,Y2O7
333,Y2O9
334,Y3O4
335,Y3O5
336,Y3O7
337,Y3O8
338,Y3O10
339,Y4O5
340,Y4O7
341,Y4O9
342,Y5O6
343,Y5O7
344,Y5O8
345,Y5O9
346,Y6O7
347,Y7O8
348,Y7O9
349,Y7O10
350,Y8O9
351,Y9O10
352,ZrO
353,ZrO2
354,ZrO3
355,ZrO4
356,ZrO5
357,ZrO6
358,ZrO7
359,ZrO8
360,ZrO9
361,ZrO10
362,Zr2O3
363,Zr2O5
364,Zr2O7
365,Zr2O9
366,Zr3O4
367,Zr3O5
368,Zr3O7
369,Zr3O8
370,Zr3O10
371,Zr4O5
372,Zr4O7
373,Zr4O9
374,Zr5O6
375,Zr5O7
376,Zr5O8
377,Zr5O9
378,Zr6O7
379,Zr7O8
380,Zr7O9
381,Zr7O10
382,Zr8O9
383,Zr9O10
384,NbO
385,NbO2
386,NbO3
387,NbO4
388,NbO5
389,NbO6
390,NbO7
391,NbO8
392,NbO9
393,NbO10
394,Nb2O3
395,Nb2O5
396,Nb2O7
397,Nb2O9
398,Nb3O4
399,Nb3O5
400,Nb3O7
401,Nb3O8
402,Nb3O10
403,Nb4O5
404,Nb4O7
405,Nb4O9
406,Nb5O6
407,Nb5O7
408,Nb5O8
409,Nb5O9
410,Nb6O7
411,Nb7O8
412,Nb7O9
413,Nb7O10
414,Nb8O9
415,Nb9O10
416,MoO
417,MoO2
418,MoO3
419,MoO4
420,MoO5
421,MoO6
422,MoO7
423,MoO8
424,MoO9
425,MoO10
426,Mo2O3
427,Mo2O5
428,Mo2O7
429,Mo2O9
430,Mo3O4
431,Mo3O5
432,Mo3O7
433,Mo3O8
434,Mo3O10
435,Mo4O5
436,Mo4O7
437,Mo4O9
438,Mo5O6
439,Mo5O7
440,Mo5O8
441,Mo5O9
442,Mo6O7
443,Mo7O8
444,Mo7O9
445,Mo7O10
446,Mo8O9
447,Mo9O10
448,RuO
449,RuO2
450,RuO3
451,RuO4
452,RuO5
453,RuO6
454,RuO7
455,RuO8
456,RuO9
457,RuO10
458,Ru2O3
459,Ru2O5
460,Ru2O7
461,Ru2O9
462,Ru3O4
463,Ru3O5
464,Ru3O7
465,Ru3O8
466,Ru3O10
467,Ru4O5
468,Ru4O7
469,Ru4O9
470,Ru5O6
471,Ru5O7
472,Ru5O8
473,Ru5O9
474,Ru6O7
475,Ru7O8
476,Ru7O9
477,Ru7O10
478,Ru8O9
479,Ru9O10
480,RhO
481,RhO2
482,RhO3
483,RhO4
484,RhO5
485,RhO6
486,RhO7
487,RhO8
488,RhO9
489,RhO10
490,Rh2O3
491,Rh2O5
492,Rh2O7
493,Rh2O9
494,Rh3O4
495,Rh3O5
496,Rh3O7
497,Rh3O8
498,Rh3O10
499,Rh4O5
500,Rh4O7
501,Rh4O9
502,Rh5O6
503,Rh5O7
504,Rh5O8
505,Rh5O9
506,Rh6O7
507,Rh7O8
508,Rh7O9
509,Rh7O10
510,Rh8O9
511,Rh9O10
512,PdO
513,PdO2
514,PdO3
515,PdO4
516,PdO5
517,PdO6
518,PdO7
519,PdO8
520,PdO9
521,PdO10
522,Pd2O3
523,Pd2O5
524,Pd2O7
525,Pd2O9
526,Pd3O4
527,Pd3O5
528,Pd3O7
529,Pd3O8
530,Pd3O10
531,Pd4O5
532,Pd4O7
533,Pd4O9
534,Pd5O6
535,Pd5O7
536,Pd5O8
537,Pd5O9
538,Pd6O7
539,Pd7O8
540,Pd7O9
541,Pd7O10
542,Pd8O9
543,Pd9O10
544,AgO
545,AgO2
546,AgO3
547,AgO4
548,AgO5
549,AgO6
550,AgO7
551,AgO8
552,AgO9
553,AgO10
554,Ag2O3
555,Ag2O5
556,Ag2O7
557,Ag2O9
558,Ag3O4
559,Ag3O5
560,Ag3O7
561,Ag3O8
562,Ag3O10
563,Ag4O5
564,Ag4O7
565,Ag4O9
566,Ag5O6
567,Ag5O7
568,Ag5O8
569,Ag5O9
570,Ag6O7
571,Ag7O8
572,Ag7O9
573,Ag7O10
574,Ag8O9
575,Ag9O10
576,CdO
577,CdO2
578,CdO3
579,CdO4
580,CdO5
581,CdO6
582,CdO7
583,CdO8
584,CdO9
585,CdO10
586,Cd2O3
587,Cd2O5
588,Cd2O7
589,Cd2O9
590,Cd3O4
591,Cd3O5
592,Cd3O7
593,Cd3O8
594,Cd3O10
595,Cd4O5
596,Cd4O7
597,Cd4O9
598,Cd5O6
599,Cd5O7
600,Cd5O8
601,Cd5O9
602,Cd6O7
603,Cd7O8
604,Cd7O9
605,Cd7O10
606,Cd8O9
607,Cd9O10
608,HfO
609,HfO2
610,HfO3
611,HfO4
612,HfO5
613,HfO6
614,HfO7
615,HfO8
616,HfO9
617,HfO10
618,Hf2O3
619,Hf2O5
620,Hf2O7
621,Hf2O9
622,Hf3O4
623,Hf3O5
624,Hf3O7
625,Hf3O8
626,Hf3O10
627,Hf4O5
628,Hf4O7
629,Hf4O9
630,Hf5O6
631,Hf5O7
632,Hf5O8
633,Hf5O9
634,Hf6O7
635,Hf7O8
636,Hf7O9
637,Hf7O10
638,Hf8O9
639,Hf9O10
640,TaO
641,TaO2
642,TaO3
643,TaO4
644,TaO5
645,TaO6
646,TaO7
647,TaO8
648,TaO9
649,TaO10
650,Ta2O3
651,Ta2O5
652,Ta2O7
653,Ta2O9
654,Ta3O4
655,Ta3O5
656,Ta3O7
657,Ta3O8
658,Ta3O10
659,Ta4O5
660,Ta4O7
661,Ta4O9
662,Ta5O6
663,Ta5O7
664,Ta5O8
665,Ta5O9
666,Ta6O7
667,Ta7O8
668,Ta7O9
669,Ta7O10
670,Ta8O9
671,Ta9O10
672,WO
673,WO2
674,WO3
675,WO4
676,WO5
677,WO6
678,WO7
679,WO8
680,WO9
681,WO10
682,W2O3
683,W2O5
684,W2O7
685,W2O9
686,W3O4
687,W3O5
688,W3O7
689,W3O8
690,W3O10
691,W4O5
692,W4O7
693,W4O9
694,W5O6
695,W5O7
696,W5O8
697,W5O9
698,W6O7
699,W7O8
700,W7O9
701,W7O10
702,W8O9
703,W9O10
704,ReO
705,ReO2
706,ReO3
707,ReO4
708,ReO5
709,ReO6
710,ReO7
711,ReO8
712,ReO9
713,ReO10
714,Re2O3
715,Re2O5
716,Re2O7
717,Re2O9
718,Re3O4
719,Re3O5
720,Re3O7
721,Re3O8
722,Re3O10
723,Re4O5
724,Re4O7
725,Re4O9
726,Re5O6
727,Re5O7
728,Re5O8
729,Re5O9
730,Re6O7
731,Re7O8
732,Re7O9
733,Re7O10
734,Re8O9
735,Re9O10
736,OsO
737,OsO2
738,OsO3
739,OsO4
740,OsO5
741,OsO6
742,OsO7
743,OsO8
744,OsO9
745,OsO10
746,Os2O3
747,Os2O5
748,Os2O7
749,Os2O9
750,Os3O4
751,Os3O5
752,Os3O7
753,Os3O8
754,Os3O10
755,Os4O5
756,Os4O7
757,Os4O9
758,Os5O6
759,Os5O7
760,Os5O8
761,Os5O9
762,Os6O7
763,Os7O8
764,Os7O9
765,Os7O10
766,Os8O9
767,Os9O10
768,IrO
769,IrO2
770,IrO3
771,IrO4
772,IrO5
773,IrO6
774,IrO7
775,IrO8
776,IrO9
777,IrO10
778,Ir2O3
779,Ir2O5
780,Ir2O7
781,Ir2O9
782,Ir3O4
783,Ir3O5
784,Ir3O7
785,Ir3O8
786,Ir3O10
787,Ir4O5
788,Ir4O7
789,Ir4O9
790,Ir5O6
791,Ir5O7
792,Ir5O8
793,Ir5O9
794,Ir6O7
795,Ir7O8
796,Ir7O9
797,Ir7O10
798,Ir8O9
799,Ir9O10
800,PtO
801,PtO2
802,PtO3
803,PtO4
804,PtO5
805,PtO6
806,PtO7
807,PtO8
808,PtO9
809,PtO10
810,Pt2O3
811,Pt2O5
812,Pt2O7
813,Pt2O9
814,Pt3O4
815,Pt3O5
816,Pt3O7
817,Pt3O8
818,Pt3O10
819,Pt4O5
820,Pt4O7
821,Pt4O9
822,Pt5O6
823,Pt5O7
824,Pt5O8
825,Pt5O9
826,Pt6O7
827,Pt7O8
828,Pt7O9
829,Pt7O10
830,Pt8O9
831,Pt9O10
832,AuO
833,AuO2
834,AuO3
835,AuO4
836,AuO5
837,AuO6
838,AuO7
839,AuO8
840,AuO9
841,AuO10
842,Au2O3
843,Au2O5
844,Au2O7
845,Au2O9
846,Au3O4
847,Au3O5
848,Au3O7
849,Au3O8
850,Au3O10
851,Au4O5
852,Au4O7
853,Au4O9
854,Au5O6
855,Au5O7
856,Au5O8
857,Au5O9
858,Au6O7
859,Au7O8
860,Au7O9
861,Au7O10
862,Au8O9
863,Au9O10
864,LaO
865,LaO2
866,LaO3
867,LaO4
868,LaO5
869,LaO6
870,LaO7
871,LaO8
872,LaO9
873,LaO10
874,La2O3
875,La2O5
876,La2O7
877,La2O9
878,La3O4
879,La3O5
880,La3O7
881,La3O8
882,La3O10
883,La4O5
884,La4O7
885,La4O9
886,La5O6
887,La5O7
888,La5O8
889,La5O9
890,La6O7
891,La7O8
892,La7O9
893,La7O10
894,La8O9
895,La9O10
896,CeO
897,CeO2
898,CeO3
899,CeO4
900,CeO5
901,CeO6
902,CeO7
903,CeO8
904,CeO9
905,CeO10
906,Ce2O3
907,Ce2O5
908,Ce2O7
909,Ce2O9
910,Ce3O4
911,Ce3O5
912,Ce3O7
913,Ce3O8
914,Ce3O10
915,Ce4O5
916,Ce4O7
917,Ce4O9
918,Ce5O6
919,Ce5O7
920,Ce5O8
921,Ce5O9
922,Ce6O7
923,Ce7O8
924,Ce7O9
925,Ce7O10
926,Ce8O9
927,Ce9O10
928,AlO
929,AlO2
930,AlO3
931,AlO4
932,AlO5
933,AlO6
934,AlO7
935,AlO8
936,AlO9
937,AlO10
938,Al2O3
939,Al2O5
940,Al2O7
941,Al2O9
942,Al3O4
943,Al3O5
944,Al3O7
945,Al3O8
946,Al3O10
947,Al4O5
948,Al4O7
949,Al4O9
950,Al5O6
951,Al5O7
952,Al5O8
953,Al5O9
954,Al6O7
955,Al7O8
956,Al7O9
957,Al7O10
958,Al8O9
959,Al9O10
960,GaO
961,GaO2
962,GaO3
963,GaO4
964,GaO5
965,GaO6
966,GaO7
967,GaO8
968,GaO9
969,GaO10
970,Ga2O3
971,Ga2O5
972,Ga2O7
973,Ga2O9
974,Ga3O4
975,Ga3O5
976,Ga3O7
977,Ga3O8
978,Ga3O10
979,Ga4O5
980,Ga4O7
981,Ga4O9
982,Ga5O6
983,Ga5O7
984,Ga5O8
985,Ga5O9
986,Ga6O7
987,Ga7O8
988,Ga7O9
989,Ga7O10
990,Ga8O9
991,Ga9O10
992,InO
993,InO2
994,InO3
995,InO4
996,InO5
997,InO6
998,InO7
999,InO8
1000,InO9
1001,InO10
1002,In2O3
1003,In2O5
1004,In2O7
1005,In2O9
1006,In3O4
1007,In3O5
1008,In3O7
1009,In3O8
1010,In3O10
1011,In4O5
1012,In4O7
1013,In4O9
1014,In5O6
1015,In5O7
1016,In5O8
1017,In5O9
1018,In6O7
1019,In7O8
1020,In7O9
1021,In7O10
1022,In8O9
1023,In9O10
1024,SnO
1025,SnO2
1026,SnO3
1027,SnO4
1028,SnO5
1029,SnO6
1030,SnO7
1031,SnO8
1032,SnO9
1033,SnO10
1034,Sn2O3
1035,Sn2O5
1036,Sn2O7
1037,Sn2O9
1038,Sn3O4
1039,Sn3O5
1040,Sn3O7
1041,Sn3O8
1042,Sn3O10
1043,Sn4O5
1044,Sn4O7
1045,Sn4O9
1046,Sn5O6
1047,Sn5O7
1048,Sn5O8
1049,Sn5O9
1050,Sn6O7
1051,Sn7O8
1052,Sn7O9
1053,Sn7O10
1054,Sn8O9
1055,Sn9O10
1056,PbO
1057,PbO2
1058,PbO3
1059,PbO4
1060,PbO5
1061,PbO6
1062,PbO7
1063,PbO8
1064,PbO9
1065,PbO10
1066,Pb2O3
1067,Pb2O5
1068,Pb2O7
1069,Pb2O9
1070,Pb3O4
1071,Pb3O5
1072,Pb3O7
1073,Pb3O8
1074,Pb3O10
1075,Pb4O5
1076,Pb4O7
1077,Pb4O9
1078,Pb5O6
1079,Pb5O7
1080,Pb5O8
1081,Pb5O9
1082,Pb6O7
1083,Pb7O8
1084,Pb7O9
1085,Pb7O10
1086,Pb8O9
1087,Pb9O10
1088,BiO
1089,BiO2
1090,BiO3
1091,BiO4
1092,BiO5
1093,BiO6
1094,BiO7
1095,BiO8
1096,BiO9
1097,BiO10
1098,Bi2O3
1099,Bi2O5
1100,Bi2O7
1101,Bi2O9
1102,Bi3O4
1103,Bi3O5
1104,Bi3O7
1105,Bi3O8
1106,Bi3O10
1107,Bi4O5
1108,Bi4O7
1109,Bi4O9
1110,Bi5O6
1111,Bi5O7
1112,Bi5O8
1113,Bi5O9
1114,Bi6O7
1115,Bi7O8
1116,Bi7O9
1117,Bi7O10
1118,Bi8O9
1119,Bi9O10
1120,ScN
1121,TiN
1122,VN
1123,CrN
1124,MnN
1125,FeN
1126,CoN
1127,NiN
1128,CuN
1129,ZnN
1130,YN
1131,ZrN
1132,NbN
1133,MoN
1134,RuN
1135,RhN
1136,PdN
1137,AgN
1138,CdN
1139,HfN
1140,TaN
1141,WN
1142,ReN
1143,OsN
1144,IrN
1145,PtN
1146,AuN
1147,LaN
1148,CeN
1149,AlN
1150,GaN
1151,InN
1152,SnN
1153,PbN
1154,BiN
1155,Sc2N
1156,Ti2N
1157,V2N
1158,Cr2N
1159,Mn2N
1160,Fe2N
1161,Co2N
1162,Ni2N
1163,Cu2N
1164,Zn2N
1165,Y2N
1166,Zr2N
1167,Nb2N
1168,Mo2N
1169,Ru2N
1170,Rh2N
1171,Pd2N
1172,Ag2N
1173,Cd2N
1174,Hf2N
1175,Ta2N
1176,W2N
1177,Re2N
1178,Os2N
1179,Ir2N
1180,Pt2N
1181,Au2N
1182,La2N
1183,Ce2N
1184,Al2N
1185,Ga2N
1186,In2N
1187,Sn2N
1188,Pb2N
1189,Bi2N
1190,Sc3N2
1191,Ti3N2
1192,V3N2
1193,Cr3N2
1194,Mn3N2
1195,Fe3N2
1196,Co3N2
1197,Ni3N2
1198,Cu3N2
1199,Zn3N2
1200,Y3N2
1201,Zr3N2
1202,Nb3N2
1203,Mo3N2
1204,Ru3N2
1205,Rh3N2
1206,Pd3N2
1207,Ag3N2
1208,Cd3N2
1209,Hf3N2
1210,Ta3N2
1211,W3N2
1212,Re3N2
1213,Os3N2
1214,Ir3N2
1215,Pt3N2
1216,Au3N2
1217,La3N2
1218,Ce3N2
1219,Al3N2
1220,Ga3N2
1221,In3N2
1222,Sn3N2
1223,Pb3N2
1224,Bi3N2
1225,ScS2
1226,TiS2
1227,VS2
1228,CrS2
1229,MnS2
1230,FeS2
1231,CoS2
1232,NiS2
1233,CuS2
1234,ZnS2
1235,YS2
1236,ZrS2
1237,NbS2
1238,MoS2
1239,RuS2
1240,RhS2
1241,PdS2
1242,AgS2
1243,CdS2
1244,HfS2
1245,TaS2
1246,WS2
1247,ReS2
1248,OsS2
1249,IrS2
1250,PtS2
1251,AuS2
1252,LaS2
1253,CeS2
1254,AlS2
1255,GaS2
1256,InS2
1257,SnS2
1258,PbS2
1259,BiS2
1260,Sc2S3
1261,Ti2S3
1262,V2S3
1263,Cr2S3
1264,Mn2S3
1265,Fe2S3
1266,Co2S3
1267,Ni2S3
1268,Cu2S3
1269,Zn2S3
1270,Y2S3
1271,Zr2S3
1272,Nb2S3
1273,Mo2S3
1274,Ru2S3
1275,Rh2S3
1276,Pd2S3
1277,Ag2S3
1278,Cd2S3
1279,Hf2S3
1280,Ta2S3
1281,W2S3
1282,Re2S3
1283,Os2S3
1284,Ir2S3
1285,Pt2S3
1286,Au2S3
1287,La2S3
1288,Ce2S3
1289,Al2S3
1290,Ga2S3
1291,In2S3
1292,Sn2S3
1293,Pb2S3
1294,Bi2S3
1295,Sc3S4
1296,Ti3S4
1297,V3S4
1298,Cr3S4
1299,Mn3S4
1300,Fe3S4
1301,Co3S4
1302,Ni3S4
1303,Cu3S4
1304,Zn3S4
1305,Y3S4
1306,Zr3S4
1307,Nb3S4
1308,Mo3S4
1309,Ru3S4
1310,Rh3S4
1311,Pd3S4
1312,Ag3S4
1313,Cd3S4
1314,Hf3S4
1315,Ta3S4
1316,W3S4
1317,Re3S4
1318,Os3S4
1319,Ir3S4
1320,Pt3S4
1321,Au3S4
1322,La3S4
1323,Ce3S4
1324,Al3S4
1325,Ga3S4
1326,In3S4
1327,Sn3S4
1328,Pb3S4
1329,Bi3S4
1330,Sc6S8
1331,Ti6S8
1332,V6S8
1333,Cr6S8
1334,Mn6S8
1335,Fe6S8
1336,Co6S8
1337,Ni6S8
1338,Cu6S8
1339,Zn6S8
1340,Y6S8
1341,Zr6S8
1342,Nb6S8
1343,Mo6S8
1344,Ru6S8
1345,Rh6S8
1346,Pd6S8
1347,Ag6S8
1348,Cd6S8
1349,Hf6S8
1350,Ta6S8
1351,W6S8
1352,Re6S8
1353,Os6S8
1354,Ir6S8
1355,Pt6S8
1356,Au6S8
1357,La6S8
1358,Ce6S8
1359,Al6S8
1360,Ga6S8
1361,In6S8
1362,Sn6S8
1363,Pb6S8
1364,Bi6S8
1365,Mn0.05Sc0.95O
1366,Mn0.1Sc0.9O
1367,Mn0.2Sc0.8O
1368,Mn0.05Sc0.95O2
1369,Mn0.1Sc0.9O2
1370,Mn0.2Sc0.8O2
1371,Mn0.05Sc0.95O3
1372,Mn0.1Sc0.9O3
1373,Mn0.2Sc0.8O3
1374,Mn0.05Sc0.95O4
1375,Mn0.1Sc0.9O4
1376,Mn0.2Sc0.8O4
1377,Mn0.05Sc0.95O5
1378,Mn0.1Sc0.9O5
1379,Mn0.2Sc0.8O5
1380,Mn0.05Sc0.95O6
1381,Mn0.1Sc0.9O6
1382,Mn0.2Sc0.8O6
1383,Mn0.05Sc0.95O7
1384,Mn0.1Sc0.9O7
1385,Mn0.2Sc0.8O7
1386,Mn0.05Sc0.95O8
1387,Mn0.1Sc0.9O8
1388,Mn0.2Sc0.8O8
1389,Mn0.05Sc0.95O9
1390,Mn0.1Sc0.9O9
1391,Mn0.2Sc0.8O9
1392,Mn0.05Sc0.95O10
1393,Mn0.1Sc0.9O10
1394,Mn0.2Sc0.8O10
1395,Mn0.1Sc1.9O3
1396,Mn0.2Sc1.8O3
1397,Mn0.4Sc1.6O3
1398,Mn0.1Sc1.9O5
1399,Mn0.2Sc1.8O5
1400,Mn0.4Sc1.6O5
1401,Mn0.1Sc1.9O7
1402,Mn0.2Sc1.8O7
1403,Mn0.4Sc1.6O7
1404,Mn0.1Sc1.9O9
1405,Mn0.2Sc1.8O9
1406,Mn0.4Sc1.6O9
1407,Mn0.15Sc2.85O4
1408,Mn0.3Sc2.7O4
1409,Mn0.6Sc2.4O4
1410,Mn0.15Sc2.85O5
1411,Mn0.3Sc2.7O5
1412,Mn0.6Sc2.4O5
1413,Mn0.15Sc2.85O7
1414,Mn0.3Sc2.7O7
1415,Mn0.6Sc2.4O7
1416,Mn0.15Sc2.85O8
1417,Mn0.3Sc2.7O8
1418,Mn0.6Sc2.4O8
1419,Mn0.15Sc2.85O10
1420,Mn0.3Sc2.7O10
1421,Mn0.6Sc2.4O10
1422,Mn0.2Sc3.8O5
1423,Mn0.4Sc3.6O5
1424,Mn0.8Sc3.2O5
1425,Mn0.2Sc3.8O7
1426,Mn0.4Sc3.6O7
1427,Mn0.8Sc3.2O7
1428,Mn0.2Sc3.8O9
1429,Mn0.4Sc3.6O9
1430,Mn0.8Sc3.2O9
1431,Mn0.25Sc4.75O6
1432,Mn0.5Sc4.5O6
1433,MnScO6
1434,Mn0.25Sc4.75O7
1435,Mn0.5Sc4.5O7
1436,MnScO7
1437,Mn0.25Sc4.75O8
1438,Mn0.5Sc4.5O8
1439,MnScO8
1440,Mn0.25Sc4.75O9
1441,Mn0.5Sc4.5O9
1442,MnScO9
1443,Mn0.3Sc5.7O7
1444,Mn0.6Sc5.4O7
1445,Mn1.2Sc4.8O7
1446,Mn0.35Sc6.65O8
1447,Mn0.7Sc6.3O8
1448,Mn1.4Sc5.6O8
1449,Mn0.35Sc6.65O9
1450,Mn0.7Sc6.3O9
1451,Mn1.4Sc5.6O9
1452,Mn0.35Sc6.65O10
1453,Mn0.7Sc6.3O10
1454,Mn1.4Sc5.6O10
1455,Mn0.4Sc7.6O9
1456,Mn0.8Sc7.2O9
1457,Mn1.6Sc6.4O9
1458,Mn0.45Sc8.55O10
1459,Mn0.9Sc8.1O10
1460,Mn1.8Sc7.2O10
1461,Fe0.05Sc0.95O
1462,Fe0.1Sc0.9O
1463,Fe0.2Sc0.8O
1464,Fe0.05Sc0.95O2
1465,Fe0.1Sc0.9O2
1466,Fe0.2Sc0.8O2
1467,Fe0.05Sc0.95O3
1468,Fe0.1Sc0.9O3
1469,Fe0.2Sc0.8O3
1470,Fe0.05Sc0.95O4
1471,Fe0.1Sc0.9O4
1472,Fe0.2Sc0.8O4
1473,Fe0.05Sc0.95O5
1474,Fe0.1Sc0.9O5
1475,Fe0.2Sc0.8O5
1476,Fe0.05Sc0.95O6
1477,Fe0.1Sc0.9O6
1478,Fe0.2Sc0.8O6
1479,Fe0.05Sc0.95O7
1480,Fe0.1Sc0.9O7
1481,Fe0.2Sc0.8O7
1482,Fe0.05Sc0.95O8
1483,Fe0.1Sc0.9O8
1484,Fe0.2Sc0.8O8
1485,Fe0.05Sc0.95O9
1486,Fe0.1Sc0.9O9
1487,Fe0.2Sc0.8O9
1488,Fe0.05Sc0.95O10
1489,Fe0.1Sc0.9O10
1490,Fe0.2Sc0.8O10
1491,Fe0.1Sc1.9O3
1492,Fe0.2Sc1.8O3
1493,Fe0.4Sc1.6O3
1494,Fe0.1Sc1.9O5
1495,Fe0.2Sc1.8O5
1496,Fe0.4Sc1.6O5
1497,Fe0.1Sc1.9O7
1498,Fe0.2Sc1.8O7
1499,Fe0.4Sc1.6O7
1500,Fe0.1Sc1.9O9
1501,Fe0.2Sc1.8O9
1502,Fe0.4Sc1.6O9
1503,Fe0.15Sc2.85O4
1504,Fe0.3Sc2.7O4
1505,Fe0.6Sc2.4O4
1506,Fe0.15Sc2.85O5
1507,Fe0.3Sc2.7O5
1508,Fe0.6Sc2.4O5
1509,Fe0.15Sc2.85O7
1510,Fe0.3Sc2.7O7
1511,Fe0.6Sc2.4O7
1512,Fe0.15Sc2.85O8
1513,Fe0.3Sc2.7O8
1514,Fe0.6Sc2.4O8
1515,Fe0.15Sc2.85O10
1516,Fe0.3Sc2.7O10
1517,Fe0.6Sc2.4O10
1518,Fe0.2Sc3.8O5
1519,Fe0.4Sc3.6O5
1520,Fe0.8Sc3.2O5
1521,Fe0.2Sc3.8O7
1522,Fe0.4Sc3.6O7
1523,Fe0.8Sc3.2O7
1524,Fe0.2Sc3.8O9
1525,Fe0.4Sc3.6O9
1526,Fe0.8Sc3.2O9
1527,Fe0.25Sc4.75O6
1528,Fe0.5Sc4.5O6
1529,FeScO6
1530,Fe0.25Sc4.75O7
1531,Fe0.5Sc4.5O7
1532,FeScO7
1533,Fe0.25Sc4.75O8
1534,Fe0.5Sc4.5O8
1535,FeScO8
1536,Fe0.25Sc4.75O9
1537,Fe0.5Sc4.5O9
1538,FeScO9
1539,Fe0.3Sc5.7O7
1540,Fe0.6Sc5.4O7
1541,Fe1.2Sc4.8O7
1542,Fe0.35Sc6.65O8
1543,Fe0.7Sc6.3O8
1544,Fe1.4Sc5.6O8
1545,Fe0.35Sc6.65O9
1546,Fe0.7Sc6.3O9
1547,Fe1.4Sc5.6O9
1548,Fe0.35Sc6.65O10
1549,Fe0.7Sc6.3O10
1550,Fe1.4Sc5.6O10
1551,Fe0.4Sc7.6O9
1552,Fe0.8Sc7.2O9
1553,Fe1.6Sc6.4O9
1554,Fe0.45Sc8.55O10
1555,Fe0.9Sc8.1O10
1556,Fe1.8Sc7.2O10
1557,Co0.05Sc0.95O
1558,Co0.1Sc0.9O
1559,Co0.2Sc0.8O
1560,Co0.05Sc0.95O2
1561,Co0.1Sc0.9O2
1562,Co0.2Sc0.8O2
1563,Co0.05Sc0.95O3
1564,Co0.1Sc0.9O3
1565,Co0.2Sc0.8O3
1566,Co0.05Sc0.95O4
1567,Co0.1Sc0.9O4
1568,Co0.2Sc0.8O4
1569,Co0.05Sc0.95O5
1570,Co0.1Sc0.9O5
1571,Co0.2Sc0.8O5
1572,Co0.05Sc0.95O6
1573,Co0.1Sc0.9O6
1574,Co0.2Sc0.8O6
1575,Co0.05Sc0.95O7
1576,Co0.1Sc0.9O7
1577,Co0.2Sc0.8O7
1578,Co0.05Sc0.95O8
1579,Co0.1Sc0.9O8
1580,Co0.2Sc0.8O8
1581,Co0.05Sc0.95O9
1582,Co0.1Sc0.9O9
1583,Co0.2Sc0.8O9
1584,Co0.05Sc0.95O10
1585,Co0.1Sc0.9O10
1586,Co0.2Sc0.8O10
1587,Co0.1Sc1.9O3
1588,Co0.2Sc1.8O3
1589,Co0.4Sc1.6O3
1590,Co0.1Sc1.9O5
1591,Co0.2Sc1.8O5
1592,Co0.4Sc1.6O5
1593,Co0.1Sc1.9O7
1594,Co0.2Sc1.8O7
1595,Co0.4Sc1.6O7
1596,Co0.1Sc1.9O9
1597,Co0.2Sc1.8O9
1598,Co0.4Sc1.6O9
1599,Co0.15Sc2.85O4
1600,Co0.3Sc2.7O4
1601,Co0.6Sc2.4O4
1602,Co0.15Sc2.85O5
1603,Co0.3Sc2.7O5
1604,Co0.6Sc2.4O5
1605,Co0.15Sc2.85O7
1606,Co0.3Sc2.7O7
1607,Co0.6Sc2.4O7
1608,Co0.15Sc2.85O8
1609,Co0.3Sc2.7O8
1610,Co0.6Sc2.4O8
1611,Co0.15Sc2.85O10
1612,Co0.3Sc2.7O10
1613,Co0.6Sc2.4O10
1614,Co0.2Sc3.8O5
1615,Co0.4Sc3.6O5
1616,Co0.8Sc3.2O5
1617,Co0.2Sc3.8O7
1618,Co0.4Sc3.6O7
1619,Co0.8Sc3.2O7
1620,Co0.2Sc3.8O9
1621,Co0.4Sc3.6O9
1622,Co0.8Sc3.2O9
1623,Co0.25Sc4.75O6
1624,Co0.5Sc4.5O6
1625,CoScO6
1626,Co0.25Sc4.75O7
1627,Co0.5Sc4.5O7
1628,CoScO7
1629,Co0.25Sc4.75O8
1630,Co0.5Sc4.5O8
1631,CoScO8
1632,Co0.25Sc4.75O9
1633,Co0.5Sc4.5O9
1634,CoScO9
1635,Co0.3Sc5.7O7
1636,Co0.6Sc5.4O7
1637,Co1.2Sc4.8O7
1638,Co0.35Sc6.65O8
1639,Co0.7Sc6.3O8
1640,Co1.4Sc5.6O8
1641,Co0.35Sc6.65O9
1642,Co0.7Sc6.3O9
1643,Co1.4Sc5.6O9
1644,Co0.35Sc6.65O10
1645,Co0.7Sc6.3O10
1646,Co1.4Sc5.6O10
1647,Co0.4Sc7.6O9
1648,Co0.8Sc7.2O9
1649,Co1.6Sc6.4O9
1650,Co0.45Sc8.55O10
1651,Co0.9Sc8.1O10
1652,Co1.8Sc7.2O10
1653,Ni0.05Sc0.95O
1654,Ni0.1Sc0.9O
1655,Ni0.2Sc0.8O
1656,Ni0.05Sc0.95O2
1657,Ni0.1Sc0.9O2
1658,Ni0.2Sc0.8O2
1659,Ni0.05Sc0.95O3
1660,Ni0.1Sc0.9O3
1661,Ni0.2Sc0.8O3
1662,Ni0.05Sc0.95O4
1663,Ni0.1Sc0.9O4
1664,Ni0.2Sc0.8O4
1665,Ni0.05Sc0.95O5
1666,Ni0.1Sc0.9O5
1667,Ni0.2Sc0.8O5
1668,Ni0.05Sc0.95O6
1669,Ni0.1Sc0.9O6
1670,Ni0.2Sc0.8O6
1671,Ni0.05Sc0.95O7
1672,Ni0.1Sc0.9O7
1673,Ni0.2Sc0.8O7
1674,Ni0.05Sc0.95O8
1675,Ni0.1Sc0.9O8
1676,Ni0.2Sc0.8O8
1677,Ni0.05Sc0.95O9
1678,Ni0.1Sc0.9O9
1679,Ni0.2Sc0.8O9
1680,Ni0.05Sc0.95O10
1681,Ni0.1Sc0.9O10
1682,Ni0.2Sc0.8O10
1683,Ni0.1Sc1.9O3
1684,Ni0.2Sc1.8O3
1685,Ni0.4Sc1.6O3
1686,Ni0.1Sc1.9O5
1687,Ni0.2Sc1.8O5
1688,Ni0.4Sc1.6O5
1689,Ni0.1Sc1.9O7
1690,Ni0.2Sc1.8O7
1691,Ni0.4Sc1.6O7
1692,Ni0.1Sc1.9O9
1693,Ni0.2Sc1.8O9
1694,Ni0.4Sc1.6O9
1695,Ni0.15Sc2.85O4
1696,Ni0.3Sc2.7O4
1697,Ni0.6Sc2.4O4
1698,Ni0.15Sc2.85O5
1699,Ni0.3Sc2.7O5
1700,Ni0.6Sc2.4O5
1701,Ni0.15Sc2.85O7
1702,Ni0.3Sc2.7O7
1703,Ni0.6Sc2.4O7
1704,Ni0.15Sc2.85O8
1705,Ni0.3Sc2.7O8
1706,Ni0.6Sc2.4O8
1707,Ni0.15Sc2.85O10
1708,Ni0.3Sc2.7O10
1709,Ni0.6Sc2.4O10
1710,Ni0.2Sc3.8O5
1711,Ni0.4Sc3.6O5
1712,Ni0.8Sc3.2O5
1713,Ni0.2Sc3.8O7
1714,Ni0.4Sc3.6O7
1715,Ni0.8Sc3.2O7
1716,Ni0.2Sc3.8O9
1717,Ni0.4Sc3.6O9
1718,Ni0.8Sc3.2O9
1719,Ni0.25Sc4.75O6
1720,Ni0.5Sc4.5O6
1721,NiScO6
1722,Ni0.25Sc4.75O7
1723,Ni0.5Sc4.5O7
1724,NiScO7
1725,Ni0.25Sc4.75O8
1726,Ni0.5Sc4.5O8
1727,NiScO8
1728,Ni0.25Sc4.75O9
1729,Ni0.5Sc4.5O9
1730,NiScO9
1731,Ni0.3Sc5.7O7
1732,Ni0.6Sc5.4O7
1733,Ni1.2Sc4.8O7
1734,Ni0.35Sc6.65O8
1735,Ni0.7Sc6.3O8
1736,Ni1.4Sc5.6O8
1737,Ni0.35Sc6.65O9
1738,Ni0.7Sc6.3O9
1739,Ni1.4Sc5.6O9
1740,Ni0.35Sc6.65O10
1741,Ni0.7Sc6.3O10
1742,Ni1.4Sc5.6O10
1743,Ni0.4Sc7.6O9
1744,Ni0.8Sc7.2O9
1745,Ni1.6Sc6.4O9
1746,Ni0.45Sc8.55O10
1747,Ni0.9Sc8.1O10
1748,Ni1.8Sc7.2O10
1749,Ru0.05Sc0.95O
1750,Ru0.1Sc0.9O
1751,Ru0.2Sc0.8O
1752,Ru0.05Sc0.95O2
1753,Ru0.1Sc0.9O2
1754,Ru0.2Sc0.8O2
1755,Ru0.05Sc0.95O3
1756,Ru0.1Sc0.9O3
1757,Ru0.2Sc0.8O3
1758,Ru0.05Sc0.95O4
1759,Ru0.1Sc0.9O4
1760,Ru0.2Sc0.8O4
1761,Ru0.05Sc0.95O5
1762,Ru0.1Sc0.9O5
1763,Ru0.2Sc0.8O5
1764,Ru0.05Sc0.95O6
1765,Ru0.1Sc0.9O6
1766,Ru0.2Sc0.8O6
1767,Ru0.05Sc0.95O7
1768,Ru0.1Sc0.9O7
1769,Ru0.2Sc0.8O7
1770,Ru0.05Sc0.95O8
1771,Ru0.1Sc0.9O8
1772,Ru0.2Sc0.8O8
1773,Ru0.05Sc0.95O9
1774,Ru0.1Sc0.9O9
1775,Ru0.2Sc0.8O9
1776,Ru0.05Sc0.95O10
1777,Ru0.1Sc0.9O10
1778,Ru0.2Sc0.8O10
1779,Ru0.1Sc1.9O3
1780,Ru0.2Sc1.8O3
1781,Ru0.4Sc1.6O3
1782,Ru0.1Sc1.9O5
1783,Ru0.2Sc1.8O5
1784,Ru0.4Sc1.6O5
1785,Ru0.1Sc1.9O7
1786,Ru0.2Sc1.8O7
1787,Ru0.4Sc1.6O7
1788,Ru0.1Sc1.9O9
1789,Ru0.2Sc1.8O9
1790,Ru0.4Sc1.6O9
1791,Ru0.15Sc2.85O4
1792,Ru0.3Sc2.7O4
1793,Ru0.6Sc2.4O4
1794,Ru0.15Sc2.85O5
1795,Ru0.3Sc2.7O5
1796,Ru0.6Sc2.4O5
1797,Ru0.15Sc2.85O7
1798,Ru0.3Sc2.7O7
1799,Ru0.6Sc2.4O7
1800,Ru0.15Sc2.85O8
1801,Ru0.3Sc2.7O8
1802,Ru0.6Sc2.4O8
1803,Ru0.15Sc2.85O10
1804,Ru0.3Sc2.7O10
1805,Ru0.6Sc2.4O10
1806,Ru0.2Sc3.8O5
1807,Ru0.4Sc3.6O5
1808,Ru0.8Sc3.2O5
1809,Ru0.2Sc3.8O7
1810,Ru0.4Sc3.6O7
1811,Ru0.8Sc3.2O7
1812,Ru0.2Sc3.8O9
1813,Ru0.4Sc3.6O9
1814,Ru0.8Sc3.2O9
1815,Ru0.25Sc4.75O6
1816,Ru0.5Sc4.5O6
1817,RuScO6
1818,Ru0.25Sc4.75O7
1819,Ru0.5Sc4.5O7
1820,RuScO7
1821,Ru0.25Sc4.75O8
1822,Ru0.5Sc4.5O8
1823,RuScO8
1824,Ru0.25Sc4.75O9
1825,Ru0.5Sc4.5O9
1826,RuScO9
1827,Ru0.3Sc5.7O7
1828,Ru0.6Sc5.4O7
1829,Ru1.2Sc4.8O7
1830,Ru0.35Sc6.65O8
1831,Ru0.7Sc6.3O8
1832,Ru1.4Sc5.6O8
1833,Ru0.35Sc6.65O9
1834,Ru0.7Sc6.3O9
1835,Ru1.4Sc5.6O9
1836,Ru0.35Sc6.65O10
1837,Ru0.7Sc6.3O10
1838,Ru1.4Sc5.6O10
1839,Ru0.4Sc7.6O9
1840,Ru0.8Sc7.2O9
1841,Ru1.6Sc6.4O9
1842,Ru0.45Sc8.55O10
1843,Ru0.9Sc8.1O10
1844,Ru1.8Sc7.2O10
1845,Pd0.05Sc0.95O
1846,Pd0.1Sc0.9O
1847,Pd0.2Sc0.8O
1848,Pd0.05Sc0.95O2
1849,Pd0.1Sc0.9O2
1850,Pd0.2Sc0.8O2
1851,Pd0.05Sc0.95O3
1852,Pd0.1Sc0.9O3
1853,Pd0.2Sc0.8O3
1854,Pd0.05Sc0.95O4
1855,Pd0.1Sc0.9O4
1856,Pd0.2Sc0.8O4
1857,Pd0.05Sc0.95O5
1858,Pd0.1Sc0.9O5
1859,Pd0.2Sc0.8O5
1860,Pd0.05Sc0.95O6
1861,Pd0.1Sc0.9O6
1862,Pd0.2Sc0.8O6
1863,Pd0.05Sc0.95O7
1864,Pd0.1Sc0.9O7
1865,Pd0.2Sc0.8O7
1866,Pd0.05Sc0.95O8
1867,Pd0.1Sc0.9O8
1868,Pd0.2Sc0.8O8
1869,Pd0.05Sc0.95O9
1870,Pd0.1Sc0.9O9
1871,Pd0.2Sc0.8O9
1872,Pd0.05Sc0.95O10
1873,Pd0.1Sc0.9O10
1874,Pd0.2Sc0.8O10
1875,Pd0.1Sc1.9O3
1876,Pd0.2Sc1.8O3
1877,Pd0.4Sc1.6O3
1878,Pd0.1Sc1.9O5
1879,Pd0.2Sc1.8O5
1880,Pd0.4Sc1.6O5
1881,Pd0.1Sc1.9O7
1882,Pd0.2Sc1.8O7
1883,Pd0.4Sc1.6O7
1884,Pd0.1Sc1.9O9
1885,Pd0.2Sc1.8O9
1886,Pd0.4Sc1.6O9
1887,Pd0.15Sc2.85O4
1888,Pd0.3Sc2.7O4
1889,Pd0.6Sc2.4O4
1890,Pd0.15Sc2.85O5
1891,Pd0.3Sc2.7O5
1892,Pd0.6Sc2.4O5
1893,Pd0.15Sc2.85O7
1894,Pd0.3Sc2.7O7
1895,Pd0.6Sc2.4O7
1896,Pd0.15Sc2.85O8
1897,Pd0.3Sc2.7O8
1898,Pd0.6Sc2.4O8
1899,Pd0.15Sc2.85O10
1900,Pd0.3Sc2.7O10
1901,Pd0.6Sc2.4O10
1902,Pd0.2Sc3.8O5
1903,Pd0.4Sc3.6O5
1904,Pd0.8Sc3.2O5
1905,Pd0.2Sc3.8O7
1906,Pd0.4Sc3.6O7
1907,Pd0.8Sc3.2O7
1908,Pd0.2Sc3.8O9
1909,Pd0.4Sc3.6O9
1910,Pd0.8Sc3.2O9
1911,Pd0.25Sc4.75O6
1912,Pd0.5Sc4.5O6
1913,PdScO6
1914,Pd0.25Sc4.75O7
1915,Pd0.5Sc4.5O7
1916,PdScO7
1917,Pd0.25Sc4.75O8
1918,Pd0.5Sc4.5O8
1919,PdScO8
1920,Pd0.25Sc4.75O9
1921,Pd0.5Sc4.5O9
1922,PdScO9
1923,Pd0.3Sc5.7O7
1924,Pd0.6Sc5.4O7
1925,Pd1.2Sc4.8O7
1926,Pd0.35Sc6.65O8
1927,Pd0.7Sc6.3O8
1928,Pd1.4Sc5.6O8
1929,Pd0.35Sc6.65O9
1930,Pd0.7Sc6.3O9
1931,Pd1.4Sc5.6O9
1932,Pd0.35Sc6.65O10
1933,Pd0.7Sc6.3O10
1934,Pd1.4Sc5.6O10
1935,Pd0.4Sc7.6O9
1936,Pd0.8Sc7.2O9
1937,Pd1.6Sc6.4O9
1938,Pd0.45Sc8.55O10
1939,Pd0.9Sc8.1O10
1940,Pd1.8Sc7.2O10
1941,Ag0.05Sc0.95O
1942,Ag0.1Sc0.9O
1943,Ag0.2Sc0.8O
1944,Ag0.05Sc0.95O2
1945,Ag0.1Sc0.9O2
1946,Ag0.2Sc0.8O2
1947,Ag0.05Sc0.95O3
1948,Ag0.1Sc0.9O3
1949,Ag0.2Sc0.8O3
1950,Ag0.05Sc0.95O4
1951,Ag0.1Sc0.9O4
1952,Ag0.2Sc0.8O4
1953,Ag0.05Sc0.95O5
1954,Ag0.1Sc0.9O5
1955,Ag0.2Sc0.8O5
1956,Ag0.05Sc0.95O6
1957,Ag0.1Sc0.9O6
1958,Ag0.2Sc0.8O6
1959,Ag0.05Sc0.95O7
1960,Ag0.1Sc0.9O7
1961,Ag0.2Sc0.8O7
1962,Ag0.05Sc0.95O8
1963,Ag0.1Sc0.9O8
1964,Ag0.2Sc0.8O8
1965,Ag0.05Sc0.95O9
1966,Ag0.1Sc0.9O9
1967,Ag0.2Sc0.8O9
1968,Ag0.05Sc0.95O10
1969,Ag0.1Sc0.9O10
1970,Ag0.2Sc0.8O10
1971,Ag0.1Sc1.9O3
1972,Ag0.2Sc1.8O3
1973,Ag0.4Sc1.6O3
1974,Ag0.1Sc1.9O5
1975,Ag0.2Sc1.8O5
1976,Ag0.4Sc1.6O5
1977,Ag0.1Sc1.9O7
1978,Ag0.2Sc1.8O7
1979,Ag0.4Sc1.6O7
1980,Ag0.1Sc1.9O9
1981,Ag0.2Sc1.8O9
1982,Ag0.4Sc1.6O9
1983,Ag0.15Sc2.85O4
1984,Ag0.3Sc2.7O4
1985,Ag0.6Sc2.4O4
1986,Ag0.15Sc2.85O5
1987,Ag0.3Sc2.7O5
1988,Ag0.6Sc2.4O5
1989,Ag0.15Sc2.85O7
1990,Ag0.3Sc2.7O7
1991,Ag0.6Sc2.4O7
1992,Ag0.15Sc2.85O8
1993,Ag0.3Sc2.7O8
1994,Ag0.6Sc2.4O8
1995,Ag0.15Sc2.85O10
1996,Ag0.3Sc2.7O10
1997,Ag0.6Sc2.4O10
1998,Ag0.2Sc3.8O5
1999,Ag0.4Sc3.6O5
2000,Ag0.8Sc3.2O5
2001,Ag0.2Sc3.8O7
2002,Ag0.4Sc3.6O7
2003,Ag0.8Sc3.2O7
2004,Ag0.2Sc3.8O9
2005,Ag0.4Sc3.6O9
2006,Ag0.8Sc3.2O9
2007,Ag0.25Sc4.75O6
2008,Ag0.5Sc4.5O6
2009,AgScO6
2010,Ag0.25Sc4.75O7
2011,Ag0.5Sc4.5O7
2012,AgScO7
2013,Ag0.25Sc4.75O8
2014,Ag0.5Sc4.5O8
2015,AgScO8
2016,Ag0.25Sc4.75O9
2017,Ag0.5Sc4.5O9
2018,AgScO9
2019,Ag0.3Sc5.7O7
2020,Ag0.6Sc5.4O7
2021,Ag1.2Sc4.8O7
2022,Ag0.35Sc6.65O8
2023,Ag0.7Sc6.3O8
2024,Ag1.4Sc5.6O8
2025,Ag0.35Sc6.65O9
2026,Ag0.7Sc6.3O9
2027,Ag1.4Sc5.6O9
2028,Ag0.35Sc6.65O10
2029,Ag0.7Sc6.3O10
2030,Ag1.4Sc5.6O10
2031,Ag0.4Sc7.6O9
2032,Ag0.8Sc7.2O9
2033,Ag1.6Sc6.4O9
2034,Ag0.45Sc8.55O10
2035,Ag0.9Sc8.1O10
2036,Ag1.8Sc7.2O10
2037,Pt0.05Sc0.95O
2038,Pt0.1Sc0.9O
2039,Pt0.2Sc0.8O
2040,Pt0.05Sc0.95O2
2041,Pt0.1Sc0.9O2
2042,Pt0.2Sc0.8O2
2043,Pt0.05Sc0.95O3
2044,Pt0.1Sc0.9O3
2045,Pt0.2Sc0.8O3
2046,Pt0.05Sc0.95O4
2047,Pt0.1Sc0.9O4
2048,Pt0.2Sc0.8O4
2049,Pt0.05Sc0.95O5
2050,Pt0.1Sc0.9O5
2051,Pt0.2Sc0.8O5
2052,Pt0.05Sc0.95O6
2053,Pt0.1Sc0.9O6
2054,Pt0.2Sc0.8O6
2055,Pt0.05Sc0.95O7
2056,Pt0.1Sc0.9O7
2057,Pt0.2Sc0.8O7
2058,Pt0.05Sc0.95O8
2059,Pt0.1Sc0.9O8
2060,Pt0.2Sc0.8O8
2061,Pt0.05Sc0.95O9
2062,Pt0.1Sc0.9O9
2063,Pt0.2Sc0.8O9
2064,Pt0.05Sc0.95O10
2065,Pt0.1Sc0.9O10
2066,Pt0.2Sc0.8O10
2067,Pt0.1Sc1.9O3
2068,Pt0.2Sc1.8O3
2069,Pt0.4Sc1.6O3
2070,Pt0.1Sc1.9O5
2071,Pt0.2Sc1.8O5
2072,Pt0.4Sc1.6O5
2073,Pt0.1Sc1.9O7
2074,Pt0.2Sc1.8O7
2075,Pt0.4Sc1.6O7
2076,Pt0.1Sc1.9O9
2077,Pt0.2Sc1.8O9
2078,Pt0.4Sc1.6O9
2079,Pt0.15Sc2.85O4
2080,Pt0.3Sc2.7O4
2081,Pt0.6Sc2.4O4
2082,Pt0.15Sc2.85O5
2083,Pt0.3Sc2.7O5
2084,Pt0.6Sc2.4O5
2085,Pt0.15Sc2.85O7
2086,Pt0.3Sc2.7O7
2087,Pt0.6Sc2.4O7
2088,Pt0.15Sc2.85O8
2089,Pt0.3Sc2.7O8
2090,Pt0.6Sc2.4O8
2091,Pt0.15Sc2.85O10
2092,Pt0.3Sc2.7O10
2093,Pt0.6Sc2.4O10
2094,Pt0.2Sc3.8O5
2095,Pt0.4Sc3.6O5
2096,Pt0.8Sc3.2O5
2097,Pt0.2Sc3.8O7
2098,Pt0.4Sc3.6O7
2099,Pt0.8Sc3.2O7
2100,Pt0.2Sc3.8O9
2101,Pt0.4Sc3.6O9
2102,Pt0.8Sc3.2O9
2103,Pt0.25Sc4.75O6
2104,Pt0.5Sc4.5O6
2105,PtScO6
2106,Pt0.25Sc4.75O7
2107,Pt0.5Sc4.5O7
2108,PtScO7
2109,Pt0.25Sc4.75O8
2110,Pt0.5Sc4.5O8
2111,PtScO8
2112,Pt0.25Sc4.75O9
2113,Pt0.5Sc4.5O9
2114,PtScO9
2115,Pt0.3Sc5.7O7
2116,Pt0.6Sc5.4O7
2117,Pt1.2Sc4.8O7
2118,Pt0.35Sc6.65O8
2119,Pt0.7Sc6.3O8
2120,Pt1.4Sc5.6O8
2121,Pt0.35Sc6.65O9
2122,Pt0.7Sc6.3O9
2123,Pt1.4Sc5.6O9
2124,Pt0.35Sc6.65O10
2125,Pt0.7Sc6.3O10
2126,Pt1.4Sc5.6O10
2127,Pt0.4Sc7.6O9
2128,Pt0.8Sc7.2O9
2129,Pt1.6Sc6.4O9
2130,Pt0.45Sc8.55O10
2131,Pt0.9Sc8.1O10
2132,Pt1.8Sc7.2O10
2133,Mn0.05Ti0.95O
2134,Mn0.1Ti0.9O
2135,Mn0.2Ti0.8O
2136,Mn0.05Ti0.95O2
2137,Mn0.1Ti0.9O2
2138,Mn0.2Ti0.8O2
2139,Mn0.05Ti0.95O3
2140,Mn0.1Ti0.9O3
2141,Mn0.2Ti0.8O3
2142,Mn0.05Ti0.95O4
2143,Mn0.1Ti0.9O4
2144,Mn0.2Ti0.8O4
2145,Mn0.05Ti0.95O5
2146,Mn0.1Ti0.9O5
2147,Mn0.2Ti0.8O5
2148,Mn0.05Ti0.95O6
2149,Mn0.1Ti0.9O6
2150,Mn0.2Ti0.8O6
2151,Mn0.05Ti0.95O7
2152,Mn0.1Ti0.9O7
2153,Mn0.2Ti0.8O7
2154,Mn0.05Ti0.95O8
2155,Mn0.1Ti0.9O8
2156,Mn0.2Ti0.8O8
2157,Mn0.05Ti0.95O9
2158,Mn0.1Ti0.9O9
2159,Mn0.2Ti0.8O9
2160,Mn0.05Ti0.95O10
2161,Mn0.1Ti0.9O10
2162,Mn0.2Ti0.8O10
2163,Mn0.1Ti1.9O3
2164,Mn0.2Ti1.8O3
2165,Mn0.4Ti1.6O3
2166,Mn0.1Ti1.9O5
2167,Mn0.2Ti1.8O5
2168,Mn0.4Ti1.6O5
2169,Mn0.1Ti1.9O7
2170,Mn0.2Ti1.8O7
2171,Mn0.4Ti1.6O7
2172,Mn0.1Ti1.9O9
2173,Mn0.2Ti1.8O9
2174,Mn0.4Ti1.6O9
2175,Mn0.15Ti2.85O4
2176,Mn0.3Ti2.7O4
2177,Mn0.6Ti2.4O4
2178,Mn0.15Ti2.85O5
2179,Mn0.3Ti2.7O5
2180,Mn0.6Ti2.4O5
2181,Mn0.15Ti2.85O7
2182,Mn0.3Ti2.7O7
2183,Mn0.6Ti2.4O7
2184,Mn0.15Ti2.85O8
2185,Mn0.3Ti2.7O8
2186,Mn0.6Ti2.4O8
2187,Mn0.15Ti2.85O10
2188,Mn0.3Ti2.7O10
2189,Mn0.6Ti2.4O10
2190,Mn0.2Ti3.8O5
2191,Mn0.4Ti3.6O5
2192,Mn0.8Ti3.2O5
2193,Mn0.2Ti3.8O7
2194,Mn0.4Ti3.6O7
2195,Mn0.8Ti3.2O7
2196,Mn0.2Ti3.8O9
2197,Mn0.4Ti3.6O9
2198,Mn0.8Ti3.2O9
2199,Mn0.25Ti4.75O6
2200,Mn0.5Ti4.5O6
2201,MnTiO6
2202,Mn0.25Ti4.75O7
2203,Mn0.5Ti4.5O7
2204,MnTiO7
2205,Mn0.25Ti4.75O8
2206,Mn0.5Ti4.5O8
2207,MnTiO8
2208,Mn0.25Ti4.75O9
2209,Mn0.5Ti4.5O9
2210,MnTiO9
2211,Mn0.3Ti5.7O7
2212,Mn0.6Ti5.4O7
2213,Mn1.2Ti4.8O7
2214,Mn0.35Ti6.65O8
2215,Mn0.7Ti6.3O8
2216,Mn1.4Ti5.6O8
2217,Mn0.35Ti6.65O9
2218,Mn0.7Ti6.3O9
2219,Mn1.4Ti5.6O9
2220,Mn0.35Ti6.65O10
2221,Mn0.7Ti6.3O10
2222,Mn1.4Ti5.6O10
2223,Mn0.4Ti7.6O9
2224,Mn0.8Ti7.2O9
2225,Mn1.6Ti6.4O9
2226,Mn0.45Ti8.55O10
2227,Mn0.9Ti8.1O10
2228,Mn1.8Ti7.2O10
2229,Fe0.05Ti0.95O
2230,Fe0.1Ti0.9O
2231,Fe0.2Ti0.8O
2232,Fe0.05Ti0.95O2
2233,Fe0.1Ti0.9O2
2234,Fe0.2Ti0.8O2
2235,Fe0.05Ti0.95O3
2236,Fe0.1Ti0.9O3
2237,Fe0.2Ti0.8O3
2238,Fe0.05Ti0.95O4
2239,Fe0.1Ti0.9O4
2240,Fe0.2Ti0.8O4
2241,Fe0.05Ti0.95O5
2242,Fe0.1Ti0.9O5
2243,Fe0.2Ti0.8O5
2244,Fe0.05Ti0.95O6
2245,Fe0.1Ti0.9O6
2246,Fe0.2Ti0.8O6
2247,Fe0.05Ti0.95O7
2248,Fe0.1Ti0.9O7
2249,Fe0.2Ti0.8O7
2250,Fe0.05Ti0.95O8
2251,Fe0.1Ti0.9O8
2252,Fe0.2Ti0.8O8
2253,Fe0.05Ti0.95O9
2254,Fe0.1Ti0.9O9
2255,Fe0.2Ti0.8O9
2256,Fe0.05Ti0.95O10
2257,Fe0.1Ti0.9O10
2258,Fe0.2Ti0.8O10
2259,Fe0.1Ti1.9O3
2260,Fe0.2Ti1.8O3
2261,Fe0.4Ti1.6O3
2262,Fe0.1Ti1.9O5
2263,Fe0.2Ti1.8O5
2264,Fe0.4Ti1.6O5
2265,Fe0.1Ti1.9O7
2266,Fe0.2Ti1.8O7
2267,Fe0.4Ti1.6O7
2268,Fe0.1Ti1.9O9
2269,Fe0.2Ti1.8O9
2270,Fe0.4Ti1.6O9
2271,Fe0.15Ti2.85O4
2272,Fe0.3Ti2.7O4
2273,Fe0.6Ti2.4O4
2274,Fe0.15Ti2.85O5
2275,Fe0.3Ti2.7O5
2276,Fe0.6Ti2.4O5
2277,Fe0.15Ti2.85O7
2278,Fe0.3Ti2.7O7
2279,Fe0.6Ti2.4O7
2280,Fe0.15Ti2.85O8
2281,Fe0.3Ti2.7O8
2282,Fe0.6Ti2.4O8
2283,Fe0.15Ti2.85O10
2284,Fe0.3Ti2.7O10
2285,Fe0.6Ti2.4O10
2286,Fe0.2Ti3.8O5
2287,Fe0.4Ti3.6O5
2288,Fe0.8Ti3.2O5
2289,Fe0.2Ti3.8O7
2290,Fe0.4Ti3.6O7
2291,Fe0.8Ti3.2O7
2292,Fe0.2Ti3.8O9
2293,Fe0.4Ti3.6O9
2294,Fe0.8Ti3.2O9
2295,Fe0.25Ti4.75O6
2296,Fe0.5Ti4.5O6
2297,FeTiO6
2298,Fe0.25Ti4.75O7
2299,Fe0.5Ti4.5O7
2300,FeTiO7
2301,Fe0.25Ti4.75O8
2302,Fe0.5Ti4.5O8
2303,FeTiO8
2304,Fe0.25Ti4.75O9
2305,Fe0.5Ti4.5O9
2306,FeTiO9
2307,Fe0.3Ti5.7O7
2308,Fe0.6Ti5.4O7
2309,Fe1.2Ti4.8O7
2310,Fe0.35Ti6.65O8
2311,Fe0.7Ti6.3O8
2312,Fe1.4Ti5.6O8
2313,Fe0.35Ti6.65O9
2314,Fe0.7Ti6.3O9
2315,Fe1.4Ti5.6O9
2316,Fe0.35Ti6.65O10
2317,Fe0.7Ti6.3O10
2318,Fe1.4Ti5.6O10
2319,Fe0.4Ti7.6O9
2320,Fe0.8Ti7.2O9
2321,Fe1.6Ti6.4O9
2322,Fe0.45Ti8.55O10
2323,Fe0.9Ti8.1O10
2324,Fe1.8Ti7.2O10
2325,Co0.05Ti0.95O
2326,Co0.1Ti0.9O
2327,Co0.2Ti0.8O
2328,Co0.05Ti0.95O2
2329,Co0.1Ti0.9O2
2330,Co0.2Ti0.8O2
2331,Co0.05Ti0.95O3
2332,Co0.1Ti0.9O3
2333,Co0.2Ti0.8O3
2334,Co0.05Ti0.95O4
2335,Co0.1Ti0.9O4
2336,Co0.2Ti0.8O4
2337,Co0.05Ti0.95O5
2338,Co0.1Ti0.9O5
2339,Co0.2Ti0.8O5
2340,Co0.05Ti0.95O6
2341,Co0.1Ti0.9O6
2342,Co0.2Ti0.8O6
2343,Co0.05Ti0.95O7
2344,Co0.1Ti0.9O7
2345,Co0.2Ti0.8O7
2346,Co0.05Ti0.95O8
2347,Co0.1Ti0.9O8
2348,Co0.2Ti0.8O8
2349,Co0.05Ti0.95O9
2350,Co0.1Ti0.9O9
2351,Co0.2Ti0.8O9
2352,Co0.05Ti0.95O10
2353,Co0.1Ti0.9O10
2354,Co0.2Ti0.8O10
2355,Co0.1Ti1.9O3
2356,Co0.2Ti1.8O3
2357,Co0.4Ti1.6O3
2358,Co0.1Ti1.9O5
2359,Co0.2Ti1.8O5
2360,Co0.4Ti1.6O5
2361,Co0.1Ti1.9O7
2362,Co0.2Ti1.8O7
2363,Co0.4Ti1.6O7
2364,Co0.1Ti1.9O9
2365,Co0.2Ti1.8O9
2366,Co0.4Ti1.6O9
2367,Co0.15Ti2.85O4
2368,Co0.3Ti2.7O4
2369,Co0.6Ti2.4O4
2370,Co0.15Ti2.85O5
2371,Co0.3Ti2.7O5
2372,Co0.6Ti2.4O5
2373,Co0.15Ti2.85O7
2374,Co0.3Ti2.7O7
2375,Co0.6Ti2.4O7
2376,Co0.15Ti2.85O8
2377,Co0.3Ti2.7O8
2378,Co0.6Ti2.4O8
2379,Co0.15Ti2.85O10
2380,Co0.3Ti2.7O10
2381,Co0.6Ti2.4O10
2382,Co0.2Ti3.8O5
2383,Co0.4Ti3.6O5
2384,Co0.8Ti3.2O5
2385,Co0.2Ti3.8O7
2386,Co0.4Ti3.6O7
2387,Co0.8Ti3.2O7
2388,Co0.2Ti3.8O9
2389,Co0.4Ti3.6O9
2390,Co0.8Ti3.2O9
2391,Co0.25Ti4.75O6
2392,Co0.5Ti4.5O6
2393,CoTiO6
2394,Co0.25Ti4.75O7
2395,Co0.5Ti4.5O7
2396,CoTiO7
2397,Co0.25Ti4.75O8
2398,Co0.5Ti4.5O8
2399,CoTiO8
2400,Co0.25Ti4.75O9
2401,Co0.5Ti4.5O9
2402,CoTiO9
2403,Co0.3Ti5.7O7
2404,Co0.6Ti5.4O7
2405,Co1.2Ti4.8O7
2406,Co0.35Ti6.65O8
2407,Co0.7Ti6.3O8
2408,Co1.4Ti5.6O8
2409,Co0.35Ti6.65O9
2410,Co0.7Ti6.3O9
2411,Co1.4Ti5.6O9
2412,Co0.35Ti6.65O10
2413,Co0.7Ti6.3O10
2414,Co1.4Ti5.6O10
2415,Co0.4Ti7.6O9
2416,Co0.8Ti7.2O9
2417,Co1.6Ti6.4O9
2418,Co0.45Ti8.55O10
2419,Co0.9Ti8.1O10
2420,Co1.8Ti7.2O10
2421,Ni0.05Ti0.95O
2422,Ni0.1Ti0.9O
2423,Ni0.2Ti0.8O
2424,Ni0.05Ti0.95O2
2425,Ni0.1Ti0.9O2
2426,Ni0.2Ti0.8O2
2427,Ni0.05Ti0.95O3
2428,Ni0.1Ti0.9O3
2429,Ni0.2Ti0.8O3
2430,Ni0.05Ti0.95O4
2431,Ni0.1Ti0.9O4
2432,Ni0.2Ti0.8O4
2433,Ni0.05Ti0.95O5
2434,Ni0.1Ti0.9O5
2435,Ni0.2Ti0.8O5
2436,Ni0.05Ti0.95O6
2437,Ni0.1Ti0.9O6
2438,Ni0.2Ti0.8O6
2439,Ni0.05Ti0.95O7
2440,Ni0.1Ti0.9O7
2441,Ni0.2Ti0.8O7
2442,Ni0.05Ti0.95O8
2443,Ni0.1Ti0.9O8
2444,Ni0.2Ti0.8O8
2445,Ni0.05Ti0.95O9
2446,Ni0.1Ti0.9O9
2447,Ni0.2Ti0.8O9
2448,Ni0.05Ti0.95O10
2449,Ni0.1Ti0.9O10
2450,Ni0.2Ti0.8O10
2451,Ni0.1Ti1.9O3
2452,Ni0.2Ti1.8O3
2453,Ni0.4Ti1.6O3
2454,Ni0.1Ti1.9O5
2455,Ni0.2Ti1.8O5
2456,Ni0.4Ti1.6O5
2457,Ni0.1Ti1.9O7
2458,Ni0.2Ti1.8O7
2459,Ni0.4Ti1.6O7
2460,Ni0.1Ti1.9O9
2461,Ni0.2Ti1.8O9
2462,Ni0.4Ti1.6O9
2463,Ni0.15Ti2.85O4
2464,Ni0.3Ti2.7O4
2465,Ni0.6Ti2.4O4
2466,Ni0.15Ti2.85O5
2467,Ni0.3Ti2.7O5
2468,Ni0.6Ti2.4O5
2469,Ni0.15Ti2.85O7
2470,Ni0.3Ti2.7O7
2471,Ni0.6Ti2.4O7
2472,Ni0.15Ti2.85O8
2473,Ni0.3Ti2.7O8
2474,Ni0.6Ti2.4O8
2475,Ni0.15Ti2.85O10
2476,Ni0.3Ti2.7O10
2477,Ni0.6Ti2.4O10
2478,Ni0.2Ti3.8O5
2479,Ni0.4Ti3.6O5
2480,Ni0.8Ti3.2O5
2481,Ni0.2Ti3.8O7
2482,Ni0.4Ti3.6O7
2483,Ni0.8Ti3.2O7
2484,Ni0.2Ti3.8O9
2485,Ni0.4Ti3.6O9
2486,Ni0.8Ti3.2O9
2487,Ni0.25Ti4.75O6
2488,Ni0.5Ti4.5O6
2489,NiTiO6
2490,Ni0.25Ti4.75O7
2491,Ni0.5Ti4.5O7
2492,NiTiO7
2493,Ni0.25Ti4.75O8
2494,Ni0.5Ti4.5O8
2495,NiTiO8
2496,Ni0.25Ti4.75O9
2497,Ni0.5Ti4.5O9
2498,NiTiO9
2499,Ni0.3Ti5.7O7
2500,Ni0.6Ti5.4O7
2501,Ni1.2Ti4.8O7
2502,Ni0.35Ti6.65O8
2503,Ni0.7Ti6.3O8
2504,Ni1.4Ti5.6O8
2505,Ni0.35Ti6.65O9
2506,Ni0.7Ti6.3O9
2507,Ni1.4Ti5.6O9
2508,Ni0.35Ti6.65O10
2509,Ni0.7Ti6.3O10
2510,Ni1.4Ti5.6O10
2511,Ni0.4Ti7.6O9
2512,Ni0.8Ti7.2O9
2513,Ni1.6Ti6.4O9
2514,Ni0.45Ti8.55O10
2515,Ni0.9Ti8.1O10
2516,Ni1.8Ti7.2O10
2517,Ru0.05Ti0.95O
2518,Ru0.1Ti0.9O
2519,Ru0.2Ti0.8O
2520,Ru0.05Ti0.95O2
2521,Ru0.1Ti0.9O2
2522,Ru0.2Ti0.8O2
2523,Ru0.05Ti0.95O3
2524,Ru0.1Ti0.9O3
2525,Ru0.2Ti0.8O3
2526,Ru0.05Ti0.95O4
2527,Ru0.1Ti0.9O4
2528,Ru0.2Ti0.8O4
2529,Ru0.05Ti0.95O5
2530,Ru0.1Ti0.9O5
2531,Ru0.2Ti0.8O5
2532,Ru0.05Ti0.95O6
2533,Ru0.1Ti0.9O6
2534,Ru0.2Ti0.8O6
2535,Ru0.05Ti0.95O7
2536,Ru0.1Ti0.9O7
2537,Ru0.2Ti0.8O7
2538,Ru0.05Ti0.95O8
2539,Ru0.1Ti0.9O8
2540,Ru0.2Ti0.8O8
2541,Ru0.05Ti0.95O9
2542,Ru0.1Ti0.9O9
2543,Ru0.2Ti0.8O9
2544,Ru0.05Ti0.95O10
2545,Ru0.1Ti0.9O10
2546,Ru0.2Ti0.8O10
2547,Ru0.1Ti1.9O3
2548,Ru0.2Ti1.8O3
2549,Ru0.4Ti1.6O3
2550,Ru0.1Ti1.9O5
2551,Ru0.2Ti1.8O5
2552,Ru0.4Ti1.6O5
2553,Ru0.1Ti1.9O7
2554,Ru0.2Ti1.8O7
2555,Ru0.4Ti1.6O7
2556,Ru0.1Ti1.9O9
2557,Ru0.2Ti1.8O9
2558,Ru0.4Ti1.6O9
2559,Ru0.15Ti2.85O4
2560,Ru0.3Ti2.7O4
2561,Ru0.6Ti2.4O4
2562,Ru0.15Ti2.85O5
2563,Ru0.3Ti2.7O5
2564,Ru0.6Ti2.4O5
2565,Ru0.15Ti2.85O7
2566,Ru0.3Ti2.7O7
2567,Ru0.6Ti2.4O7
2568,Ru0.15Ti2.85O8
2569,Ru0.3Ti2.7O8
2570,Ru0.6Ti2.4O8
2571,Ru0.15Ti2.85O10
2572,Ru0.3Ti2.7O10
2573,Ru0.6Ti2.4O10
2574,Ru0.2Ti3.8O5
2575,Ru0.4Ti3.6O5
2576,Ru0.8Ti3.2O5
2577,Ru0.2Ti3.8O7
2578,Ru0.4Ti3.6O7
2579,Ru0.8Ti3.2O7
2580,Ru0.2Ti3.8O9
2581,Ru0.4Ti3.6O9
2582,Ru0.8Ti3.2O9
2583,Ru0.25Ti4.75O6
2584,Ru0.5Ti4.5O6
2585,RuTiO6
2586,Ru0.25Ti4.75O7
2587,Ru0.5Ti4.5O7
2588,RuTiO7
2589,Ru0.25Ti4.75O8
2590,Ru0.5Ti4.5O8
2591,RuTiO8
2592,Ru0.25Ti4.75O9
2593,Ru0.5Ti4.5O9
2594,RuTiO9
2595,Ru0.3Ti5.7O7
2596,Ru0.6Ti5.4O7
2597,Ru1.2Ti4.8O7
2598,Ru0.35Ti6.65O8
2599,Ru0.7Ti6.3O8
2600,Ru1.4Ti5.6O8
2601,Ru0.35Ti6.65O9
2602,Ru0.7Ti6.3O9
2603,Ru1.4Ti5.6O9
2604,Ru0.35Ti6.65O10
2605,Ru0.7Ti6.3O10
2606,Ru1.4Ti5.6O10
2607,Ru0.4Ti7.6O9
2608,Ru0.8Ti7.2O9
2609,Ru1.6Ti6.4O9
2610,Ru0.45Ti8.55O10
2611,Ru0.9Ti8.1O10
2612,Ru1.8Ti7.2O10
2613,Pd0.05Ti0.95O
2614,Pd0.1Ti0.9O
2615,Pd0.2Ti0.8O
2616,Pd0.05Ti0.95O2
2617,Pd0.1Ti0.9O2
2618,Pd0.2Ti0.8O2
2619,Pd0.05Ti0.95O3
2620,Pd0.1Ti0.9O3
2621,Pd0.2Ti0.8O3
2622,Pd0.05Ti0.95O4
2623,Pd0.1Ti0.9O4
2624,Pd0.2Ti0.8O4
2625,Pd0.05Ti0.95O5
2626,Pd0.1Ti0.9O5
2627,Pd0.2Ti0.8O5
2628,Pd0.05Ti0.95O6
2629,Pd0.1Ti0.9O6
2630,Pd0.2Ti0.8O6
2631,Pd0.05Ti0.95O7
2632,Pd0.1Ti0.9O7
2633,Pd0.2Ti0.8O7
2634,Pd0.05Ti0.95O8
2635,Pd0.1Ti0.9O8
2636,Pd0.2Ti0.8O8
2637,Pd0.05Ti0.95O9
2638,Pd0.1Ti0.9O9
2639,Pd0.2Ti0.8O9
2640,Pd0.05Ti0.95O10
2641,Pd0.1Ti0.9O10
2642,Pd0.2Ti0.8O10
2643,Pd0.1Ti1.9O3
2644,Pd0.2Ti1.8O3
2645,Pd0.4Ti1.6O3
2646,Pd0.1Ti1.9O5
2647,Pd0.2Ti1.8O5
2648,Pd0.4Ti1.6O5
2649,Pd0.1Ti1.9O7
2650,Pd0.2Ti1.8O7
2651,Pd0.4Ti1.6O7
2652,Pd0.1Ti1.9O9
2653,Pd0.2Ti1.8O9
2654,Pd0.4Ti1.6O9
2655,Pd0.15Ti2.85O4
2656,Pd0.3Ti2.7O4
2657,Pd0.6Ti2.4O4
2658,Pd0.15Ti2.85O5
2659,Pd0.3Ti2.7O5
2660,Pd0.6Ti2.4O5
2661,Pd0.15Ti2.85O7
2662,Pd0.3Ti2.7O7
2663,Pd0.6Ti2.4O7
2664,Pd0.15Ti2.85O8
2665,Pd0.3Ti2.7O8
2666,Pd0.6Ti2.4O8
2667,Pd0.15Ti2.85O10
2668,Pd0.3Ti2.7O10
2669,Pd0.6Ti2.4O10
2670,Pd0.2Ti3.8O5
2671,Pd0.4Ti3.6O5
2672,Pd0.8Ti3.2O5
2673,Pd0.2Ti3.8O7
2674,Pd0.4Ti3.6O7
2675,Pd0.8Ti3.2O7
2676,Pd0.2Ti3.8O9
2677,Pd0.4Ti3.6O9
2678,Pd0.8Ti3.2O9
2679,Pd0.25Ti4.75O6
2680,Pd0.5Ti4.5O6
2681,PdTiO6
2682,Pd0.25Ti4.75O7
2683,Pd0.5Ti4.5O7
2684,PdTiO7
2685,Pd0.25Ti4.75O8
2686,Pd0.5Ti4.5O8
2687,PdTiO8
2688,Pd0.25Ti4.75O9
2689,Pd0.5Ti4.5O9
2690,PdTiO9
2691,Pd0.3Ti5.7O7
2692,Pd0.6Ti5.4O7
2693,Pd1.2Ti4.8O7
2694,Pd0.35Ti6.65O8
2695,Pd0.7Ti6.3O8
2696,Pd1.4Ti5.6O8
2697,Pd0.35Ti6.65O9
2698,Pd0.7Ti6.3O9
2699,Pd1.4Ti5.6O9
2700,Pd0.35Ti6.65O10
2701,Pd0.7Ti6.3O10
2702,Pd1.4Ti5.6O10
2703,Pd0.4Ti7.6O9
2704,Pd0.8Ti7.2O9
2705,Pd1.6Ti6.4O9
2706,Pd0.45Ti8.55O10
2707,Pd0.9Ti8.1O10
2708,Pd1.8Ti7.2O10
2709,Ag0.05Ti0.95O
2710,Ag0.1Ti0.9O
2711,Ag0.2Ti0.8O
2712,Ag0.05Ti0.95O2
2713,Ag0.1Ti0.9O2
2714,Ag0.2Ti0.8O2
2715,Ag0.05Ti0.95O3
2716,Ag0.1Ti0.9O3
2717,Ag0.2Ti0.8O3
2718,Ag0.05Ti0.95O4
2719,Ag0.1Ti0.9O4
2720,Ag0.2Ti0.8O4
2721,Ag0.05Ti0.95O5
2722,Ag0.1Ti0.9O5
2723,Ag0.2Ti0.8O5
2724,Ag0.05Ti0.95O6
2725,Ag0.1Ti0.9O6
2726,Ag0.2Ti0.8O6
2727,Ag0.05Ti0.95O7
2728,Ag0.1Ti0.9O7
2729,Ag0.2Ti0.8O7
2730,Ag0.05Ti0.95O8
2731,Ag0.1Ti0.9O8
2732,Ag0.2Ti0.8O8
2733,Ag0.05Ti0.95O9
2734,Ag0.1Ti0.9O9
2735,Ag0.2Ti0.8O9
2736,Ag0.05Ti0.95O10
2737,Ag0.1Ti0.9O10
2738,Ag0.2Ti0.8O10
2739,Ag0.1Ti1.9O3
2740,Ag0.2Ti1.8O3
2741,Ag0.4Ti1.6O3
2742,Ag0.1Ti1.9O5
2743,Ag0.2Ti1.8O5
2744,Ag0.4Ti1.6O5
2745,Ag0.1Ti1.9O7
2746,Ag0.2Ti1.8O7
2747,Ag0.4Ti1.6O7
2748,Ag0.1Ti1.9O9
2749,Ag0.2Ti1.8O9
2750,Ag0.4Ti1.6O9
2751,Ag0.15Ti2.85O4
2752,Ag0.3Ti2.7O4
2753,Ag0.6Ti2.4O4
2754,Ag0.15Ti2.85O5
2755,Ag0.3Ti2.7O5
2756,Ag0.6Ti2.4O5
2757,Ag0.15Ti2.85O7
2758,Ag0.3Ti2.7O7
2759,Ag0.6Ti2.4O7
2760,Ag0.15Ti2.85O8
2761,Ag0.3Ti2.7O8
2762,Ag0.6Ti2.4O8
2763,Ag0.15Ti2.85O10
2764,Ag0.3Ti2.7O10
2765,Ag0.6Ti2.4O10
2766,Ag0.2Ti3.8O5
2767,Ag0.4Ti3.6O5
2768,Ag0.8Ti3.2O5
2769,Ag0.2Ti3.8O7
2770,Ag0.4Ti3.6O7
2771,Ag0.8Ti3.2O7
2772,Ag0.2Ti3.8O9
2773,Ag0.4Ti3.6O9
2774,Ag0.8Ti3.2O9
2775,Ag0.25Ti4.75O6
2776,Ag0.5Ti4.5O6
2777,AgTiO6
2778,Ag0.25Ti4.75O7
2779,Ag0.5Ti4.5O7
2780,AgTiO7
2781,Ag0.25Ti4.75O8
2782,Ag0.5Ti4.5O8
2783,AgTiO8
2784,Ag0.25Ti4.75O9
2785,Ag0.5Ti4.5O9
2786,AgTiO9
2787,Ag0.3Ti5.7O7
2788,Ag0.6Ti5.4O7
2789,Ag1.2Ti4.8O7
2790,Ag0.35Ti6.65O8
2791,Ag0.7Ti6.3O8
2792,Ag1.4Ti5.6O8
2793,Ag0.35Ti6.65O9
2794,Ag0.7Ti6.3O9
2795,Ag1.4Ti5.6O9
2796,Ag0.35Ti6.65O10
2797,Ag0.7Ti6.3O10
2798,Ag1.4Ti5.6O10
2799,Ag0.4Ti7.6O9
2800,Ag0.8Ti7.2O9
2801,Ag1.6Ti6.4O9
2802,Ag0.45Ti8.55O10
2803,Ag0.9Ti8.1O10
2804,Ag1.8Ti7.2O10
2805,Pt0.05Ti0.95O
2806,Pt0.1Ti0.9O
2807,Pt0.2Ti0.8O
2808,Pt0.05Ti0.95O2
2809,Pt0.1Ti0.9O2
2810,Pt0.2Ti0.8O2
2811,Pt0.05Ti0.95O3
2812,Pt0.1Ti0.9O3
2813,Pt0.2Ti0.8O3
2814,Pt0.05Ti0.95O4
2815,Pt0.1Ti0.9O4
2816,Pt0.2Ti0.8O4
2817,Pt0.05Ti0.95O5
2818,Pt0.1Ti0.9O5
2819,Pt0.2Ti0.8O5
2820,Pt0.05Ti0.95O6
2821,Pt0.1Ti0.9O6
2822,Pt0.2Ti0.8O6
2823,Pt0.05Ti0.95O7
2824,Pt0.1Ti0.9O7
2825,Pt0.2Ti0.8O7
2826,Pt0.05Ti0.95O8
2827,Pt0.1Ti0.9O8
2828,Pt0.2Ti0.8O8
2829,Pt0.05Ti0.95O9
2830,Pt0.1Ti0.9O9
2831,Pt0.2Ti0.8O9
2832,Pt0.05Ti0.95O10
2833,Pt0.1Ti0.9O10
2834,Pt0.2Ti0.8O10
2835,Pt0.1Ti1.9O3
2836,Pt0.2Ti1.8O3
2837,Pt0.4Ti1.6O3
2838,Pt0.1Ti1.9O5
2839,Pt0.2Ti1.8O5
2840,Pt0.4Ti1.6O5
2841,Pt0.1Ti1.9O7
2842,Pt0.2Ti1.8O7
2843,Pt0.4Ti1.6O7
2844,Pt0.1Ti1.9O9
2845,Pt0.2Ti1.8O9
2846,Pt0.4Ti1.6O9
2847,Pt0.15Ti2.85O4
2848,Pt0.3Ti2.7O4
2849,Pt0.6Ti2.4O4
2850,Pt0.15Ti2.85O5
2851,Pt0.3Ti2.7O5
2852,Pt0.6Ti2.4O5
2853,Pt0.15Ti2.85O7
2854,Pt0.3Ti2.7O7
2855,Pt0.6Ti2.4O7
2856,Pt0.15Ti2.85O8
2857,Pt0.3Ti2.7O8
2858,Pt0.6Ti2.4O8
2859,Pt0.15Ti2.85O10
2860,Pt0.3Ti2.7O10
2861,Pt0.6Ti2.4O10
2862,Pt0.2Ti3.8O5
2863,Pt0.4Ti3.6O5
2864,Pt0.8Ti3.2O5
2865,Pt0.2Ti3.8O7
2866,Pt0.4Ti3.6O7
2867,Pt0.8Ti3.2O7
2868,Pt0.2Ti3.8O9
2869,Pt0.4Ti3.6O9
2870,Pt0.8Ti3.2O9
2871,Pt0.25Ti4.75O6
2872,Pt0.5Ti4.5O6
2873,PtTiO6
2874,Pt0.25Ti4.75O7
2875,Pt0.5Ti4.5O7
2876,PtTiO7
2877,Pt0.25Ti4.75O8
2878,Pt0.5Ti4.5O8
2879,PtTiO8
2880,Pt0.25Ti4.75O9
2881,Pt0.5Ti4.5O9
2882,PtTiO9
2883,Pt0.3Ti5.7O7
2884,Pt0.6Ti5.4O7
2885,Pt1.2Ti4.8O7
2886,Pt0.35Ti6.65O8
2887,Pt0.7Ti6.3O8
2888,Pt1.4Ti5.6O8
2889,Pt0.35Ti6.65O9
2890,Pt0.7Ti6.3O9
2891,Pt1.4Ti5.6O9
2892,Pt0.35Ti6.65O10
2893,Pt0.7Ti6.3O10
2894,Pt1.4Ti5.6O10
2895,Pt0.4Ti7.6O9
2896,Pt0.8Ti7.2O9
2897,Pt1.6Ti6.4O9
2898,Pt0.45Ti8.55O10
2899,Pt0.9Ti8.1O10
2900,Pt1.8Ti7.2O10
2901,Mn0.05V0.95O
2902,Mn0.1V0.9O
2903,Mn0.2V0.8O
2904,Mn0.05V0.95O2
2905,Mn0.1V0.9O2
2906,Mn0.2V0.8O2
2907,Mn0.05V0.95O3
2908,Mn0.1V0.9O3
2909,Mn0.2V0.8O3
2910,Mn0.05V0.95O4
2911,Mn0.1V0.9O4
2912,Mn0.2V0.8O4
2913,Mn0.05V0.95O5
2914,Mn0.1V0.9O5
2915,Mn0.2V0.8O5
2916,Mn0.05V0.95O6
2917,Mn0.1V0.9O6
2918,Mn0.2V0.8O6
2919,Mn0.05V0.95O7
2920,Mn0.1V0.9O7
2921,Mn0.2V0.8O7
2922,Mn0.05V0.95O8
2923,Mn0.1V0.9O8
2924,Mn0.2V0.8O8
2925,Mn0.05V0.95O9
2926,Mn0.1V0.9O9
2927,Mn0.2V0.8O9
2928,Mn0.05V0.95O10
2929,Mn0.1V0.9O10
2930,Mn0.2V0.8O10
2931,Mn0.1V1.9O3
2932,Mn0.2V1.8O3
2933,Mn0.4V1.6O3
2934,Mn0.1V1.9O5
2935,Mn0.2V1.8O5
2936,Mn0.4V1.6O5
2937,Mn0.1V1.9O7
2938,Mn0.2V1.8O7
2939,Mn0.4V1.6O7
2940,Mn0.1V1.9O9
2941,Mn0.2V1.8O9
2942,Mn0.4V1.6O9
2943,Mn0.15V2.85O4
2944,Mn0.3V2.7O4
2945,Mn0.6V2.4O4
2946,Mn0.15V2.85O5
2947,Mn0.3V2.7O5
2948,Mn0.6V2.4O5
2949,Mn0.15V2.85O7
2950,Mn0.3V2.7O7
2951,Mn0.6V2.4O7
2952,Mn0.15V2.85O8
2953,Mn0.3V2.7O8
2954,Mn0.6V2.4O8
2955,Mn0.15V2.85O10
2956,Mn0.3V2.7O10
2957,Mn0.6V2.4O10
2958,Mn0.2V3.8O5
2959,Mn0.4V3.6O5
2960,Mn0.8V3.2O5
2961,Mn0.2V3.8O7
2962,Mn0.4V3.6O7
2963,Mn0.8V3.2O7
2964,Mn0.2V3.8O9
2965,Mn0.4V3.6O9
2966,Mn0.8V3.2O9
2967,Mn0.25V4.75O6
2968,Mn0.5V4.5O6
2969,MnVO6
2970,Mn0.25V4.75O7
2971,Mn0.5V4.5O7
2972,MnVO7
2973,Mn0.25V4.75O8
2974,Mn0.5V4.5O8
2975,MnVO8
2976,Mn0.25V4.75O9
2977,Mn0.5V4.5O9
2978,MnVO9
2979,Mn0.3V5.7O7
2980,Mn0.6V5.4O7
2981,Mn1.2V4.8O7
2982,Mn0.35V6.65O8
2983,Mn0.7V6.3O8
2984,Mn1.4V5.6O8
2985,Mn0.35V6.65O9
2986,Mn0.7V6.3O9
2987,Mn1.4V5.6O9
2988,Mn0.35V6.65O10
2989,Mn0.7V6.3O10
2990,Mn1.4V5.6O10
2991,Mn0.4V7.6O9
2992,Mn0.8V7.2O9
2993,Mn1.6V6.4O9
2994,Mn0.45V8.55O10
2995,Mn0.9V8.1O10
2996,Mn1.8V7.2O10
2997,Fe0.05V0.95O
2998,Fe0.1V0.9O
2999,Fe0.2V0.8O
3000,Fe0.05V0.95O2
3001,Fe0.1V0.9O2
3002,Fe0.2V0.8O2
3003,Fe0.05V0.95O3
3004,Fe0.1V0.9O3
3005,Fe0.2V0.8O3
3006,Fe0.05V0.95O4
3007,Fe0.1V0.9O4
3008,Fe0.2V0.8O4
3009,Fe0.05V0.95O5
3010,Fe0.1V0.9O5
3011,Fe0.2V0.8O5
3012,Fe0.05V0.95O6
3013,Fe0.1V0.9O6
3014,Fe0.2V0.8O6
3015,Fe0.05V0.95O7
3016,Fe0.1V0.9O7
3017,Fe0.2V0.8O7
3018,Fe0.05V0.95O8
3019,Fe0.1V0.9O8
3020,Fe0.2V0.8O8
3021,Fe0.05V0.95O9
3022,Fe0.1V0.9O9
3023,Fe0.2V0.8O9
3024,Fe0.05V0.95O10
3025,Fe0.1V0.9O10
3026,Fe0.2V0.8O10
3027,Fe0.1V1.9O3
3028,Fe0.2V1.8O3
3029,Fe0.4V1.6O3
3030,Fe0.1V1.9O5
3031,Fe0.2V1.8O5
3032,Fe0.4V1.6O5
3033,Fe0.1V1.9O7
3034,Fe0.2V1.8O7
3035,Fe0.4V1.6O7
3036,Fe0.1V1.9O9
3037,Fe0.2V1.8O9
3038,Fe0.4V1.6O9
3039,Fe0.15V2.85O4
3040,Fe0.3V2.7O4
3041,Fe0.6V2.4O4
3042,Fe0.15V2.85O5
3043,Fe0.3V2.7O5
3044,Fe0.6V2.4O5
3045,Fe0.15V2.85O7
3046,Fe0.3V2.7O7
3047,Fe0.6V2.4O7
3048,Fe0.15V2.85O8
3049,Fe0.3V2.7O8
3050,Fe0.6V2.4O8
3051,Fe0.15V2.85O10
3052,Fe0.3V2.7O10
3053,Fe0.6V2.4O10
3054,Fe0.2V3.8O5
3055,Fe0.4V3.6O5
3056,Fe0.8V3.2O5
3057,Fe0.2V3.8O7
3058,Fe0.4V3.6O7
3059,Fe0.8V3.2O7
3060,Fe0.2V3.8O9
3061,Fe0.4V3.6O9
3062,Fe0.8V3.2O9
3063,Fe0.25V4.75O6
3064,Fe0.5V4.5O6
3065,FeVO6
3066,Fe0.25V4.75O7
3067,Fe0.5V4.5O7
3068,FeVO7
3069,Fe0.25V4.75O8
3070,Fe0.5V4.5O8
3071,FeVO8
3072,Fe0.25V4.75O9
3073,Fe0.5V4.5O9
3074,FeVO9
3075,Fe0.3V5.7O7
3076,Fe0.6V5.4O7
3077,Fe1.2V4.8O7
3078,Fe0.35V6.65O8
3079,Fe0.7V6.3O8
3080,Fe1.4V5.6O8
3081,Fe0.35V6.65O9
3082,Fe0.7V6.3O9
3083,Fe1.4V5.6O9
3084,Fe0.35V6.65O10
3085,Fe0.7V6.3O10
3086,Fe1.4V5.6O10
3087,Fe0.4V7.6O9
3088,Fe0.8V7.2O9
3089,Fe1.6V6.4O9
3090,Fe0.45V8.55O10
3091,Fe0.9V8.1O10
3092,Fe1.8V7.2O10
3093,Co0.05V0.95O
3094,Co0.1V0.9O
3095,Co0.2V0.8O
3096,Co0.05V0.95O2
3097,Co0.1V0.9O2
3098,Co0.2V0.8O2
3099,Co0.05V0.95O3
3100,Co0.1V0.9O3
3101,Co0.2V0.8O3
3102,Co0.05V0.95O4
3103,Co0.1V0.9O4
3104,Co0.2V0.8O4
3105,Co0.05V0.95O5
3106,Co0.1V0.9O5
3107,Co0.2V0.8O5
3108,Co0.05V0.95O6
3109,Co0.1V0.9O6
3110,Co0.2V0.8O6
3111,Co0.05V0.95O7
3112,Co0.1V0.9O7
3113,Co0.2V0.8O7
3114,Co0.05V0.95O8
3115,Co0.1V0.9O8
3116,Co0.2V0.8O8
3117,Co0.05V0.95O9
3118,Co0.1V0.9O9
3119,Co0.2V0.8O9
3120,Co0.05V0.95O10
3121,Co0.1V0.9O10
3122,Co0.2V0.8O10
3123,Co0.1V1.9O3
3124,Co0.2V1.8O3
3125,Co0.4V1.6O3
3126,Co0.1V1.9O5
3127,Co0.2V1.8O5
3128,Co0.4V1.6O5
3129,Co0.1V1.9O7
3130,Co0.2V1.8O7
3131,Co0.4V1.6O7
3132,Co0.1V1.9O9
3133,Co0.2V1.8O9
3134,Co0.4V1.6O9
3135,Co0.15V2.85O4
3136,Co0.3V2.7O4
3137,Co0.6V2.4O4
3138,Co0.15V2.85O5
3139,Co0.3V2.7O5
3140,Co0.6V2.4O5
3141,Co0.15V2.85O7
3142,Co0.3V2.7O7
3143,Co0.6V2.4O7
3144,Co0.15V2.85O8
3145,Co0.3V2.7O8
3146,Co0.6V2.4O8
3147,Co0.15V2.85O10
3148,Co0.3V2.7O10
3149,Co0.6V2.4O10
3150,Co0.2V3.8O5
3151,Co0.4V3.6O5
3152,Co0.8V3.2O5
3153,Co0.2V3.8O7
3154,Co0.4V3.6O7
3155,Co0.8V3.2O7
3156,Co0.2V3.8O9
3157,Co0.4V3.6O9
3158,Co0.8V3.2O9
3159,Co0.25V4.75O6
3160,Co0.5V4.5O6
3161,CoVO6
3162,Co0.25V4.75O7
3163,Co0.5V4.5O7
3164,CoVO7
3165,Co0.25V4.75O8
3166,Co0.5V4.5O8
3167,CoVO8
3168,Co0.25V4.75O9
3169,Co0.5V4.5O9
3170,CoVO9
3171,Co0.3V5.7O7
3172,Co0.6V5.4O7
3173,Co1.2V4.8O7
3174,Co0.35V6.65O8
3175,Co0.7V6.3O8
3176,Co1.4V5.6O8
3177,Co0.35V6.65O9
3178,Co0.7V6.3O9
3179,Co1.4V5.6O9
3180,Co0.35V6.65O10
3181,Co0.7V6.3O10
3182,Co1.4V5.6O10
3183,Co0.4V7.6O9
3184,Co0.8V7.2O9
3185,Co1.6V6.4O9
3186,Co0.45V8.55O10
3187,Co0.9V8.1O10
3188,Co1.8V7.2O10
3189,Ni0.05V0.95O
3190,Ni0.1V0.9O
3191,Ni0.2V0.8O
3192,Ni0.05V0.95O2
3193,Ni0.1V0.9O2
3194,Ni0.2V0.8O2
3195,Ni0.05V0.95O3
3196,Ni0.1V0.9O3
3197,Ni0.2V0.8O3
3198,Ni0.05V0.95O4
3199,Ni0.1V0.9O4
3200,Ni0.2V0.8O4
3201,Ni0.05V0.95O5
3202,Ni0.1V0.9O5
3203,Ni0.2V0.8O5
3204,Ni0.05V0.95O6
3205,Ni0.1V0.9O6
3206,Ni0.2V0.8O6
3207,Ni0.05V0.95O7
3208,Ni0.1V0.9O7
3209,Ni0.2V0.8O7
3210,Ni0.05V0.95O8
3211,Ni0.1V0.9O8
3212,Ni0.2V0.8O8
3213,Ni0.05V0.95O9
3214,Ni0.1V0.9O9
3215,Ni0.2V0.8O9
3216,Ni0.05V0.95O10
3217,Ni0.1V0.9O10
3218,Ni0.2V0.8O10
3219,Ni0.1V1.9O3
3220,Ni0.2V1.8O3
3221,Ni0.4V1.6O3
3222,Ni0.1V1.9O5
3223,Ni0.2V1.8O5
3224,Ni0.4V1.6O5
3225,Ni0.1V1.9O7
3226,Ni0.2V1.8O7
3227,Ni0.4V1.6O7
3228,Ni0.1V1.9O9
3229,Ni0.2V1.8O9
3230,Ni0.4V1.6O9
3231,Ni0.15V2.85O4
3232,Ni0.3V2.7O4
3233,Ni0.6V2.4O4
3234,Ni0.15V2.85O5
3235,Ni0.3V2.7O5
3236,Ni0.6V2.4O5
3237,Ni0.15V2.85O7
3238,Ni0.3V2.7O7
3239,Ni0.6V2.4O7
3240,Ni0.15V2.85O8
3241,Ni0.3V2.7O8
3242,Ni0.6V2.4O8
3243,Ni0.15V2.85O10
3244,Ni0.3V2.7O10
3245,Ni0.6V2.4O10
3246,Ni0.2V3.8O5
3247,Ni0.4V3.6O5
3248,Ni0.8V3.2O5
3249,Ni0.2V3.8O7
3250,Ni0.4V3.6O7
3251,Ni0.8V3.2O7
3252,Ni0.2V3.8O9
3253,Ni0.4V3.6O9
3254,Ni0.8V3.2O9
3255,Ni0.25V4.75O6
3256,Ni0.5V4.5O6
3257,NiVO6
3258,Ni0.25V4.75O7
3259,Ni0.5V4.5O7
3260,NiVO7
3261,Ni0.25V4.75O8
3262,Ni0.5V4.5O8
3263,NiVO8
3264,Ni0.25V4.75O9
3265,Ni0.5V4.5O9
3266,NiVO9
3267,Ni0.3V5.7O7
3268,Ni0.6V5.4O7
3269,Ni1.2V4.8O7
3270,Ni0.35V6.65O8
3271,Ni0.7V6.3O8
3272,Ni1.4V5.6O8
3273,Ni0.35V6.65O9
3274,Ni0.7V6.3O9
3275,Ni1.4V5.6O9
3276,Ni0.35V6.65O10
3277,Ni0.7V6.3O10
3278,Ni1.4V5.6O10
3279,Ni0.4V7.6O9
3280,Ni0.8V7.2O9
3281,Ni1.6V6.4O9
3282,Ni0.45V8.55O10
3283,Ni0.9V8.1O10
3284,Ni1.8V7.2O10
3285,Ru0.05V0.95O
3286,Ru0.1V0.9O
3287,Ru0.2V0.8O
3288,Ru0.05V0.95O2
3289,Ru0.1V0.9O2
3290,Ru0.2V0.8O2
3291,Ru0.05V0.95O3
3292,Ru0.1V0.9O3
3293,Ru0.2V0.8O3
3294,Ru0.05V0.95O4
3295,Ru0.1V0.9O4
3296,Ru0.2V0.8O4
3297,Ru0.05V0.95O5
3298,Ru0.1V0.9O5
3299,Ru0.2V0.8O5
3300,Ru0.05V0.95O6
3301,Ru0.1V0.9O6
3302,Ru0.2V0.8O6
3303,Ru0.05V0.95O7
3304,Ru0.1V0.9O7
3305,Ru0.2V0.8O7
3306,Ru0.05V0.95O8
3307,Ru0.1V0.9O8
3308,Ru0.2V0.8O8
3309,Ru0.05V0.95O9
3310,Ru0.1V0.9O9
3311,Ru0.2V0.8O9
3312,Ru0.05V0.95O10
3313,Ru0.1V0.9O10
3314,Ru0.2V0.8O10
3315,Ru0.1V1.9O3
3316,Ru0.2V1.8O3
3317,Ru0.4V1.6O3
3318,Ru0.1V1.9O5
3319,Ru0.2V1.8O5
3320,Ru0.4V1.6O5
3321,Ru0.1V1.9O7
3322,Ru0.2V1.8O7
3323,Ru0.4V1.6O7
3324,Ru0.1V1.9O9
3325,Ru0.2V1.8O9
3326,Ru0.4V1.6O9
3327,Ru0.15V2.85O4
3328,Ru0.3V2.7O4
3329,Ru0.6V2.4O4
3330,Ru0.15V2.85O5
3331,Ru0.3V2.7O5
3332,Ru0.6V2.4O5
3333,Ru0.15V2.85O7
3334,Ru0.3V2.7O7
3335,Ru0.6V2.4O7
3336,Ru0.15V2.85O8
3337,Ru0.3V2.7O8
3338,Ru0.6V2.4O8
3339,Ru0.15V2.85O10
3340,Ru0.3V2.7O10
3341,Ru0.6V2.4O10
3342,Ru0.2V3.8O5
3343,Ru0.4V3.6O5
3344,Ru0.8V3.2O5
3345,Ru0.2V3.8O7
3346,Ru0.4V3.6O7
3347,Ru0.8V3.2O7
3348,Ru0.2V3.8O9
3349,Ru0.4V3.6O9
3350,Ru0.8V3.2O9
3351,Ru0.25V4.75O6
3352,Ru0.5V4.5O6
3353,RuVO6
3354,Ru0.25V4.75O7
3355,Ru0.5V4.5O7
3356,RuVO7
3357,Ru0.25V4.75O8
3358,Ru0.5V4.5O8
3359,RuVO8
3360,Ru0.25V4.75O9
3361,Ru0.5V4.5O9
3362,RuVO9
3363,Ru0.3V5.7O7
3364,Ru0.6V5.4O7
3365,Ru1.2V4.8O7
3366,Ru0.35V6.65O8
3367,Ru0.7V6.3O8
3368,Ru1.4V5.6O8
3369,Ru0.35V6.65O9
3370,Ru0.7V6.3O9
3371,Ru1.4V5.6O9
3372,Ru0.35V6.65O10
3373,Ru0.7V6.3O10
3374,Ru1.4V5.6O10
3375,Ru0.4V7.6O9
3376,Ru0.8V7.2O9
3377,Ru1.6V6.4O9
3378,Ru0.45V8.55O10
3379,Ru0.9V8.1O10
3380,Ru1.8V7.2O10
3381,Pd0.05V0.95O
3382,Pd0.1V0.9O
3383,Pd0.2V0.8O
3384,Pd0.05V0.95O2
3385,Pd0.1V0.9O2
3386,Pd0.2V0.8O2
3387,Pd0.05V0.95O3
3388,Pd0.1V0.9O3
3389,Pd0.2V0.8O3
3390,Pd0.05V0.95O4
3391,Pd0.1V0.9O4
3392,Pd0.2V0.8O4
3393,Pd0.05V0.95O5
3394,Pd0.1V0.9O5
3395,Pd0.2V0.8O5
3396,Pd0.05V0.95O6
3397,Pd0.1V0.9O6
3398,Pd0.2V0.8O6
3399,Pd0.05V0.95O7
3400,Pd0.1V0.9O7
3401,Pd0.2V0.8O7
3402,Pd0.05V0.95O8
3403,Pd0.1V0.9O8
3404,Pd0.2V0.8O8
3405,Pd0.05V0.95O9
3406,Pd0.1V0.9O9
3407,Pd0.2V0.8O9
3408,Pd0.05V0.95O10
3409,Pd0.1V0.9O10
3410,Pd0.2V0.8O10
3411,Pd0.1V1.9O3
3412,Pd0.2V1.8O3
3413,Pd0.4V1.6O3
3414,Pd0.1V1.9O5
3415,Pd0.2V1.8O5
3416,Pd0.4V1.6O5
3417,Pd0.1V1.9O7
3418,Pd0.2V1.8O7
3419,Pd0.4V1.6O7
3420,Pd0.1V1.9O9
3421,Pd0.2V1.8O9
3422,Pd0.4V1.6O9
3423,Pd0.15V2.85O4
3424,Pd0.3V2.7O4
3425,Pd0.6V2.4O4
3426,Pd0.15V2.85O5
3427,Pd0.3V2.7O5
3428,Pd0.6V2.4O5
3429,Pd0.15V2.85O7
3430,Pd0.3V2.7O7
3431,Pd0.6V2.4O7
3432,Pd0.15V2.85O8
3433,Pd0.3V2.7O8
3434,Pd0.6V2.4O8
3435,Pd0.15V2.85O10
3436,Pd0.3V2.7O10
3437,Pd0.6V2.4O10
3438,Pd0.2V3.8O5
3439,Pd0.4V3.6O5
3440,Pd0.8V3.2O5
3441,Pd0.2V3.8O7
3442,Pd0.4V3.6O7
3443,Pd0.8V3.2O7
3444,Pd0.2V3.8O9
3445,Pd0.4V3.6O9
3446,Pd0.8V3.2O9
3447,Pd0.25V4.75O6
3448,Pd0.5V4.5O6
3449,PdVO6
3450,Pd0.25V4.75O7
3451,Pd0.5V4.5O7
3452,PdVO7
3453,Pd0.25V4.75O8
3454,Pd0.5V4.5O8
3455,PdVO8
3456,Pd0.25V4.75O9
3457,Pd0.5V4.5O9
3458,PdVO9
3459,Pd0.3V5.7O7
3460,Pd0.6V5.4O7
3461,Pd1.2V4.8O7
3462,Pd0.35V6.65O8
3463,Pd0.7V6.3O8
3464,Pd1.4V5.6O8
3465,Pd0.35V6.65O9
3466,Pd0.7V6.3O9
3467,Pd1.4V5.6O9
3468,Pd0.35V6.65O10
3469,Pd0.7V6.3O10
3470,Pd1.4V5.6O10
3471,Pd0.4V7.6O9
3472,Pd0.8V7.2O9
3473,Pd1.6V6.4O9
3474,Pd0.45V8.55O10
3475,Pd0.9V8.1O10
3476,Pd1.8V7.2O10
3477,Ag0.05V0.95O
3478,Ag0.1V0.9O
3479,Ag0.2V0.8O
3480,Ag0.05V0.95O2
3481,Ag0.1V0.9O2
3482,Ag0.2V0.8O2
3483,Ag0.05V0.95O3
3484,Ag0.1V0.9O3
3485,Ag0.2V0.8O3
3486,Ag0.05V0.95O4
3487,Ag0.1V0.9O4
3488,Ag0.2V0.8O4
3489,Ag0.05V0.95O5
3490,Ag0.1V0.9O5
3491,Ag0.2V0.8O5
3492,Ag0.05V0.95O6
3493,Ag0.1V0.9O6
3494,Ag0.2V0.8O6
3495,Ag0.05V0.95O7
3496,Ag0.1V0.9O7
3497,Ag0.2V0.8O7
3498,Ag0.05V0.95O8
3499,Ag0.1V0.9O8
3500,Ag0.2V0.8O8
3501,Ag0.05V0.95O9
3502,Ag0.1V0.9O9
3503,Ag0.2V0.8O9
3504,Ag0.05V0.95O10
3505,Ag0.1V0.9O10
3506,Ag0.2V0.8O10
3507,Ag0.1V1.9O3
3508,Ag0.2V1.8O3
3509,Ag0.4V1.6O3
3510,Ag0.1V1.9O5
3511,Ag0.2V1.8O5
3512,Ag0.4V1.6O5
3513,Ag0.1V1.9O7
3514,Ag0.2V1.8O7
3515,Ag0.4V1.6O7
3516,Ag0.1V1.9O9
3517,Ag0.2V1.8O9
3518,Ag0.4V1.6O9
3519,Ag0.15V2.85O4
3520,Ag0.3V2.7O4
3521,Ag0.6V2.4O4
3522,Ag0.15V2.85O5
3523,Ag0.3V2.7O5
3524,Ag0.6V2.4O5
3525,Ag0.15V2.85O7
3526,Ag0.3V2.7O7
3527,Ag0.6V2.4O7
3528,Ag0.15V2.85O8
3529,Ag0.3V2.7O8
3530,Ag0.6V2.4O8
3531,Ag0.15V2.85O10
3532,Ag0.3V2.7O10
3533,Ag0.6V2.4O10
3534,Ag0.2V3.8O5
3535,Ag0.4V3.6O5
3536,Ag0.8V3.2O5
3537,Ag0.2V3.8O7
3538,Ag0.4V3.6O7
3539,Ag0.8V3.2O7
3540,Ag0.2V3.8O9
3541,Ag0.4V3.6O9
3542,Ag0.8V3.2O9
3543,Ag0.25V4.75O6
3544,Ag0.5V4.5O6
3545,AgVO6
3546,Ag0.25V4.75O7
3547,Ag0.5V4.5O7
3548,AgVO7
3549,Ag0.25V4.75O8
3550,Ag0.5V4.5O8
3551,AgVO8
3552,Ag0.25V4.75O9
3553,Ag0.5V4.5O9
3554,AgVO9
3555,Ag0.3V5.7O7
3556,Ag0.6V5.4O7
3557,Ag1.2V4.8O7
3558,Ag0.35V6.65O8
3559,Ag0.7V6.3O8
3560,Ag1.4V5.6O8
3561,Ag0.35V6.65O9
3562,Ag0.7V6.3O9
3563,Ag1.4V5.6O9
3564,Ag0.35V6.65O10
3565,Ag0.7V6.3O10
3566,Ag1.4V5.6O10
3567,Ag0.4V7.6O9
3568,Ag0.8V7.2O9
3569,Ag1.6V6.4O9
3570,Ag0.45V8.55O10
3571,Ag0.9V8.1O10
3572,Ag1.8V7.2O10
3573,Pt0.05V0.95O
3574,Pt0.1V0.9O
3575,Pt0.2V0.8O
3576,Pt0.05V0.95O2
3577,Pt0.1V0.9O2
3578,Pt0.2V0.8O2
3579,Pt0.05V0.95O3
3580,Pt0.1V0.9O3
3581,Pt0.2V0.8O3
3582,Pt0.05V0.95O4
3583,Pt0.1V0.9O4
3584,Pt0.2V0.8O4
3585,Pt0.05V0.95O5
3586,Pt0.1V0.9O5
3587,Pt0.2V0.8O5
3588,Pt0.05V0.95O6
3589,Pt0.1V0.9O6
3590,Pt0.2V0.8O6
3591,Pt0.05V0.95O7
3592,Pt0.1V0.9O7
3593,Pt0.2V0.8O7
3594,Pt0.05V0.95O8
3595,Pt0.1V0.9O8
3596,Pt0.2V0.8O8
3597,Pt0.05V0.95O9
3598,Pt0.1V0.9O9
3599,Pt0.2V0.8O9
3600,Pt0.05V0.95O10
3601,Pt0.1V0.9O10
3602,Pt0.2V0.8O10
3603,Pt0.1V1.9O3
3604,Pt0.2V1.8O3
3605,Pt0.4V1.6O3
3606,Pt0.1V1.9O5
3607,Pt0.2V1.8O5
3608,Pt0.4V1.6O5
3609,Pt0.1V1.9O7
3610,Pt0.2V1.8O7
3611,Pt0.4V1.6O7
3612,Pt0.1V1.9O9
3613,Pt0.2V1.8O9
3614,Pt0.4V1.6O9
3615,Pt0.15V2.85O4
3616,Pt0.3V2.7O4
3617,Pt0.6V2.4O4
3618,Pt0.15V2.85O5
3619,Pt0.3V2.7O5
3620,Pt0.6V2.4O5
3621,Pt0.15V2.85O7
3622,Pt0.3V2.7O7
3623,Pt0.6V2.4O7
3624,Pt0.15V2.85O8
3625,Pt0.3V2.7O8
3626,Pt0.6V2.4O8
3627,Pt0.15V2.85O10
3628,Pt0.3V2.7O10
3629,Pt0.6V2.4O10
3630,Pt0.2V3.8O5
3631,Pt0.4V3.6O5
3632,Pt0.8V3.2O5
3633,Pt0.2V3.8O7
3634,Pt0.4V3.6O7
3635,Pt0.8V3.2O7
3636,Pt0.2V3.8O9
3637,Pt0.4V3.6O9
3638,Pt0.8V3.2O9
3639,Pt0.25V4.75O6
3640,Pt0.5V4.5O6
3641,PtVO6
3642,Pt0.25V4.75O7
3643,Pt0.5V4.5O7
3644,PtVO7
3645,Pt0.25V4.75O8
3646,Pt0.5V4.5O8
3647,PtVO8
3648,Pt0.25V4.75O9
3649,Pt0.5V4.5O9
3650,PtVO9
3651,Pt0.3V5.7O7
3652,Pt0.6V5.4O7
3653,Pt1.2V4.8O7
3654,Pt0.35V6.65O8
3655,Pt0.7V6.3O8
3656,Pt1.4V5.6O8
3657,Pt0.35V6.65O9
3658,Pt0.7V6.3O9
3659,Pt1.4V5.6O9
3660,Pt0.35V6.65O10
3661,Pt0.7V6.3O10
3662,Pt1.4V5.6O10
3663,Pt0.4V7.6O9
3664,Pt0.8V7.2O9
3665,Pt1.6V6.4O9
3666,Pt0.45V8.55O10
3667,Pt0.9V8.1O10
3668,Pt1.8V7.2O10
3669,Mn0.05Cr0.95O
3670,Mn0.1Cr0.9O
3671,Mn0.2Cr0.8O
3672,Mn0.05Cr0.95O2
3673,Mn0.1Cr0.9O2
3674,Mn0.2Cr0.8O2
3675,Mn0.05Cr0.95O3
3676,Mn0.1Cr0.9O3
3677,Mn0.2Cr0.8O3
3678,Mn0.05Cr0.95O4
3679,Mn0.1Cr0.9O4
3680,Mn0.2Cr0.8O4
3681,Mn0.05Cr0.95O5
3682,Mn0.1Cr0.9O5
3683,Mn0.2Cr0.8O5
3684,Mn0.05Cr0.95O6
3685,Mn0.1Cr0.9O6
3686,Mn0.2Cr0.8O6
3687,Mn0.05Cr0.95O7
3688,Mn0.1Cr0.9O7
3689,Mn0.2Cr0.8O7
3690,Mn0.05Cr0.95O8
3691,Mn0.1Cr0.9O8
3692,Mn0.2Cr0.8O8
3693,Mn0.05Cr0.95O9
3694,Mn0.1Cr0.9O9
3695,Mn0.2Cr0.8O9
3696,Mn0.05Cr0.95O10
3697,Mn0.1Cr0.9O10
3698,Mn0.2Cr0.8O10
3699,Mn0.1Cr1.9O3
3700,Mn0.2Cr1.8O3
3701,Mn0.4Cr1.6O3
3702,Mn0.1Cr1.9O5
3703,Mn0.2Cr1.8O5
3704,Mn0.4Cr1.6O5
3705,Mn0.1Cr1.9O7
3706,Mn0.2Cr1.8O7
3707,Mn0.4Cr1.6O7
3708,Mn0.1Cr1.9O9
3709,Mn0.2Cr1.8O9
3710,Mn0.4Cr1.6O9
3711,Mn0.15Cr2.85O4
3712,Mn0.3Cr2.7O4
3713,Mn0.6Cr2.4O4
3714,Mn0.15Cr2.85O5
3715,Mn0.3Cr2.7O5
3716,Mn0.6Cr2.4O5
3717,Mn0.15Cr2.85O7
3718,Mn0.3Cr2.7O7
3719,Mn0.6Cr2.4O7
3720,Mn0.15Cr2.85O8
3721,Mn0.3Cr2.7O8
3722,Mn0.6Cr2.4O8
3723,Mn0.15Cr2.85O10
3724,Mn0.3Cr2.7O10
3725,Mn0.6Cr2.4O10
3726,Mn0.2Cr3.8O5
3727,Mn0.4Cr3.6O5
3728,Mn0.8Cr3.2O5
3729,Mn0.2Cr3.8O7
3730,Mn0.4Cr3.6O7
3731,Mn0.8Cr3.2O7
3732,Mn0.2Cr3.8O9
3733,Mn0.4Cr3.6O9
3734,Mn0.8Cr3.2O9
3735,Mn0.25Cr4.75O6
3736,Mn0.5Cr4.5O6
3737,MnCrO6
3738,Mn0.25Cr4.75O7
3739,Mn0.5Cr4.5O7
3740,MnCrO7
3741,Mn0.25Cr4.75O8
3742,Mn0.5Cr4.5O8
3743,MnCrO8
3744,Mn0.25Cr4.75O9
3745,Mn0.5Cr4.5O9
3746,MnCrO9
3747,Mn0.3Cr5.7O7
3748,Mn0.6Cr5.4O7
3749,Mn1.2Cr4.8O7
3750,Mn0.35Cr6.65O8
3751,Mn0.7Cr6.3O8
3752,Mn1.4Cr5.6O8
3753,Mn0.35Cr6.65O9
3754,Mn0.7Cr6.3O9
3755,Mn1.4Cr5.6O9
3756,Mn0.35Cr6.65O10
3757,Mn0.7Cr6.3O10
3758,Mn1.4Cr5.6O10
3759,Mn0.4Cr7.6O9
3760,Mn0.8Cr7.2O9
3761,Mn1.6Cr6.4O9
3762,Mn0.45Cr8.55O10
3763,Mn0.9Cr8.1O10
3764,Mn1.8Cr7.2O10
3765,Fe0.05Cr0.95O
3766,Fe0.1Cr0.9O
3767,Fe0.2Cr0.8O
3768,Fe0.05Cr0.95O2
3769,Fe0.1Cr0.9O2
3770,Fe0.2Cr0.8O2
3771,Fe0.05Cr0.95O3
3772,Fe0.1Cr0.9O3
3773,Fe0.2Cr0.8O3
3774,Fe0.05Cr0.95O4
3775,Fe0.1Cr0.9O4
3776,Fe0.2Cr0.8O4
3777,Fe0.05Cr0.95O5
3778,Fe0.1Cr0.9O5
3779,Fe0.2Cr0.8O5
3780,Fe0.05Cr0.95O6
3781,Fe0.1Cr0.9O6
3782,Fe0.2Cr0.8O6
3783,Fe0.05Cr0.95O7
3784,Fe0.1Cr0.9O7
3785,Fe0.2Cr0.8O7
3786,Fe0.05Cr0.95O8
3787,Fe0.1Cr0.9O8
3788,Fe0.2Cr0.8O8
3789,Fe0.05Cr0.95O9
3790,Fe0.1Cr0.9O9
3791,Fe0.2Cr0.8O9
3792,Fe0.05Cr0.95O10
3793,Fe0.1Cr0.9O10
3794,Fe0.2Cr0.8O10
3795,Fe0.1Cr1.9O3
3796,Fe0.2Cr1.8O3
3797,Fe0.4Cr1.6O3
3798,Fe0.1Cr1.9O5
3799,Fe0.2Cr1.8O5
3800,Fe0.4Cr1.6O5
3801,Fe0.1Cr1.9O7
3802,Fe0.2Cr1.8O7
3803,Fe0.4Cr1.6O7
3804,Fe0.1Cr1.9O9
3805,Fe0.2Cr1.8O9
3806,Fe0.4Cr1.6O9
3807,Fe0.15Cr2.85O4
3808,Fe0.3Cr2.7O4
3809,Fe0.6Cr2.4O4
3810,Fe0.15Cr2.85O5
3811,Fe0.3Cr2.7O5
3812,Fe0.6Cr2.4O5
3813,Fe0.15Cr2.85O7
3814,Fe0.3Cr2.7O7
3815,Fe0.6Cr2.4O7
3816,Fe0.15Cr2.85O8
3817,Fe0.3Cr2.7O8
3818,Fe0.6Cr2.4O8
3819,Fe0.15Cr2.85O10
3820,Fe0.3Cr2.7O10
3821,Fe0.6Cr2.4O10
3822,Fe0.2Cr3.8O5
3823,Fe0.4Cr3.6O5
3824,Fe0.8Cr3.2O5
3825,Fe0.2Cr3.8O7
3826,Fe0.4Cr3.6O7
3827,Fe0.8Cr3.2O7
3828,Fe0.2Cr3.8O9
3829,Fe0.4Cr3.6O9
3830,Fe0.8Cr3.2O9
3831,Fe0.25Cr4.75O6
3832,Fe0.5Cr4.5O6
3833,FeCrO6
3834,Fe0.25Cr4.75O7
3835,Fe0.5Cr4.5O7
3836,FeCrO7
3837,Fe0.25Cr4.75O8
3838,Fe0.5Cr4.5O8
3839,FeCrO8
3840,Fe0.25Cr4.75O9
3841,Fe0.5Cr4.5O9
3842,FeCrO9
3843,Fe0.3Cr5.7O7
3844,Fe0.6Cr5.4O7
3845,Fe1.2Cr4.8O7
3846,Fe0.35Cr6.65O8
3847,Fe0.7Cr6.3O8
3848,Fe1.4Cr5.6O8
3849,Fe0.35Cr6.65O9
3850,Fe0.7Cr6.3O9
3851,Fe1.4Cr5.6O9
3852,Fe0.35Cr6.65O10
3853,Fe0.7Cr6.3O10
3854,Fe1.4Cr5.6O10
3855,Fe0.4Cr7.6O9
3856,Fe0.8Cr7.2O9
3857,Fe1.6Cr6.4O9
3858,Fe0.45Cr8.55O10
3859,Fe0.9Cr8.1O10
3860,Fe1.8Cr7.2O10
3861,Co0.05Cr0.95O
3862,Co0.1Cr0.9O
3863,Co0.2Cr0.8O
3864,Co0.05Cr0.95O2
3865,Co0.1Cr0.9O2
3866,Co0.2Cr0.8O2
3867,Co0.05Cr0.95O3
3868,Co0.1Cr0.9O3
3869,Co0.2Cr0.8O3
3870,Co0.05Cr0.95O4
3871,Co0.1Cr0.9O4
3872,Co0.2Cr0.8O4
3873,Co0.05Cr0.95O5
3874,Co0.1Cr0.9O5
3875,Co0.2Cr0.8O5
3876,Co0.05Cr0.95O6
3877,Co0.1Cr0.9O6
3878,Co0.2Cr0.8O6
3879,Co0.05Cr0.95O7
3880,Co0.1Cr0.9O7
3881,Co0.2Cr0.8O7
3882,Co0.05Cr0.95O8
3883,Co0.1Cr0.9O8
3884,Co0.2Cr0.8O8
3885,Co0.05Cr0.95O9
3886,Co0.1Cr0.9O9
3887,Co0.2Cr0.8O9
3888,Co0.05Cr0.95O10
3889,Co0.1Cr0.9O10
3890,Co0.2Cr0.8O10
3891,Co0.1Cr1.9O3
3892,Co0.2Cr1.8O3
3893,Co0.4Cr1.6O3
3894,Co0.1Cr1.9O5
3895,Co0.2Cr1.8O5
3896,Co0.4Cr1.6O5
3897,Co0.1Cr1.9O7
3898,Co0.2Cr1.8O7
3899,Co0.4Cr1.6O7
3900,Co0.1Cr1.9O9
3901,Co0.2Cr1.8O9
3902,Co0.4Cr1.6O9
3903,Co0.15Cr2.85O4
3904,Co0.3Cr2.7O4
3905,Co0.6Cr2.4O4
3906,Co0.15Cr2.85O5
3907,Co0.3Cr2.7O5
3908,Co0.6Cr2.4O5
3909,Co0.15Cr2.85O7
3910,Co0.3Cr2.7O7
3911,Co0.6Cr2.4O7
3912,Co0.15Cr2.85O8
3913,Co0.3Cr2.7O8
3914,Co0.6Cr2.4O8
3915,Co0.15Cr2.85O10
3916,Co0.3Cr2.7O10
3917,Co0.6Cr2.4O10
3918,Co0.2Cr3.8O5
3919,Co0.4Cr3.6O5
3920,Co0.8Cr3.2O5
3921,Co0.2Cr3.8O7
3922,Co0.4Cr3.6O7
3923,Co0.8Cr3.2O7
3924,Co0.2Cr3.8O9
3925,Co0.4Cr3.6O9
3926,Co0.8Cr3.2O9
3927,Co0.25Cr4.75O6
3928,Co0.5Cr4.5O6
3929,CoCrO6
3930,Co0.25Cr4.75O7
3931,Co0.5Cr4.5O7
3932,CoCrO7
3933,Co0.25Cr4.75O8
3934,Co0.5Cr4.5O8
3935,CoCrO8
3936,Co0.25Cr4.75O9
3937,Co0.5Cr4.5O9
3938,CoCrO9
3939,Co0.3Cr5.7O7
3940,Co0.6Cr5.4O7
3941,Co1.2Cr4.8O7
3942,Co0.35Cr6.65O8
3943,Co0.7Cr6.3O8
3944,Co1.4Cr5.6O8
3945,Co0.35Cr6.65O9
3946,Co0.7Cr6.3O9
3947,Co1.4Cr5.6O9
3948,Co0.35Cr6.65O10
3949,Co0.7Cr6.3O10
3950,Co1.4Cr5.6O10
3951,Co0.4Cr7.6O9
3952,Co0.8Cr7.2O9
3953,Co1.6Cr6.4O9
3954,Co0.45Cr8.55O10
3955,Co0.9Cr8.1O10
3956,Co1.8Cr7.2O10
3957,Ni0.05Cr0.95O
3958,Ni0.1Cr0.9O
3959,Ni0.2Cr0.8O
3960,Ni0.05Cr0.95O2
3961,Ni0.1Cr0.9O2
3962,Ni0.2Cr0.8O2
3963,Ni0.05Cr0.95O3
3964,Ni0.1Cr0.9O3
3965,Ni0.2Cr0.8O3
3966,Ni0.05Cr0.95O4
3967,Ni0.1Cr0.9O4
3968,Ni0.2Cr0.8O4
3969,Ni0.05Cr0.95O5
3970,Ni0.1Cr0.9O5
3971,Ni0.2Cr0.8O5
3972,Ni0.05Cr0.95O6
3973,Ni0.1Cr0.9O6
3974,Ni0.2Cr0.8O6
3975,Ni0.05Cr0.95O7
3976,Ni0.1Cr0.9O7
3977,Ni0.2Cr0.8O7
3978,Ni0.05Cr0.95O8
3979,Ni0.1Cr0.9O8
3980,Ni0.2Cr0.8O8
3981,Ni0.05Cr0.95O9
3982,Ni0.1Cr0.9O9
3983,Ni0.2Cr0.8O9
3984,Ni0.05Cr0.95O10
3985,Ni0.1Cr0.9O10
3986,Ni0.2Cr0.8O10
3987,Ni0.1Cr1.9O3
3988,Ni0.2Cr1.8O3
3989,Ni0.4Cr1.6O3
3990,Ni0.1Cr1.9O5
3991,Ni0.2Cr1.8O5
3992,Ni0.4Cr1.6O5
3993,Ni0.1Cr1.9O7
3994,Ni0.2Cr1.8O7
3995,Ni0.4Cr1.6O7
3996,Ni0.1Cr1.9O9
3997,Ni0.2Cr1.8O9
3998,Ni0.4Cr1.6O9
3999,Ni0.15Cr2.85O4
4000,Ni0.3Cr2.7O4
4001,Ni0.6Cr2.4O4
4002,Ni0.15Cr2.85O5
4003,Ni0.3Cr2.7O5
4004,Ni0.6Cr2.4O5
4005,Ni0.15Cr2.85O7
4006,Ni0.3Cr2.7O7
4007,Ni0.6Cr2.4O7
4008,Ni0.15Cr2.85O8
4009,Ni0.3Cr2.7O8
4010,Ni0.6Cr2.4O8
4011,Ni0.15Cr2.85O10
4012,Ni0.3Cr2.7O10
4013,Ni0.6Cr2.4O10
4014,Ni0.2Cr3.8O5
4015,Ni0.4Cr3.6O5
4016,Ni0.8Cr3.2O5
4017,Ni0.2Cr3.8O7
4018,Ni0.4Cr3.6O7
4019,Ni0.8Cr3.2O7
4020,Ni0.2Cr3.8O9
4021,Ni0.4Cr3.6O9
4022,Ni0.8Cr3.2O9
4023,Ni0.25Cr4.75O6
4024,Ni0.5Cr4.5O6
4025,NiCrO6
4026,Ni0.25Cr4.75O7
4027,Ni0.5Cr4.5O7
4028,NiCrO7
4029,Ni0.25Cr4.75O8
4030,Ni0.5Cr4.5O8
4031,NiCrO8
4032,Ni0.25Cr4.75O9
4033,Ni0.5Cr4.5O9
4034,NiCrO9
4035,Ni0.3Cr5.7O7
4036,Ni0.6Cr5.4O7
4037,Ni1.2Cr4.8O7
4038,Ni0.35Cr6.65O8
4039,Ni0.7Cr6.3O8
4040,Ni1.4Cr5.6O8
4041,Ni0.35Cr6.65O9
4042,Ni0.7Cr6.3O9
4043,Ni1.4Cr5.6O9
4044,Ni0.35Cr6.65O10
4045,Ni0.7Cr6.3O10
4046,Ni1.4Cr5.6O10
4047,Ni0.4Cr7.6O9
4048,Ni0.8Cr7.2O9
4049,Ni1.6Cr6.4O9
4050,Ni0.45Cr8.55O10
4051,Ni0.9Cr8.1O10
4052,Ni1.8Cr7.2O10
4053,Ru0.05Cr0.95O
4054,Ru0.1Cr0.9O
4055,Ru0.2Cr0.8O
4056,Ru0.05Cr0.95O2
4057,Ru0.1Cr0.9O2
4058,Ru0.2Cr0.8O2
4059,Ru0.05Cr0.95O3
4060,Ru0.1Cr0.9O3
4061,Ru0.2Cr0.8O3
4062,Ru0.05Cr0.95O4
4063,Ru0.1Cr0.9O4
4064,Ru0.2Cr0.8O4
4065,Ru0.05Cr0.95O5
4066,Ru0.1Cr0.9O5
4067,Ru0.2Cr0.8O5
4068,Ru0.05Cr0.95O6
4069,Ru0.1Cr0.9O6
4070,Ru0.2Cr0.8O6
4071,Ru0.05Cr0.95O7
4072,Ru0.1Cr0.9O7
4073,Ru0.2Cr0.8O7
4074,Ru0.05Cr0.95O8
4075,Ru0.1Cr0.9O8
4076,Ru0.2Cr0.8O8
4077,Ru0.05Cr0.95O9
4078,Ru0.1Cr0.9O9
4079,Ru0.2Cr0.8O9
4080,Ru0.05Cr0.95O10
4081,Ru0.1Cr0.9O10
4082,Ru0.2Cr0.8O10
4083,Ru0.1Cr1.9O3
4084,Ru0.2Cr1.8O3
4085,Ru0.4Cr1.6O3
4086,Ru0.1Cr1.9O5
4087,Ru0.2Cr1.8O5
4088,Ru0.4Cr1.6O5
4089,Ru0.1Cr1.9O7
4090,Ru0.2Cr1.8O7
4091,Ru0.4Cr1.6O7
4092,Ru0.1Cr1.9O9
4093,Ru0.2Cr1.8O9
4094,Ru0.4Cr1.6O9
4095,Ru0.15Cr2.85O4
4096,Ru0.3Cr2.7O4
4097,Ru0.6Cr2.4O4
4098,Ru0.15Cr2.85O5
4099,Ru0.3Cr2.7O5
4100,Ru0.6Cr2.4O5
4101,Ru0.15Cr2.85O7
4102,Ru0.3Cr2.7O7
4103,Ru0.6Cr2.4O7
4104,Ru0.15Cr2.85O8
4105,Ru0.3Cr2.7O8
4106,Ru0.6Cr2.4O8
4107,Ru0.15Cr2.85O10
4108,Ru0.3Cr2.7O10
4109,Ru0.6Cr2.4O10
4110,Ru0.2Cr3.8O5
4111,Ru0.4Cr3.6O5
4112,Ru0.8Cr3.2O5
4113,Ru0.2Cr3.8O7
4114,Ru0.4Cr3.6O7
4115,Ru0.8Cr3.2O7
4116,Ru0.2Cr3.8O9
4117,Ru0.4Cr3.6O9
4118,Ru0.8Cr3.2O9
4119,Ru0.25Cr4.75O6
4120,Ru0.5Cr4.5O6
4121,RuCrO6
4122,Ru0.25Cr4.75O7
4123,Ru0.5Cr4.5O7
4124,RuCrO7
4125,Ru0.25Cr4.75O8
4126,Ru0.5Cr4.5O8
4127,RuCrO8
4128,Ru0.25Cr4.75O9
4129,Ru0.5Cr4.5O9
4130,RuCrO9
4131,Ru0.3Cr5.7O7
4132,Ru0.6Cr5.4O7
4133,Ru1.2Cr4.8O7
4134,Ru0.35Cr6.65O8
4135,Ru0.7Cr6.3O8
4136,Ru1.4Cr5.6O8
4137,Ru0.35Cr6.65O9
4138,Ru0.7Cr6.3O9
4139,Ru1.4Cr5.6O9
4140,Ru0.35Cr6.65O10
4141,Ru0.7Cr6.3O10
4142,Ru1.4Cr5.6O10
4143,Ru0.4Cr7.6O9
4144,Ru0.8Cr7.2O9
4145,Ru1.6Cr6.4O9
4146,Ru0.45Cr8.55O10
4147,Ru0.9Cr8.1O10
4148,Ru1.8Cr7.2O10
4149,Pd0.05Cr0.95O
4150,Pd0.1Cr0.9O
4151,Pd0.2Cr0.8O
4152,Pd0.05Cr0.95O2
4153,Pd0.1Cr0.9O2
4154,Pd0.2Cr0.8O2
4155,Pd0.05Cr0.95O3
4156,Pd0.1Cr0.9O3
4157,Pd0.2Cr0.8O3
4158,Pd0.05Cr0.95O4
4159,Pd0.1Cr0.9O4
4160,Pd0.2Cr0.8O4
4161,Pd0.05Cr0.95O5
4162,Pd0.1Cr0.9O5
4163,Pd0.2Cr0.8O5
4164,Pd0.05Cr0.95O6
4165,Pd0.1Cr0.9O6
4166,Pd0.2Cr0.8O6
4167,Pd0.05Cr0.95O7
4168,Pd0.1Cr0.9O7
4169,Pd0.2Cr0.8O7
4170,Pd0.05Cr0.95O8
4171,Pd0.1Cr0.9O8
4172,Pd0.2Cr0.8O8
4173,Pd0.05Cr0.95O9
4174,Pd0.1Cr0.9O9
4175,Pd0.2Cr0.8O9
4176,Pd0.05Cr0.95O10
4177,Pd0.1Cr0.9O10
4178,Pd0.2Cr0.8O10
4179,Pd0.1Cr1.9O3
4180,Pd0.2Cr1.8O3
4181,Pd0.4Cr1.6O3
4182,Pd0.1Cr1.9O5
4183,Pd0.2Cr1.8O5
4184,Pd0.4Cr1.6O5
4185,Pd0.1Cr1.9O7
4186,Pd0.2Cr1.8O7
4187,Pd0.4Cr1.6O7
4188,Pd0.1Cr1.9O9
4189,Pd0.2Cr1.8O9
4190,Pd0.4Cr1.6O9
4191,Pd0.15Cr2.85O4
4192,Pd0.3Cr2.7O4
4193,Pd0.6Cr2.4O4
4194,Pd0.15Cr2.85O5
4195,Pd0.3Cr2.7O5
4196,Pd0.6Cr2.4O5
4197,Pd0.15Cr2.85O7
4198,Pd0.3Cr2.7O7
4199,Pd0.6Cr2.4O7
4200,Pd0.15Cr2.85O8
4201,Pd0.3Cr2.7O8
4202,Pd0.6Cr2.4O8
4203,Pd0.15Cr2.85O10
4204,Pd0.3Cr2.7O10
4205,Pd0.6Cr2.4O10
4206,Pd0.2Cr3.8O5
4207,Pd0.4Cr3.6O5
4208,Pd0.8Cr3.2O5
4209,Pd0.2Cr3.8O7
4210,Pd0.4Cr3.6O7
4211,Pd0.8Cr3.2O7
4212,Pd0.2Cr3.8O9
4213,Pd0.4Cr3.6O9
4214,Pd0.8Cr3.2O9
4215,Pd0.25Cr4.75O6
4216,Pd0.5Cr4.5O6
4217,PdCrO6
4218,Pd0.25Cr4.75O7
4219,Pd0.5Cr4.5O7
4220,PdCrO7
4221,Pd0.25Cr4.75O8
4222,Pd0.5Cr4.5O8
4223,PdCrO8
4224,Pd0.25Cr4.75O9
4225,Pd0.5Cr4.5O9
4226,PdCrO9
4227,Pd0.3Cr5.7O7
4228,Pd0.6Cr5.4O7
4229,Pd1.2Cr4.8O7
4230,Pd0.35Cr6.65O8
4231,Pd0.7Cr6.3O8
4232,Pd1.4Cr5.6O8
4233,Pd0.35Cr6.65O9
4234,Pd0.7Cr6.3O9
4235,Pd1.4Cr5.6O9
4236,Pd0.35Cr6.65O10
4237,Pd0.7Cr6.3O10
4238,Pd1.4Cr5.6O10
4239,Pd0.4Cr7.6O9
4240,Pd0.8Cr7.2O9
4241,Pd1.6Cr6.4O9
4242,Pd0.45Cr8.55O10
4243,Pd0.9Cr8.1O10
4244,Pd1.8Cr7.2O10
4245,Ag0.05Cr0.95O
4246,Ag0.1Cr0.9O
4247,Ag0.2Cr0.8O
4248,Ag0.05Cr0.95O2
4249,Ag0.1Cr0.9O2
4250,Ag0.2Cr0.8O2
4251,Ag0.05Cr0.95O3
4252,Ag0.1Cr0.9O3
4253,Ag0.2Cr0.8O3
4254,Ag0.05Cr0.95O4
4255,Ag0.1Cr0.9O4
4256,Ag0.2Cr0.8O4
4257,Ag0.05Cr0.95O5
4258,Ag0.1Cr0.9O5
4259,Ag0.2Cr0.8O5
4260,Ag0.05Cr0.95O6
4261,Ag0.1Cr0.9O6
4262,Ag0.2Cr0.8O6
4263,Ag0.05Cr0.95O7
4264,Ag0.1Cr0.9O7
4265,Ag0.2Cr0.8O7
4266,Ag0.05Cr0.95O8
4267,Ag0.1Cr0.9O8
4268,Ag0.2Cr0.8O8
4269,Ag0.05Cr0.95O9
4270,Ag0.1Cr0.9O9
4271,Ag0.2Cr0.8O9
4272,Ag0.05Cr0.95O10
4273,Ag0.1Cr0.9O10
4274,Ag0.2Cr0.8O10
4275,Ag0.1Cr1.9O3
4276,Ag0.2Cr1.8O3
4277,Ag0.4Cr1.6O3
4278,Ag0.1Cr1.9O5
4279,Ag0.2Cr1.8O5
4280,Ag0.4Cr1.6O5
4281,Ag0.1Cr1.9O7
4282,Ag0.2Cr1.8O7
4283,Ag0.4Cr1.6O7
4284,Ag0.1Cr1.9O9
4285,Ag0.2Cr1.8O9
4286,Ag0.4Cr1.6O9
4287,Ag0.15Cr2.85O4
4288,Ag0.3Cr2.7O4
4289,Ag0.6Cr2.4O4
4290,Ag0.15Cr2.85O5
4291,Ag0.3Cr2.7O5
4292,Ag0.6Cr2.4O5
4293,Ag0.15Cr2.85O7
4294,Ag0.3Cr2.7O7
4295,Ag0.6Cr2.4O7
4296,Ag0.15Cr2.85O8
4297,Ag0.3Cr2.7O8
4298,Ag0.6Cr2.4O8
4299,Ag0.15Cr2.85O10
4300,Ag0.3Cr2.7O10
4301,Ag0.6Cr2.4O10
4302,Ag0.2Cr3.8O5
4303,Ag0.4Cr3.6O5
4304,Ag0.8Cr3.2O5
4305,Ag0.2Cr3.8O7
4306,Ag0.4Cr3.6O7
4307,Ag0.8Cr3.2O7
4308,Ag0.2Cr3.8O9
4309,Ag0.4Cr3.6O9
4310,Ag0.8Cr3.2O9
4311,Ag0.25Cr4.75O6
4312,Ag0.5Cr4.5O6
4313,AgCrO6
4314,Ag0.25Cr4.75O7
4315,Ag0.5Cr4.5O7
4316,AgCrO7
4317,Ag0.25Cr4.75O8
4318,Ag0.5Cr4.5O8
4319,AgCrO8
4320,Ag0.25Cr4.75O9
4321,Ag0.5Cr4.5O9
4322,AgCrO9
4323,Ag0.3Cr5.7O7
4324,Ag0.6Cr5.4O7
4325,Ag1.2Cr4.8O7
4326,Ag0.35Cr6.65O8
4327,Ag0.7Cr6.3O8
4328,Ag1.4Cr5.6O8
4329,Ag0.35Cr6.65O9
4330,Ag0.7Cr6.3O9
4331,Ag1.4Cr5.6O9
4332,Ag0.35Cr6.65O10
4333,Ag0.7Cr6.3O10
4334,Ag1.4Cr5.6O10
4335,Ag0.4Cr7.6O9
4336,Ag0.8Cr7.2O9
4337,Ag1.6Cr6.4O9
4338,Ag0.45Cr8.55O10
4339,Ag0.9Cr8.1O10
4340,Ag1.8Cr7.2O10
4341,Pt0.05Cr0.95O
4342,Pt0.1Cr0.9O
4343,Pt0.2Cr0.8O
4344,Pt0.05Cr0.95O2
4345,Pt0.1Cr0.9O2
4346,Pt0.2Cr0.8O2
4347,Pt0.05Cr0.95O3
4348,Pt0.1Cr0.9O3
4349,Pt0.2Cr0.8O3
4350,Pt0.05Cr0.95O4
4351,Pt0.1Cr0.9O4
4352,Pt0.2Cr0.8O4
4353,Pt0.05Cr0.95O5
4354,Pt0.1Cr0.9O5
4355,Pt0.2Cr0.8O5
4356,Pt0.05Cr0.95O6
4357,Pt0.1Cr0.9O6
4358,Pt0.2Cr0.8O6
4359,Pt0.05Cr0.95O7
4360,Pt0.1Cr0.9O7
4361,Pt0.2Cr0.8O7
4362,Pt0.05Cr0.95O8
4363,Pt0.1Cr0.9O8
4364,Pt0.2Cr0.8O8
4365,Pt0.05Cr0.95O9
4366,Pt0.1Cr0.9O9
4367,Pt0.2Cr0.8O9
4368,Pt0.05Cr0.95O10
4369,Pt0.1Cr0.9O10
4370,Pt0.2Cr0.8O10
4371,Pt0.1Cr1.9O3
4372,Pt0.2Cr1.8O3
4373,Pt0.4Cr1.6O3
4374,Pt0.1Cr1.9O5
4375,Pt0.2Cr1.8O5
4376,Pt0.4Cr1.6O5
4377,Pt0.1Cr1.9O7
4378,Pt0.2Cr1.8O7
4379,Pt0.4Cr1.6O7
4380,Pt0.1Cr1.9O9
4381,Pt0.2Cr1.8O9
4382,Pt0.4Cr1.6O9
4383,Pt0.15Cr2.85O4
4384,Pt0.3Cr2.7O4
4385,Pt0.6Cr2.4O4
4386,Pt0.15Cr2.85O5
4387,Pt0.3Cr2.7O5
4388,Pt0.6Cr2.4O5
4389,Pt0.15Cr2.85O7
4390,Pt0.3Cr2.7O7
4391,Pt0.6Cr2.4O7
4392,Pt0.15Cr2.85O8
4393,Pt0.3Cr2.7O8
4394,Pt0.6Cr2.4O8
4395,Pt0.15Cr2.85O10
4396,Pt0.3Cr2.7O10
4397,Pt0.6Cr2.4O10
4398,Pt0.2Cr3.8O5
4399,Pt0.4Cr3.6O5
4400,Pt0.8Cr3.2O5
4401,Pt0.2Cr3.8O7
4402,Pt0.4Cr3.6O7
4403,Pt0.8Cr3.2O7
4404,Pt0.2Cr3.8O9
4405,Pt0.4Cr3.6O9
4406,Pt0.8Cr3.2O9
4407,Pt0.25Cr4.75O6
4408,Pt0.5Cr4.5O6
4409,PtCrO6
4410,Pt0.25Cr4.75O7
4411,Pt0.5Cr4.5O7
4412,PtCrO7
4413,Pt0.25Cr4.75O8
4414,Pt0.5Cr4.5O8
4415,PtCrO8
4416,Pt0.25Cr4.75O9
4417,Pt0.5Cr4.5O9
4418,PtCrO9
4419,Pt0.3Cr5.7O7
4420,Pt0.6Cr5.4O7
4421,Pt1.2Cr4.8O7
4422,Pt0.35Cr6.65O8
4423,Pt0.7Cr6.3O8
4424,Pt1.4Cr5.6O8
4425,Pt0.35Cr6.65O9
4426,Pt0.7Cr6.3O9
4427,Pt1.4Cr5.6O9
4428,Pt0.35Cr6.65O10
4429,Pt0.7Cr6.3O10
4430,Pt1.4Cr5.6O10
4431,Pt0.4Cr7.6O9
4432,Pt0.8Cr7.2O9
4433,Pt1.6Cr6.4O9
4434,Pt0.45Cr8.55O10
4435,Pt0.9Cr8.1O10
4436,Pt1.8Cr7.2O10
4437,Fe0.05Mn0.95O
4438,Fe0.1Mn0.9O
4439,Fe0.2Mn0.8O
4440,Fe0.05Mn0.95O2
4441,Fe0.1Mn0.9O2
4442,Fe0.2Mn0.8O2
4443,Fe0.05Mn0.95O3
4444,Fe0.1Mn0.9O3
4445,Fe0.2Mn0.8O3
4446,Fe0.05Mn0.95O4
4447,Fe0.1Mn0.9O4
4448,Fe0.2Mn0.8O4
4449,Fe0.05Mn0.95O5
4450,Fe0.1Mn0.9O5
4451,Fe0.2Mn0.8O5
4452,Fe0.05Mn0.95O6
4453,Fe0.1Mn0.9O6
4454,Fe0.2Mn0.8O6
4455,Fe0.05Mn0.95O7
4456,Fe0.1Mn0.9O7
4457,Fe0.2Mn0.8O7
4458,Fe0.05Mn0.95O8
4459,Fe0.1Mn0.9O8
4460,Fe0.2Mn0.8O8
4461,Fe0.05Mn0.95O9
4462,Fe0.1Mn0.9O9
4463,Fe0.2Mn0.8O9
4464,Fe0.05Mn0.95O10
4465,Fe0.1Mn0.9O10
4466,Fe0.2Mn0.8O10
4467,Fe0.1Mn1.9O3
4468,Fe0.2Mn1.8O3
4469,Fe0.4Mn1.6O3
4470,Fe0.1Mn1.9O5
4471,Fe0.2Mn1.8O5
4472,Fe0.4Mn1.6O5
4473,Fe0.1Mn1.9O7
4474,Fe0.2Mn1.8O7
4475,Fe0.4Mn1.6O7
4476,Fe0.1Mn1.9O9
4477,Fe0.2Mn1.8O9
4478,Fe0.4Mn1.6O9
4479,Fe0.15Mn2.85O4
4480,Fe0.3Mn2.7O4
4481,Fe0.6Mn2.4O4
4482,Fe0.15Mn2.85O5
4483,Fe0.3Mn2.7O5
4484,Fe0.6Mn2.4O5
4485,Fe0.15Mn2.85O7
4486,Fe0.3Mn2.7O7
4487,Fe0.6Mn2.4O7
4488,Fe0.15Mn2.85O8
4489,Fe0.3Mn2.7O8
4490,Fe0.6Mn2.4O8
4491,Fe0.15Mn2.85O10
4492,Fe0.3Mn2.7O10
4493,Fe0.6Mn2.4O10
4494,Fe0.2Mn3.8O5
4495,Fe0.4Mn3.6O5
4496,Fe0.8Mn3.2O5
4497,Fe0.2Mn3.8O7
4498,Fe0.4Mn3.6O7
4499,Fe0.8Mn3.2O7
4500,Fe0.2Mn3.8O9
4501,Fe0.4Mn3.6O9
4502,Fe0.8Mn3.2O9
4503,Fe0.25Mn4.75O6
4504,Fe0.5Mn4.5O6
4505,FeMnO6
4506,Fe0.25Mn4.75O7
4507,Fe0.5Mn4.5O7
4508,FeMnO7
4509,Fe0.25Mn4.75O8
4510,Fe0.5Mn4.5O8
4511,FeMnO8
4512,Fe0.25Mn4.75O9
4513,Fe0.5Mn4.5O9
4514,FeMnO9
4515,Fe0.3Mn5.7O7
4516,Fe0.6Mn5.4O7
4517,Fe1.2Mn4.8O7
4518,Fe0.35Mn6.65O8
4519,Fe0.7Mn6.3O8
4520,Fe1.4Mn5.6O8
4521,Fe0.35Mn6.65O9
4522,Fe0.7Mn6.3O9
4523,Fe1.4Mn5.6O9
4524,Fe0.35Mn6.65O10
4525,Fe0.7Mn6.3O10
4526,Fe1.4Mn5.6O10
4527,Fe0.4Mn7.6O9
4528,Fe0.8Mn7.2O9
4529,Fe1.6Mn6.4O9
4530,Fe0.45Mn8.55O10
4531,Fe0.9Mn8.1O10
4532,Fe1.8Mn7.2O10
4533,Co0.05Mn0.95O
4534,Co0.1Mn0.9O
4535,Co0.2Mn0.8O
4536,Co0.05Mn0.95O2
4537,Co0.1Mn0.9O2
4538,Co0.2Mn0.8O2
4539,Co0.05Mn0.95O3
4540,Co0.1Mn0.9O3
4541,Co0.2Mn0.8O3
4542,Co0.05Mn0.95O4
4543,Co0.1Mn0.9O4
4544,Co0.2Mn0.8O4
4545,Co0.05Mn0.95O5
4546,Co0.1Mn0.9O5
4547,Co0.2Mn0.8O5
4548,Co0.05Mn0.95O6
4549,Co0.1Mn0.9O6
4550,Co0.2Mn0.8O6
4551,Co0.05Mn0.95O7
4552,Co0.1Mn0.9O7
4553,Co0.2Mn0.8O7
4554,Co0.05Mn0.95O8
4555,Co0.1Mn0.9O8
4556,Co0.2Mn0.8O8
4557,Co0.05Mn0.95O9
4558,Co0.1Mn0.9O9
4559,Co0.2Mn0.8O9
4560,Co0.05Mn0.95O10
4561,Co0.1Mn0.9O10
4562,Co0.2Mn0.8O10
4563,Co0.1Mn1.9O3
4564,Co0.2Mn1.8O3
4565,Co0.4Mn1.6O3
4566,Co0.1Mn1.9O5
4567,Co0.2Mn1.8O5
4568,Co0.4Mn1.6O5
4569,Co0.1Mn1.9O7
4570,Co0.2Mn1.8O7
4571,Co0.4Mn1.6O7
4572,Co0.1Mn1.9O9
4573,Co0.2Mn1.8O9
4574,Co0.4Mn1.6O9
4575,Co0.15Mn2.85O4
4576,Co0.3Mn2.7O4
4577,Co0.6Mn2.4O4
4578,Co0.15Mn2.85O5
4579,Co0.3Mn2.7O5
4580,Co0.6Mn2.4O5
4581,Co0.15Mn2.85O7
4582,Co0.3Mn2.7O7
4583,Co0.6Mn2.4O7
4584,Co0.15Mn2.85O8
4585,Co0.3Mn2.7O8
4586,Co0.6Mn2.4O8
4587,Co0.15Mn2.85O10
4588,Co0.3Mn2.7O10
4589,Co0.6Mn2.4O10
4590,Co0.2Mn3.8O5
4591,Co0.4Mn3.6O5
4592,Co0.8Mn3.2O5
4593,Co0.2Mn3.8O7
4594,Co0.4Mn3.6O7
4595,Co0.8Mn3.2O7
4596,Co0.2Mn3.8O9
4597,Co0.4Mn3.6O9
4598,Co0.8Mn3.2O9
4599,Co0.25Mn4.75O6
4600,Co0.5Mn4.5O6
4601,CoMnO6
4602,Co0.25Mn4.75O7
4603,Co0.5Mn4.5O7
4604,CoMnO7
4605,Co0.25Mn4.75O8
4606,Co0.5Mn4.5O8
4607,CoMnO8
4608,Co0.25Mn4.75O9
4609,Co0.5Mn4.5O9
4610,CoMnO9
4611,Co0.3Mn5.7O7
4612,Co0.6Mn5.4O7
4613,Co1.2Mn4.8O7
4614,Co0.35Mn6.65O8
4615,Co0.7Mn6.3O8
4616,Co1.4Mn5.6O8
4617,Co0.35Mn6.65O9
4618,Co0.7Mn6.3O9
4619,Co1.4Mn5.6O9
4620,Co0.35Mn6.65O10
4621,Co0.7Mn6.3O10
4622,Co1.4Mn5.6O10
4623,Co0.4Mn7.6O9
4624,Co0.8Mn7.2O9
4625,Co1.6Mn6.4O9
4626,Co0.45Mn8.55O10
4627,Co0.9Mn8.1O10
4628,Co1.8Mn7.2O10
4629,Ni0.05Mn0.95O
4630,Ni0.1Mn0.9O
4631,Ni0.2Mn0.8O
4632,Ni0.05Mn0.95O2
4633,Ni0.1Mn0.9O2
4634,Ni0.2Mn0.8O2
4635,Ni0.05Mn0.95O3
4636,Ni0.1Mn0.9O3
4637,Ni0.2Mn0.8O3
4638,Ni0.05Mn0.95O4
4639,Ni0.1Mn0.9O4
4640,Ni0.2Mn0.8O4
4641,Ni0.05Mn0.95O5
4642,Ni0.1Mn0.9O5
4643,Ni0.2Mn0.8O5
4644,Ni0.05Mn0.95O6
4645,Ni0.1Mn0.9O6
4646,Ni0.2Mn0.8O6
4647,Ni0.05Mn0.95O7
4648,Ni0.1Mn0.9O7
4649,Ni0.2Mn0.8O7
4650,Ni0.05Mn0.95O8
4651,Ni0.1Mn0.9O8
4652,Ni0.2Mn0.8O8
4653,Ni0.05Mn0.95O9
4654,Ni0.1Mn0.9O9
4655,Ni0.2Mn0.8O9
4656,Ni0.05Mn0.95O10
4657,Ni0.1Mn0.9O10
4658,Ni0.2Mn0.8O10
4659,Ni0.1Mn1.9O3
4660,Ni0.2Mn1.8O3
4661,Ni0.4Mn1.6O3
4662,Ni0.1Mn1.9O5
4663,Ni0.2Mn1.8O5
4664,Ni0.4Mn1.6O5
4665,Ni0.1Mn1.9O7
4666,Ni0.2Mn1.8O7
4667,Ni0.4Mn1.6O7
4668,Ni0.1Mn1.9O9
4669,Ni0.2Mn1.8O9
4670,Ni0.4Mn1.6O9
4671,Ni0.15Mn2.85O4
4672,Ni0.3Mn2.7O4
4673,Ni0.6Mn2.4O4
4674,Ni0.15Mn2.85O5
4675,Ni0.3Mn2.7O5
4676,Ni0.6Mn2.4O5
4677,Ni0.15Mn2.85O7
4678,Ni0.3Mn2.7O7
4679,Ni0.6Mn2.4O7
4680,Ni0.15Mn2.85O8
4681,Ni0.3Mn2.7O8
4682,Ni0.6Mn2.4O8
4683,Ni0.15Mn2.85O10
4684,Ni0.3Mn2.7O10
4685,Ni0.6Mn2.4O10
4686,Ni0.2Mn3.8O5
4687,Ni0.4Mn3.6O5
4688,Ni0.8Mn3.2O5
4689,Ni0.2Mn3.8O7
4690,Ni0.4Mn3.6O7
4691,Ni0.8Mn3.2O7
4692,Ni0.2Mn3.8O9
4693,Ni0.4Mn3.6O9
4694,Ni0.8Mn3.2O9
4695,Ni0.25Mn4.75O6
4696,Ni0.5Mn4.5O6
4697,NiMnO6
4698,Ni0.25Mn4.75O7
4699,Ni0.5Mn4.5O7
4700,NiMnO7
4701,Ni0.25Mn4.75O8
4702,Ni0.5Mn4.5O8
4703,NiMnO8
4704,Ni0.25Mn4.75O9
4705,Ni0.5Mn4.5O9
4706,NiMnO9
4707,Ni0.3Mn5.7O7
4708,Ni0.6Mn5.4O7
4709,Ni1.2Mn4.8O7
4710,Ni0.35Mn6.65O8
4711,Ni0.7Mn6.3O8
4712,Ni1.4Mn5.6O8
4713,Ni0.35Mn6.65O9
4714,Ni0.7Mn6.3O9
4715,Ni1.4Mn5.6O9
4716,Ni0.35Mn6.65O10
4717,Ni0.7Mn6.3O10
4718,Ni1.4Mn5.6O10
4719,Ni0.4Mn7.6O9
4720,Ni0.8Mn7.2O9
4721,Ni1.6Mn6.4O9
4722,Ni0.45Mn8.55O10
4723,Ni0.9Mn8.1O10
4724,Ni1.8Mn7.2O10
4725,Ru0.05Mn0.95O
4726,Ru0.1Mn0.9O
4727,Ru0.2Mn0.8O
4728,Ru0.05Mn0.95O2
4729,Ru0.1Mn0.9O2
4730,Ru0.2Mn0.8O2
4731,Ru0.05Mn0.95O3
4732,Ru0.1Mn0.9O3
4733,Ru0.2Mn0.8O3
4734,Ru0.05Mn0.95O4
4735,Ru0.1Mn0.9O4
4736,Ru0.2Mn0.8O4
4737,Ru0.05Mn0.95O5
4738,Ru0.1Mn0.9O5
4739,Ru0.2Mn0.8O5
4740,Ru0.05Mn0.95O6
4741,Ru0.1Mn0.9O6
4742,Ru0.2Mn0.8O6
4743,Ru0.05Mn0.95O7
4744,Ru0.1Mn0.9O7
4745,Ru0.2Mn0.8O7
4746,Ru0.05Mn0.95O8
4747,Ru0.1Mn0.9O8
4748,Ru0.2Mn0.8O8
4749,Ru0.05Mn0.95O9
4750,Ru0.1Mn0.9O9
4751,Ru0.2Mn0.8O9
4752,Ru0.05Mn0.95O10
4753,Ru0.1Mn0.9O10
4754,Ru0.2Mn0.8O10
4755,Ru0.1Mn1.9O3
4756,Ru0.2Mn1.8O3
4757,Ru0.4Mn1.6O3
4758,Ru0.1Mn1.9O5
4759,Ru0.2Mn1.8O5
4760,Ru0.4Mn1.6O5
4761,Ru0.1Mn1.9O7
4762,Ru0.2Mn1.8O7
4763,Ru0.4Mn1.6O7
4764,Ru0.1Mn1.9O9
4765,Ru0.2Mn1.8O9
4766,Ru0.4Mn1.6O9
4767,Ru0.15Mn2.85O4
4768,Ru0.3Mn2.7O4
4769,Ru0.6Mn2.4O4
4770,Ru0.15Mn2.85O5
4771,Ru0.3Mn2.7O5
4772,Ru0.6Mn2.4O5
4773,Ru0.15Mn2.85O7
4774,Ru0.3Mn2.7O7
4775,Ru0.6Mn2.4O7
4776,Ru0.15Mn2.85O8
4777,Ru0.3Mn2.7O8
4778,Ru0.6Mn2.4O8
4779,Ru0.15Mn2.85O10
4780,Ru0.3Mn2.7O10
4781,Ru0.6Mn2.4O10
4782,Ru0.2Mn3.8O5
4783,Ru0.4Mn3.6O5
4784,Ru0.8Mn3.2O5
4785,Ru0.2Mn3.8O7
4786,Ru0.4Mn3.6O7
4787,Ru0.8Mn3.2O7
4788,Ru0.2Mn3.8O9
4789,Ru0.4Mn3.6O9
4790,Ru0.8Mn3.2O9
4791,Ru0.25Mn4.75O6
4792,Ru0.5Mn4.5O6
4793,RuMnO6
4794,Ru0.25Mn4.75O7
4795,Ru0.5Mn4.5O7
4796,RuMnO7
4797,Ru0.25Mn4.75O8
4798,Ru0.5Mn4.5O8
4799,RuMnO8
4800,Ru0.25Mn4.75O9
4801,Ru0.5Mn4.5O9
4802,RuMnO9
4803,Ru0.3Mn5.7O7
4804,Ru0.6Mn5.4O7
4805,Ru1.2Mn4.8O7
4806,Ru0.35Mn6.65O8
4807,Ru0.7Mn6.3O8
4808,Ru1.4Mn5.6O8
4809,Ru0.35Mn6.65O9
4810,Ru0.7Mn6.3O9
4811,Ru1.4Mn5.6O9
4812,Ru0.35Mn6.65O10
4813,Ru0.7Mn6.3O10
4814,Ru1.4Mn5.6O10
4815,Ru0.4Mn7.6O9
4816,Ru0.8Mn7.2O9
4817,Ru1.6Mn6.4O9
4818,Ru0.45Mn8.55O10
4819,Ru0.9Mn8.1O10
4820,Ru1.8Mn7.2O10
4821,Pd0.05Mn0.95O
4822,Pd0.1Mn0.9O
4823,Pd0.2Mn0.8O
4824,Pd0.05Mn0.95O2
4825,Pd0.1Mn0.9O2
4826,Pd0.2Mn0.8O2
4827,Pd0.05Mn0.95O3
4828,Pd0.1Mn0.9O3
4829,Pd0.2Mn0.8O3
4830,Pd0.05Mn0.95O4
4831,Pd0.1Mn0.9O4
4832,Pd0.2Mn0.8O4
4833,Pd0.05Mn0.95O5
4834,Pd0.1Mn0.9O5
4835,Pd0.2Mn0.8O5
4836,Pd0.05Mn0.95O6
4837,Pd0.1Mn0.9O6
4838,Pd0.2Mn0.8O6
4839,Pd0.05Mn0.95O7
4840,Pd0.1Mn0.9O7
4841,Pd0.2Mn0.8O7
4842,Pd0.05Mn0.95O8
4843,Pd0.1Mn0.9O8
4844,Pd0.2Mn0.8O8
4845,Pd0.05Mn0.95O9
4846,Pd0.1Mn0.9O9
4847,Pd0.2Mn0.8O9
4848,Pd0.05Mn0.95O10
4849,Pd0.1Mn0.9O10
4850,Pd0.2Mn0.8O10
4851,Pd0.1Mn1.9O3
4852,Pd0.2Mn1.8O3
4853,Pd0.4Mn1.6O3
4854,Pd0.1Mn1.9O5
4855,Pd0.2Mn1.8O5
4856,Pd0.4Mn1.6O5
4857,Pd0.1Mn1.9O7
4858,Pd0.2Mn1.8O7
4859,Pd0.4Mn1.6O7
4860,Pd0.1Mn1.9O9
4861,Pd0.2Mn1.8O9
4862,Pd0.4Mn1.6O9
4863,Pd0.15Mn2.85O4
4864,Pd0.3Mn2.7O4
4865,Pd0.6Mn2.4O4
4866,Pd0.15Mn2.85O5
4867,Pd0.3Mn2.7O5
4868,Pd0.6Mn2.4O5
4869,Pd0.15Mn2.85O7
4870,Pd0.3Mn2.7O7
4871,Pd0.6Mn2.4O7
4872,Pd0.15Mn2.85O8
4873,Pd0.3Mn2.7O8
4874,Pd0.6Mn2.4O8
4875,Pd0.15Mn2.85O10
4876,Pd0.3Mn2.7O10
4877,Pd0.6Mn2.4O10
4878,Pd0.2Mn3.8O5
4879,Pd0.4Mn3.6O5
4880,Pd0.8Mn3.2O5
4881,Pd0.2Mn3.8O7
4882,Pd0.4Mn3.6O7
4883,Pd0.8Mn3.2O7
4884,Pd0.2Mn3.8O9
4885,Pd0.4Mn3.6O9
4886,Pd0.8Mn3.2O9
4887,Pd0.25Mn4.75O6
4888,Pd0.5Mn4.5O6
4889,PdMnO6
4890,Pd0.25Mn4.75O7
4891,Pd0.5Mn4.5O7
4892,PdMnO7
4893,Pd0.25Mn4.75O8
4894,Pd0.5Mn4.5O8
4895,PdMnO8
4896,Pd0.25Mn4.75O9
4897,Pd0.5Mn4.5O9
4898,PdMnO9
4899,Pd0.3Mn5.7O7
4900,Pd0.6Mn5.4O7
4901,Pd1.2Mn4.8O7
4902,Pd0.35Mn6.65O8
4903,Pd0.7Mn6.3O8
4904,Pd1.4Mn5.6O8
4905,Pd0.35Mn6.65O9
4906,Pd0.7Mn6.3O9
4907,Pd1.4Mn5.6O9
4908,Pd0.35Mn6.65O10
4909,Pd0.7Mn6.3O10
4910,Pd1.4Mn5.6O10
4911,Pd0.4Mn7.6O9
4912,Pd0.8Mn7.2O9
4913,Pd1.6Mn6.4O9
4914,Pd0.45Mn8.55O10
4915,Pd0.9Mn8.1O10
4916,Pd1.8Mn7.2O10
4917,Ag0.05Mn0.95O
4918,Ag0.1Mn0.9O
4919,Ag0.2Mn0.8O
4920,Ag0.05Mn0.95O2
4921,Ag0.1Mn0.9O2
4922,Ag0.2Mn0.8O2
4923,Ag0.05Mn0.95O3
4924,Ag0.1Mn0.9O3
4925,Ag0.2Mn0.8O3
4926,Ag0.05Mn0.95O4
4927,Ag0.1Mn0.9O4
4928,Ag0.2Mn0.8O4
4929,Ag0.05Mn0.95O5
4930,Ag0.1Mn0.9O5
4931,Ag0.2Mn0.8O5
4932,Ag0.05Mn0.95O6
4933,Ag0.1Mn0.9O6
4934,Ag0.2Mn0.8O6
4935,Ag0.05Mn0.95O7
4936,Ag0.1Mn0.9O7
4937,Ag0.2Mn0.8O7
4938,Ag0.05Mn0.95O8
4939,Ag0.1Mn0.9O8
4940,Ag0.2Mn0.8O8
4941,Ag0.05Mn0.95O9
4942,Ag0.1Mn0.9O9
4943,Ag0.2Mn0.8O9
4944,Ag0.05Mn0.95O10
4945,Ag0.1Mn0.9O10
4946,Ag0.2Mn0.8O10
4947,Ag0.1Mn1.9O3
4948,Ag0.2Mn1.8O3
4949,Ag0.4Mn1.6O3
4950,Ag0.1Mn1.9O5
4951,Ag0.2Mn1.8O5
4952,Ag0.4Mn1.6O5
4953,Ag0.1Mn1.9O7
4954,Ag0.2Mn1.8O7
4955,Ag0.4Mn1.6O7
4956,Ag0.1Mn1.9O9
4957,Ag0.2Mn1.8O9
4958,Ag0.4Mn1.6O9
4959,Ag0.15Mn2.85O4
4960,Ag0.3Mn2.7O4
4961,Ag0.6Mn2.4O4
4962,Ag0.15Mn2.85O5
4963,Ag0.3Mn2.7O5
4964,Ag0.6Mn2.4O5
4965,Ag0.15Mn2.85O7
4966,Ag0.3Mn2.7O7
4967,Ag0.6Mn2.4O7
4968,Ag0.15Mn2.85O8
4969,Ag0.3Mn2.7O8
4970,Ag0.6Mn2.4O8
4971,Ag0.15Mn2.85O10
4972,Ag0.3Mn2.7O10
4973,Ag0.6Mn2.4O10
4974,Ag0.2Mn3.8O5
4975,Ag0.4Mn3.6O5
4976,Ag0.8Mn3.2O5
4977,Ag0.2Mn3.8O7
4978,Ag0.4Mn3.6O7
4979,Ag0.8Mn3.2O7
4980,Ag0.2Mn3.8O9
4981,Ag0.4Mn3.6O9
4982,Ag0.8Mn3.2O9
4983,Ag0.25Mn4.75O6
4984,Ag0.5Mn4.5O6
4985,AgMnO6
4986,Ag0.25Mn4.75O7
4987,Ag0.5Mn4.5O7
4988,AgMnO7
4989,Ag0.25Mn4.75O8
4990,Ag0.5Mn4.5O8
4991,AgMnO8
4992,Ag0.25Mn4.75O9
4993,Ag0.5Mn4.5O9
4994,AgMnO9
4995,Ag0.3Mn5.7O7
4996,Ag0.6Mn5.4O7
4997,Ag1.2Mn4.8O7
4998,Ag0.35Mn6.65O8
4999,Ag0.7Mn6.3O8
5000,Ag1.4Mn5.6O8
5001,Ag0.35Mn6.65O9
5002,Ag0.7Mn6.3O9
5003,Ag1.4Mn5.6O9
5004,Ag0.35Mn6.65O10
5005,Ag0.7Mn6.3O10
5006,Ag1.4Mn5.6O10
5007,Ag0.4Mn7.6O9
5008,Ag0.8Mn7.2O9
5009,Ag1.6Mn6.4O9
5010,Ag0.45Mn8.55O10
5011,Ag0.9Mn8.1O10
5012,Ag1.8Mn7.2O10
5013,Pt0.05Mn0.95O
5014,Pt0.1Mn0.9O
5015,Pt0.2Mn0.8O
5016,Pt0.05Mn0.95O2
5017,Pt0.1Mn0.9O2
5018,Pt0.2Mn0.8O2
5019,Pt0.05Mn0.95O3
5020,Pt0.1Mn0.9O3
5021,Pt0.2Mn0.8O3
5022,Pt0.05Mn0.95O4
5023,Pt0.1Mn0.9O4
5024,Pt0.2Mn0.8O4
5025,Pt0.05Mn0.95O5
5026,Pt0.1Mn0.9O5
5027,Pt0.2Mn0.8O5
5028,Pt0.05Mn0.95O6
5029,Pt0.1Mn0.9O6
5030,Pt0.2Mn0.8O6
5031,Pt0.05Mn0.95O7
5032,Pt0.1Mn0.9O7
5033,Pt0.2Mn0.8O7
5034,Pt0.05Mn0.95O8
5035,Pt0.1Mn0.9O8
5036,Pt0.2Mn0.8O8
5037,Pt0.05Mn0.95O9
5038,Pt0.1Mn0.9O9
5039,Pt0.2Mn0.8O9
5040,Pt0.05Mn0.95O10
5041,Pt0.1Mn0.9O10
5042,Pt0.2Mn0.8O10
5043,Pt0.1Mn1.9O3
5044,Pt0.2Mn1.8O3
5045,Pt0.4Mn1.6O3
5046,Pt0.1Mn1.9O5
5047,Pt0.2Mn1.8O5
5048,Pt0.4Mn1.6O5
5049,Pt0.1Mn1.9O7
5050,Pt0.2Mn1.8O7
5051,Pt0.4Mn1.6O7
5052,Pt0.1Mn1.9O9
5053,Pt0.2Mn1.8O9
5054,Pt0.4Mn1.6O9
5055,Pt0.15Mn2.85O4
5056,Pt0.3Mn2.7O4
5057,Pt0.6Mn2.4O4
5058,Pt0.15Mn2.85O5
5059,Pt0.3Mn2.7O5
5060,Pt0.6Mn2.4O5
5061,Pt0.15Mn2.85O7
5062,Pt0.3Mn2.7O7
5063,Pt0.6Mn2.4O7
5064,Pt0.15Mn2.85O8
5065,Pt0.3Mn2.7O8
5066,Pt0.6Mn2.4O8
5067,Pt0.15Mn2.85O10
5068,Pt0.3Mn2.7O10
5069,Pt0.6Mn2.4O10
5070,Pt0.2Mn3.8O5
5071,Pt0.4Mn3.6O5
5072,Pt0.8Mn3.2O5
5073,Pt0.2Mn3.8O7
5074,Pt0.4Mn3.6O7
5075,Pt0.8Mn3.2O7
5076,Pt0.2Mn3.8O9
5077,Pt0.4Mn3.6O9
5078,Pt0.8Mn3.2O9
5079,Pt0.25Mn4.75O6
5080,Pt0.5Mn4.5O6
5081,PtMnO6
5082,Pt0.25Mn4.75O7
5083,Pt0.5Mn4.5O7
5084,PtMnO7
5085,Pt0.25Mn4.75O8
5086,Pt0.5Mn4.5O8
5087,PtMnO8
5088,Pt0.25Mn4.75O9
5089,Pt0.5Mn4.5O9
5090,PtMnO9
5091,Pt0.3Mn5.7O7
5092,Pt0.6Mn5.4O7
5093,Pt1.2Mn4.8O7
5094,Pt0.35Mn6.65O8
5095,Pt0.7Mn6.3O8
5096,Pt1.4Mn5.6O8
5097,Pt0.35Mn6.65O9
5098,Pt0.7Mn6.3O9
5099,Pt1.4Mn5.6O9
5100,Pt0.35Mn6.65O10
5101,Pt0.7Mn6.3O10
5102,Pt1.4Mn5.6O10
5103,Pt0.4Mn7.6O9
5104,Pt0.8Mn7.2O9
5105,Pt1.6Mn6.4O9
5106,Pt0.45Mn8.55O10
5107,Pt0.9Mn8.1O10
5108,Pt1.8Mn7.2O10
5109,Mn0.05Fe0.95O
5110,Mn0.1Fe0.9O
5111,Mn0.2Fe0.8O
5112,Mn0.05Fe0.95O2
5113,Mn0.1Fe0.9O2
5114,Mn0.2Fe0.8O2
5115,Mn0.05Fe0.95O3
5116,Mn0.1Fe0.9O3
5117,Mn0.2Fe0.8O3
5118,Mn0.05Fe0.95O4
5119,Mn0.1Fe0.9O4
5120,Mn0.2Fe0.8O4
5121,Mn0.05Fe0.95O5
5122,Mn0.1Fe0.9O5
5123,Mn0.2Fe0.8O5
5124,Mn0.05Fe0.95O6
5125,Mn0.1Fe0.9O6
5126,Mn0.2Fe0.8O6
5127,Mn0.05Fe0.95O7
5128,Mn0.1Fe0.9O7
5129,Mn0.2Fe0.8O7
5130,Mn0.05Fe0.95O8
5131,Mn0.1Fe0.9O8
5132,Mn0.2Fe0.8O8
5133,Mn0.05Fe0.95O9
5134,Mn0.1Fe0.9O9
5135,Mn0.2Fe0.8O9
5136,Mn0.05Fe0.95O10
5137,Mn0.1Fe0.9O10
5138,Mn0.2Fe0.8O10
5139,Mn0.1Fe1.9O3
5140,Mn0.2Fe1.8O3
5141,Mn0.4Fe1.6O3
5142,Mn0.1Fe1.9O5
5143,Mn0.2Fe1.8O5
5144,Mn0.4Fe1.6O5
5145,Mn0.1Fe1.9O7
5146,Mn0.2Fe1.8O7
5147,Mn0.4Fe1.6O7
5148,Mn0.1Fe1.9O9
5149,Mn0.2Fe1.8O9
5150,Mn0.4Fe1.6O9
5151,Mn0.15Fe2.85O4
5152,Mn0.3Fe2.7O4
5153,Mn0.6Fe2.4O4
5154,Mn0.15Fe2.85O5
5155,Mn0.3Fe2.7O5
5156,Mn0.6Fe2.4O5
5157,Mn0.15Fe2.85O7
5158,Mn0.3Fe2.7O7
5159,Mn0.6Fe2.4O7
5160,Mn0.15Fe2.85O8
5161,Mn0.3Fe2.7O8
5162,Mn0.6Fe2.4O8
5163,Mn0.15Fe2.85O10
5164,Mn0.3Fe2.7O10
5165,Mn0.6Fe2.4O10
5166,Mn0.2Fe3.8O5
5167,Mn0.4Fe3.6O5
5168,Mn0.8Fe3.2O5
5169,Mn0.2Fe3.8O7
5170,Mn0.4Fe3.6O7
5171,Mn0.8Fe3.2O7
5172,Mn0.2Fe3.8O9
5173,Mn0.4Fe3.6O9
5174,Mn0.8Fe3.2O9
5175,Mn0.25Fe4.75O6
5176,Mn0.5Fe4.5O6
5177,MnFeO6
5178,Mn0.25Fe4.75O7
5179,Mn0.5Fe4.5O7
5180,MnFeO7
5181,Mn0.25Fe4.75O8
5182,Mn0.5Fe4.5O8
5183,MnFeO8
5184,Mn0.25Fe4.75O9
5185,Mn0.5Fe4.5O9
5186,MnFeO9
5187,Mn0.3Fe5.7O7
5188,Mn0.6Fe5.4O7
5189,Mn1.2Fe4.8O7
5190,Mn0.35Fe6.65O8
5191,Mn0.7Fe6.3O8
5192,Mn1.4Fe5.6O8
5193,Mn0.35Fe6.65O9
5194,Mn0.7Fe6.3O9
5195,Mn1.4Fe5.6O9
5196,Mn0.35Fe6.65O10
5197,Mn0.7Fe6.3O10
5198,Mn1.4Fe5.6O10
5199,Mn0.4Fe7.6O9
5200,Mn0.8Fe7.2O9
5201,Mn1.6Fe6.4O9
5202,Mn0.45Fe8.55O10
5203,Mn0.9Fe8.1O10
5204,Mn1.8Fe7.2O10
5205,Co0.05Fe0.95O
5206,Co0.1Fe0.9O
5207,Co0.2Fe0.8O
5208,Co0.05Fe0.95O2
5209,Co0.1Fe0.9O2
5210,Co0.2Fe0.8O2
5211,Co0.05Fe0.95O3
5212,Co0.1Fe0.9O3
5213,Co0.2Fe0.8O3
5214,Co0.05Fe0.95O4
5215,Co0.1Fe0.9O4
5216,Co0.2Fe0.8O4
5217,Co0.05Fe0.95O5
5218,Co0.1Fe0.9O5
5219,Co0.2Fe0.8O5
5220,Co0.05Fe0.95O6
5221,Co0.1Fe0.9O6
5222,Co0.2Fe0.8O6
5223,Co0.05Fe0.95O7
5224,Co0.1Fe0.9O7
5225,Co0.2Fe0.8O7
5226,Co0.05Fe0.95O8
5227,Co0.1Fe0.9O8
5228,Co0.2Fe0.8O8
5229,Co0.05Fe0.95O9
5230,Co0.1Fe0.9O9
5231,Co0.2Fe0.8O9
5232,Co0.05Fe0.95O10
5233,Co0.1Fe0.9O10
5234,Co0.2Fe0.8O10
5235,Co0.1Fe1.9O3
5236,Co0.2Fe1.8O3
5237,Co0.4Fe1.6O3
5238,Co0.1Fe1.9O5
5239,Co0.2Fe1.8O5
5240,Co0.4Fe1.6O5
5241,Co0.1Fe1.9O7
5242,Co0.2Fe1.8O7
5243,Co0.4Fe1.6O7
5244,Co0.1Fe1.9O9
5245,Co0.2Fe1.8O9
5246,Co0.4Fe1.6O9
5247,Co0.15Fe2.85O4
5248,Co0.3Fe2.7O4
5249,Co0.6Fe2.4O4
5250,Co0.15Fe2.85O5
5251,Co0.3Fe2.7O5
5252,Co0.6Fe2.4O5
5253,Co0.15Fe2.85O7
5254,Co0.3Fe2.7O7
5255,Co0.6Fe2.4O7
5256,Co0.15Fe2.85O8
5257,Co0.3Fe2.7O8
5258,Co0.6Fe2.4O8
5259,Co0.15Fe2.85O10
5260,Co0.3Fe2.7O10
5261,Co0.6Fe2.4O10
5262,Co0.2Fe3.8O5
5263,Co0.4Fe3.6O5
5264,Co0.8Fe3.2O5
5265,Co0.2Fe3.8O7
5266,Co0.4Fe3.6O7
5267,Co0.8Fe3.2O7
5268,Co0.2Fe3.8O9
5269,Co0.4Fe3.6O9
5270,Co0.8Fe3.2O9
5271,Co0.25Fe4.75O6
5272,Co0.5Fe4.5O6
5273,CoFeO6
5274,Co0.25Fe4.75O7
5275,Co0.5Fe4.5O7
5276,CoFeO7
5277,Co0.25Fe4.75O8
5278,Co0.5Fe4.5O8
5279,CoFeO8
5280,Co0.25Fe4.75O9
5281,Co0.5Fe4.5O9
5282,CoFeO9
5283,Co0.3Fe5.7O7
5284,Co0.6Fe5.4O7
5285,Co1.2Fe4.8O7
5286,Co0.35Fe6.65O8
5287,Co0.7Fe6.3O8
5288,Co1.4Fe5.6O8
5289,Co0.35Fe6.65O9
5290,Co0.7Fe6.3O9
5291,Co1.4Fe5.6O9
5292,Co0.35Fe6.65O10
5293,Co0.7Fe6.3O10
5294,Co1.4Fe5.6O10
5295,Co0.4Fe7.6O9
5296,Co0.8Fe7.2O9
5297,Co1.6Fe6.4O9
5298,Co0.45Fe8.55O10
5299,Co0.9Fe8.1O10
5300,Co1.8Fe7.2O10
5301,Ni0.05Fe0.95O
5302,Ni0.1Fe0.9O
5303,Ni0.2Fe0.8O
5304,Ni0.05Fe0.95O2
5305,Ni0.1Fe0.9O2
5306,Ni0.2Fe0.8O2
5307,Ni0.05Fe0.95O3
5308,Ni0.1Fe0.9O3
5309,Ni0.2Fe0.8O3
5310,Ni0.05Fe0.95O4
5311,Ni0.1Fe0.9O4
5312,Ni0.2Fe0.8O4
5313,Ni0.05Fe0.95O5
5314,Ni0.1Fe0.9O5
5315,Ni0.2Fe0.8O5
5316,Ni0.05Fe0.95O6
5317,Ni0.1Fe0.9O6
5318,Ni0.2Fe0.8O6
5319,Ni0.05Fe0.95O7
5320,Ni0.1Fe0.9O7
5321,Ni0.2Fe0.8O7
5322,Ni0.05Fe0.95O8
5323,Ni0.1Fe0.9O8
5324,Ni0.2Fe0.8O8
5325,Ni0.05Fe0.95O9
5326,Ni0.1Fe0.9O9
5327,Ni0.2Fe0.8O9
5328,Ni0.05Fe0.95O10
5329,Ni0.1Fe0.9O10
5330,Ni0.2Fe0.8O10
5331,Ni0.1Fe1.9O3
5332,Ni0.2Fe1.8O3
5333,Ni0.4Fe1.6O3
5334,Ni0.1Fe1.9O5
5335,Ni0.2Fe1.8O5
5336,Ni0.4Fe1.6O5
5337,Ni0.1Fe1.9O7
5338,Ni0.2Fe1.8O7
5339,Ni0.4Fe1.6O7
5340,Ni0.1Fe1.9O9
5341,Ni0.2Fe1.8O9
5342,Ni0.4Fe1.6O9
5343,Ni0.15Fe2.85O4
5344,Ni0.3Fe2.7O4
5345,Ni0.6Fe2.4O4
5346,Ni0.15Fe2.85O5
5347,Ni0.3Fe2.7O5
5348,Ni0.6Fe2.4O5
5349,Ni0.15Fe2.85O7
5350,Ni0.3Fe2.7O7
5351,Ni0.6Fe2.4O7
5352,Ni0.15Fe2.85O8
5353,Ni0.3Fe2.7O8
5354,Ni0.6Fe2.4O8
5355,Ni0.15Fe2.85O10
5356,Ni0.3Fe2.7O10
5357,Ni0.6Fe2.4O10
5358,Ni0.2Fe3.8O5
5359,Ni0.4Fe3.6O5
5360,Ni0.8Fe3.2O5
5361,Ni0.2Fe3.8O7
5362,Ni0.4Fe3.6O7
5363,Ni0.8Fe3.2O7
5364,Ni0.2Fe3.8O9
5365,Ni0.4Fe3.6O9
5366,Ni0.8Fe3.2O9
5367,Ni0.25Fe4.75O6
5368,Ni0.5Fe4.5O6
5369,NiFeO6
5370,Ni0.25Fe4.75O7
5371,Ni0.5Fe4.5O7
5372,NiFeO7
5373,Ni0.25Fe4.75O8
5374,Ni0.5Fe4.5O8
5375,NiFeO8
5376,Ni0.25Fe4.75O9
5377,Ni0.5Fe4.5O9
5378,NiFeO9
5379,Ni0.3Fe5.7O7
5380,Ni0.6Fe5.4O7
5381,Ni1.2Fe4.8O7
5382,Ni0.35Fe6.65O8
5383,Ni0.7Fe6.3O8
5384,Ni1.4Fe5.6O8
5385,Ni0.35Fe6.65O9
5386,Ni0.7Fe6.3O9
5387,Ni1.4Fe5.6O9
5388,Ni0.35Fe6.65O10
5389,Ni0.7Fe6.3O10
5390,Ni1.4Fe5.6O10
5391,Ni0.4Fe7.6O9
5392,Ni0.8Fe7.2O9
5393,Ni1.6Fe6.4O9
5394,Ni0.45Fe8.55O10
5395,Ni0.9Fe8.1O10
5396,Ni1.8Fe7.2O10
5397,Ru0.05Fe0.95O
5398,Ru0.1Fe0.9O
5399,Ru0.2Fe0.8O
5400,Ru0.05Fe0.95O2
5401,Ru0.1Fe0.9O2
5402,Ru0.2Fe0.8O2
5403,Ru0.05Fe0.95O3
5404,Ru0.1Fe0.9O3
5405,Ru0.2Fe0.8O3
5406,Ru0.05Fe0.95O4
5407,Ru0.1Fe0.9O4
5408,Ru0.2Fe0.8O4
5409,Ru0.05Fe0.95O5
5410,Ru0.1Fe0.9O5
5411,Ru0.2Fe0.8O5
5412,Ru0.05Fe0.95O6
5413,Ru0.1Fe0.9O6
5414,Ru0.2Fe0.8O6
5415,Ru0.05Fe0.95O7
5416,Ru0.1Fe0.9O7
5417,Ru0.2Fe0.8O7
5418,Ru0.05Fe0.95O8
5419,Ru0.1Fe0.9O8
5420,Ru0.2Fe0.8O8
5421,Ru0.05Fe0.95O9
5422,Ru0.1Fe0.9O9
5423,Ru0.2Fe0.8O9
5424,Ru0.05Fe0.95O10
5425,Ru0.1Fe0.9O10
5426,Ru0.2Fe0.8O10
5427,Ru0.1Fe1.9O3
5428,Ru0.2Fe1.8O3
5429,Ru0.4Fe1.6O3
5430,Ru0.1Fe1.9O5
5431,Ru0.2Fe1.8O5
5432,Ru0.4Fe1.6O5
5433,Ru0.1Fe1.9O7
5434,Ru0.2Fe1.8O7
5435,Ru0.4Fe1.6O7
5436,Ru0.1Fe1.9O9
5437,Ru0.2Fe1.8O9
5438,Ru0.4Fe1.6O9
5439,Ru0.15Fe2.85O4
5440,Ru0.3Fe2.7O4
5441,Ru0.6Fe2.4O4
5442,Ru0.15Fe2.85O5
5443,Ru0.3Fe2.7O5
5444,Ru0.6Fe2.4O5
5445,Ru0.15Fe2.85O7
5446,Ru0.3Fe2.7O7
5447,Ru0.6Fe2.4O7
5448,Ru0.15Fe2.85O8
5449,Ru0.3Fe2.7O8
5450,Ru0.6Fe2.4O8
5451,Ru0.15Fe2.85O10
5452,Ru0.3Fe2.7O10
5453,Ru0.6Fe2.4O10
5454,Ru0.2Fe3.8O5
5455,Ru0.4Fe3.6O5
5456,Ru0.8Fe3.2O5
5457,Ru0.2Fe3.8O7
5458,Ru0.4Fe3.6O7
5459,Ru0.8Fe3.2O7
5460,Ru0.2Fe3.8O9
5461,Ru0.4Fe3.6O9
5462,Ru0.8Fe3.2O9
5463,Ru0.25Fe4.75O6
5464,Ru0.5Fe4.5O6
5465,RuFeO6
5466,Ru0.25Fe4.75O7
5467,Ru0.5Fe4.5O7
5468,RuFeO7
5469,Ru0.25Fe4.75O8
5470,Ru0.5Fe4.5O8
5471,RuFeO8
5472,Ru0.25Fe4.75O9
5473,Ru0.5Fe4.5O9
5474,RuFeO9
5475,Ru0.3Fe5.7O7
5476,Ru0.6Fe5.4O7
5477,Ru1.2Fe4.8O7
5478,Ru0.35Fe6.65O8
5479,Ru0.7Fe6.3O8
5480,Ru1.4Fe5.6O8
5481,Ru0.35Fe6.65O9
5482,Ru0.7Fe6.3O9
5483,Ru1.4Fe5.6O9
5484,Ru0.35Fe6.65O10
5485,Ru0.7Fe6.3O10
5486,Ru1.4Fe5.6O10
5487,Ru0.4Fe7.6O9
5488,Ru0.8Fe7.2O9
5489,Ru1.6Fe6.4O9
5490,Ru0.45Fe8.55O10
5491,Ru0.9Fe8.1O10
5492,Ru1.8Fe7.2O10
5493,Pd0.05Fe0.95O
5494,Pd0.1Fe0.9O
5495,Pd0.2Fe0.8O
5496,Pd0.05Fe0.95O2
5497,Pd0.1Fe0.9O2
5498,Pd0.2Fe0.8O2
5499,Pd0.05Fe0.95O3
5500,Pd0.1Fe0.9O3
5501,Pd0.2Fe0.8O3
5502,Pd0.05Fe0.95O4
5503,Pd0.1Fe0.9O4
5504,Pd0.2Fe0.8O4
5505,Pd0.05Fe0.95O5
5506,Pd0.1Fe0.9O5
5507,Pd0.2Fe0.8O5
5508,Pd0.05Fe0.95O6
5509,Pd0.1Fe0.9O6
5510,Pd0.2Fe0.8O6
5511,Pd0.05Fe0.95O7
5512,Pd0.1Fe0.9O7
5513,Pd0.2Fe0.8O7
5514,Pd0.05Fe0.95O8
5515,Pd0.1Fe0.9O8
5516,Pd0.2Fe0.8O8
5517,Pd0.05Fe0.95O9
5518,Pd0.1Fe0.9O9
5519,Pd0.2Fe0.8O9
5520,Pd0.05Fe0.95O10
5521,Pd0.1Fe0.9O10
5522,Pd0.2Fe0.8O10
5523,Pd0.1Fe1.9O3
5524,Pd0.2Fe1.8O3
5525,Pd0.4Fe1.6O3
5526,Pd0.1Fe1.9O5
5527,Pd0.2Fe1.8O5
5528,Pd0.4Fe1.6O5
5529,Pd0.1Fe1.9O7
5530,Pd0.2Fe1.8O7
5531,Pd0.4Fe1.6O7
5532,Pd0.1Fe1.9O9
5533,Pd0.2Fe1.8O9
5534,Pd0.4Fe1.6O9
5535,Pd0.15Fe2.85O4
5536,Pd0.3Fe2.7O4
5537,Pd0.6Fe2.4O4
5538,Pd0.15Fe2.85O5
5539,Pd0.3Fe2.7O5
5540,Pd0.6Fe2.4O5
5541,Pd0.15Fe2.85O7
5542,Pd0.3Fe2.7O7
5543,Pd0.6Fe2.4O7
5544,Pd0.15Fe2.85O8
5545,Pd0.3Fe2.7O8
5546,Pd0.6Fe2.4O8
5547,Pd0.15Fe2.85O10
5548,Pd0.3Fe2.7O10
5549,Pd0.6Fe2.4O10
5550,Pd0.2Fe3.8O5
5551,Pd0.4Fe3.6O5
5552,Pd0.8Fe3.2O5
5553,Pd0.2Fe3.8O7
5554,Pd0.4Fe3.6O7
5555,Pd0.8Fe3.2O7
5556,Pd0.2Fe3.8O9
5557,Pd0.4Fe3.6O9
5558,Pd0.8Fe3.2O9
5559,Pd0.25Fe4.75O6
5560,Pd0.5Fe4.5O6
5561,PdFeO6
5562,Pd0.25Fe4.75O7
5563,Pd0.5Fe4.5O7
5564,PdFeO7
5565,Pd0.25Fe4.75O8
5566,Pd0.5Fe4.5O8
5567,PdFeO8
5568,Pd0.25Fe4.75O9
5569,Pd0.5Fe4.5O9
5570,PdFeO9
5571,Pd0.3Fe5.7O7
5572,Pd0.6Fe5.4O7
5573,Pd1.2Fe4.8O7
5574,Pd0.35Fe6.65O8
5575,Pd0.7Fe6.3O8
5576,Pd1.4Fe5.6O8
5577,Pd0.35Fe6.65O9
5578,Pd0.7Fe6.3O9
5579,Pd1.4Fe5.6O9
5580,Pd0.35Fe6.65O10
5581,Pd0.7Fe6.3O10
5582,Pd1.4Fe5.6O10
5583,Pd0.4Fe7.6O9
5584,Pd0.8Fe7.2O9
5585,Pd1.6Fe6.4O9
5586,Pd0.45Fe8.55O10
5587,Pd0.9Fe8.1O10
5588,Pd1.8Fe7.2O10
5589,Ag0.05Fe0.95O
5590,Ag0.1Fe0.9O
5591,Ag0.2Fe0.8O
5592,Ag0.05Fe0.95O2
5593,Ag0.1Fe0.9O2
5594,Ag0.2Fe0.8O2
5595,Ag0.05Fe0.95O3
5596,Ag0.1Fe0.9O3
5597,Ag0.2Fe0.8O3
5598,Ag0.05Fe0.95O4
5599,Ag0.1Fe0.9O4
5600,Ag0.2Fe0.8O4
5601,Ag0.05Fe0.95O5
5602,Ag0.1Fe0.9O5
5603,Ag0.2Fe0.8O5
5604,Ag0.05Fe0.95O6
5605,Ag0.1Fe0.9O6
5606,Ag0.2Fe0.8O6
5607,Ag0.05Fe0.95O7
5608,Ag0.1Fe0.9O7
5609,Ag0.2Fe0.8O7
5610,Ag0.05Fe0.95O8
5611,Ag0.1Fe0.9O8
5612,Ag0.2Fe0.8O8
5613,Ag0.05Fe0.95O9
5614,Ag0.1Fe0.9O9
5615,Ag0.2Fe0.8O9
5616,Ag0.05Fe0.95O10
5617,Ag0.1Fe0.9O10
5618,Ag0.2Fe0.8O10
5619,Ag0.1Fe1.9O3
5620,Ag0.2Fe1.8O3
5621,Ag0.4Fe1.6O3
5622,Ag0.1Fe1.9O5
5623,Ag0.2Fe1.8O5
5624,Ag0.4Fe1.6O5
5625,Ag0.1Fe1.9O7
5626,Ag0.2Fe1.8O7
5627,Ag0.4Fe1.6O7
5628,Ag0.1Fe1.9O9
5629,Ag0.2Fe1.8O9
5630,Ag0.4Fe1.6O9
5631,Ag0.15Fe2.85O4
5632,Ag0.3Fe2.7O4
5633,Ag0.6Fe2.4O4
5634,Ag0.15Fe2.85O5
5635,Ag0.3Fe2.7O5
5636,Ag0.6Fe2.4O5
5637,Ag0.15Fe2.85O7
5638,Ag0.3Fe2.7O7
5639,Ag0.6Fe2.4O7
5640,Ag0.15Fe2.85O8
5641,Ag0.3Fe2.7O8
5642,Ag0.6Fe2.4O8
5643,Ag0.15Fe2.85O10
5644,Ag0.3Fe2.7O10
5645,Ag0.6Fe2.4O10
5646,Ag0.2Fe3.8O5
5647,Ag0.4Fe3.6O5
5648,Ag0.8Fe3.2O5
5649,Ag0.2Fe3.8O7
5650,Ag0.4Fe3.6O7
5651,Ag0.8Fe3.2O7
5652,Ag0.2Fe3.8O9
5653,Ag0.4Fe3.6O9
5654,Ag0.8Fe3.2O9
5655,Ag0.25Fe4.75O6
5656,Ag0.5Fe4.5O6
5657,AgFeO6
5658,Ag0.25Fe4.75O7
5659,Ag0.5Fe4.5O7
5660,AgFeO7
5661,Ag0.25Fe4.75O8
5662,Ag0.5Fe4.5O8
5663,AgFeO8
5664,Ag0.25Fe4.75O9
5665,Ag0.5Fe4.5O9
5666,AgFeO9
5667,Ag0.3Fe5.7O7
5668,Ag0.6Fe5.4O7
5669,Ag1.2Fe4.8O7
5670,Ag0.35Fe6.65O8
5671,Ag0.7Fe6.3O8
5672,Ag1.4Fe5.6O8
5673,Ag0.35Fe6.65O9
5674,Ag0.7Fe6.3O9
5675,Ag1.4Fe5.6O9
5676,Ag0.35Fe6.65O10
5677,Ag0.7Fe6.3O10
5678,Ag1.4Fe5.6O10
5679,Ag0.4Fe7.6O9
5680,Ag0.8Fe7.2O9
5681,Ag1.6Fe6.4O9
5682,Ag0.45Fe8.55O10
5683,Ag0.9Fe8.1O10
5684,Ag1.8Fe7.2O10
5685,Pt0.05Fe0.95O
5686,Pt0.1Fe0.9O
5687,Pt0.2Fe0.8O
5688,Pt0.05Fe0.95O2
5689,Pt0.1Fe0.9O2
5690,Pt0.2Fe0.8O2
5691,Pt0.05Fe0.95O3
5692,Pt0.1Fe0.9O3
5693,Pt0.2Fe0.8O3
5694,Pt0.05Fe0.95O4
5695,Pt0.1Fe0.9O4
5696,Pt0.2Fe0.8O4
5697,Pt0.05Fe0.95O5
5698,Pt0.1Fe0.9O5
5699,Pt0.2Fe0.8O5
5700,Pt0.05Fe0.95O6
5701,Pt0.1Fe0.9O6
5702,Pt0.2Fe0.8O6
5703,Pt0.05Fe0.95O7
5704,Pt0.1Fe0.9O7
5705,Pt0.2Fe0.8O7
5706,Pt0.05Fe0.95O8
5707,Pt0.1Fe0.9O8
5708,Pt0.2Fe0.8O8
5709,Pt0.05Fe0.95O9
5710,Pt0.1Fe0.9O9
5711,Pt0.2Fe0.8O9
5712,Pt0.05Fe0.95O10
5713,Pt0.1Fe0.9O10
5714,Pt0.2Fe0.8O10
5715,Pt0.1Fe1.9O3
5716,Pt0.2Fe1.8O3
5717,Pt0.4Fe1.6O3
5718,Pt0.1Fe1.9O5
5719,Pt0.2Fe1.8O5
5720,Pt0.4Fe1.6O5
5721,Pt0.1Fe1.9O7
5722,Pt0.2Fe1.8O7
5723,Pt0.4Fe1.6O7
5724,Pt0.1Fe1.9O9
5725,Pt0.2Fe1.8O9
5726,Pt0.4Fe1.6O9
5727,Pt0.15Fe2.85O4
5728,Pt0.3Fe2.7O4
5729,Pt0.6Fe2.4O4
5730,Pt0.15Fe2.85O5
5731,Pt0.3Fe2.7O5
5732,Pt0.6Fe2.4O5
5733,Pt0.15Fe2.85O7
5734,Pt0.3Fe2.7O7
5735,Pt0.6Fe2.4O7
5736,Pt0.15Fe2.85O8
5737,Pt0.3Fe2.7O8
5738,Pt0.6Fe2.4O8
5739,Pt0.15Fe2.85O10
5740,Pt0.3Fe2.7O10
5741,Pt0.6Fe2.4O10
5742,Pt0.2Fe3.8O5
5743,Pt0.4Fe3.6O5
5744,Pt0.8Fe3.2O5
5745,Pt0.2Fe3.8O7
5746,Pt0.4Fe3.6O7
5747,Pt0.8Fe3.2O7
5748,Pt0.2Fe3.8O9
5749,Pt0.4Fe3.6O9
5750,Pt0.8Fe3.2O9
5751,Pt0.25Fe4.75O6
5752,Pt0.5Fe4.5O6
5753,PtFeO6
5754,Pt0.25Fe4.75O7
5755,Pt0.5Fe4.5O7
5756,PtFeO7
5757,Pt0.25Fe4.75O8
5758,Pt0.5Fe4.5O8
5759,PtFeO8
5760,Pt0.25Fe4.75O9
5761,Pt0.5Fe4.5O9
5762,PtFeO9
5763,Pt0.3Fe5.7O7
5764,Pt0.6Fe5.4O7
5765,Pt1.2Fe4.8O7
5766,Pt0.35Fe6.65O8
5767,Pt0.7Fe6.3O8
5768,Pt1.4Fe5.6O8
5769,Pt0.35Fe6.65O9
5770,Pt0.7Fe6.3O9
5771,Pt1.4Fe5.6O9
5772,Pt0.35Fe6.65O10
5773,Pt0.7Fe6.3O10
5774,Pt1.4Fe5.6O10
5775,Pt0.4Fe7.6O9
5776,Pt0.8Fe7.2O9
5777,Pt1.6Fe6.4O9
5778,Pt0.45Fe8.55O10
5779,Pt0.9Fe8.1O10
5780,Pt1.8Fe7.2O10
5781,Mn0.05Co0.95O
5782,Mn0.1Co0.9O
5783,Mn0.2Co0.8O
5784,Mn0.05Co0.95O2
5785,Mn0.1Co0.9O2
5786,Mn0.2Co0.8O2
5787,Mn0.05Co0.95O3
5788,Mn0.1Co0.9O3
5789,Mn0.2Co0.8O3
5790,Mn0.05Co0.95O4
5791,Mn0.1Co0.9O4
5792,Mn0.2Co0.8O4
5793,Mn0.05Co0.95O5
5794,Mn0.1Co0.9O5
5795,Mn0.2Co0.8O5
5796,Mn0.05Co0.95O6
5797,Mn0.1Co0.9O6
5798,Mn0.2Co0.8O6
5799,Mn0.05Co0.95O7
5800,Mn0.1Co0.9O7
5801,Mn0.2Co0.8O7
5802,Mn0.05Co0.95O8
5803,Mn0.1Co0.9O8
5804,Mn0.2Co0.8O8
5805,Mn0.05Co0.95O9
5806,Mn0.1Co0.9O9
5807,Mn0.2Co0.8O9
5808,Mn0.05Co0.95O10
5809,Mn0.1Co0.9O10
5810,Mn0.2Co0.8O10
5811,Mn0.1Co1.9O3
5812,Mn0.2Co1.8O3
5813,Mn0.4Co1.6O3
5814,Mn0.1Co1.9O5
5815,Mn0.2Co1.8O5
5816,Mn0.4Co1.6O5
5817,Mn0.1Co1.9O7
5818,Mn0.2Co1.8O7
5819,Mn0.4Co1.6O7
5820,Mn0.1Co1.9O9
5821,Mn0.2Co1.8O9
5822,Mn0.4Co1.6O9
5823,Mn0.15Co2.85O4
5824,Mn0.3Co2.7O4
5825,Mn0.6Co2.4O4
5826,Mn0.15Co2.85O5
5827,Mn0.3Co2.7O5
5828,Mn0.6Co2.4O5
5829,Mn0.15Co2.85O7
5830,Mn0.3Co2.7O7
5831,Mn0.6Co2.4O7
5832,Mn0.15Co2.85O8
5833,Mn0.3Co2.7O8
5834,Mn0.6Co2.4O8
5835,Mn0.15Co2.85O10
5836,Mn0.3Co2.7O10
5837,Mn0.6Co2.4O10
5838,Mn0.2Co3.8O5
5839,Mn0.4Co3.6O5
5840,Mn0.8Co3.2O5
5841,Mn0.2Co3.8O7
5842,Mn0.4Co3.6O7
5843,Mn0.8Co3.2O7
5844,Mn0.2Co3.8O9
5845,Mn0.4Co3.6O9
5846,Mn0.8Co3.2O9
5847,Mn0.25Co4.75O6
5848,Mn0.5Co4.5O6
5849,MnCoO6
5850,Mn0.25Co4.75O7
5851,Mn0.5Co4.5O7
5852,MnCoO7
5853,Mn0.25Co4.75O8
5854,Mn0.5Co4.5O8
5855,MnCoO8
5856,Mn0.25Co4.75O9
5857,Mn0.5Co4.5O9
5858,MnCoO9
5859,Mn0.3Co5.7O7
5860,Mn0.6Co5.4O7
5861,Mn1.2Co4.8O7
5862,Mn0.35Co6.65O8
5863,Mn0.7Co6.3O8
5864,Mn1.4Co5.6O8
5865,Mn0.35Co6.65O9
5866,Mn0.7Co6.3O9
5867,Mn1.4Co5.6O9
5868,Mn0.35Co6.65O10
5869,Mn0.7Co6.3O10
5870,Mn1.4Co5.6O10
5871,Mn0.4Co7.6O9
5872,Mn0.8Co7.2O9
5873,Mn1.6Co6.4O9
5874,Mn0.45Co8.55O10
5875,Mn0.9Co8.1O10
5876,Mn1.8Co7.2O10
5877,Fe0.05Co0.95O
5878,Fe0.1Co0.9O
5879,Fe0.2Co0.8O
5880,Fe0.05Co0.95O2
5881,Fe0.1Co0.9O2
5882,Fe0.2Co0.8O2
5883,Fe0.05Co0.95O3
5884,Fe0.1Co0.9O3
5885,Fe0.2Co0.8O3
5886,Fe0.05Co0.95O4
5887,Fe0.1Co0.9O4
5888,Fe0.2Co0.8O4
5889,Fe0.05Co0.95O5
5890,Fe0.1Co0.9O5
5891,Fe0.2Co0.8O5
5892,Fe0.05Co0.95O6
5893,Fe0.1Co0.9O6
5894,Fe0.2Co0.8O6
5895,Fe0.05Co0.95O7
5896,Fe0.1Co0.9O7
5897,Fe0.2Co0.8O7
5898,Fe0.05Co0.95O8
5899,Fe0.1Co0.9O8
5900,Fe0.2Co0.8O8
5901,Fe0.05Co0.95O9
5902,Fe0.1Co0.9O9
5903,Fe0.2Co0.8O9
5904,Fe0.05Co0.95O10
5905,Fe0.1Co0.9O10
5906,Fe0.2Co0.8O10
5907,Fe0.1Co1.9O3
5908,Fe0.2Co1.8O3
5909,Fe0.4Co1.6O3
5910,Fe0.1Co1.9O5
5911,Fe0.2Co1.8O5
5912,Fe0.4Co1.6O5
5913,Fe0.1Co1.9O7
5914,Fe0.2Co1.8O7
5915,Fe0.4Co1.6O7
5916,Fe0.1Co1.9O9
5917,Fe0.2Co1.8O9
5918,Fe0.4Co1.6O9
5919,Fe0.15Co2.85O4
5920,Fe0.3Co2.7O4
5921,Fe0.6Co2.4O4
5922,Fe0.15Co2.85O5
5923,Fe0.3Co2.7O5
5924,Fe0.6Co2.4O5
5925,Fe0.15Co2.85O7
5926,Fe0.3Co2.7O7
5927,Fe0.6Co2.4O7
5928,Fe0.15Co2.85O8
5929,Fe0.3Co2.7O8
5930,Fe0.6Co2.4O8
5931,Fe0.15Co2.85O10
5932,Fe0.3Co2.7O10
5933,Fe0.6Co2.4O10
5934,Fe0.2Co3.8O5
5935,Fe0.4Co3.6O5
5936,Fe0.8Co3.2O5
5937,Fe0.2Co3.8O7
5938,Fe0.4Co3.6O7
5939,Fe0.8Co3.2O7
5940,Fe0.2Co3.8O9
5941,Fe0.4Co3.6O9
5942,Fe0.8Co3.2O9
5943,Fe0.25Co4.75O6
5944,Fe0.5Co4.5O6
5945,FeCoO6
5946,Fe0.25Co4.75O7
5947,Fe0.5Co4.5O7
5948,FeCoO7
5949,Fe0.25Co4.75O8
5950,Fe0.5Co4.5O8
5951,FeCoO8
5952,Fe0.25Co4.75O9
5953,Fe0.5Co4.5O9
5954,FeCoO9
5955,Fe0.3Co5.7O7
5956,Fe0.6Co5.4O7
5957,Fe1.2Co4.8O7
5958,Fe0.35Co6.65O8
5959,Fe0.7Co6.3O8
5960,Fe1.4Co5.6O8
5961,Fe0.35Co6.65O9
5962,Fe0.7Co6.3O9
5963,Fe1.4Co5.6O9
5964,Fe0.35Co6.65O10
5965,Fe0.7Co6.3O10
5966,Fe1.4Co5.6O10
5967,Fe0.4Co7.6O9
5968,Fe0.8Co7.2O9
5969,Fe1.6Co6.4O9
5970,Fe0.45Co8.55O10
5971,Fe0.9Co8.1O10
5972,Fe1.8Co7.2O10
5973,Ni0.05Co0.95O
5974,Ni0.1Co0.9O
5975,Ni0.2Co0.8O
5976,Ni0.05Co0.95O2
5977,Ni0.1Co0.9O2
5978,Ni0.2Co0.8O2
5979,Ni0.05Co0.95O3
5980,Ni0.1Co0.9O3
5981,Ni0.2Co0.8O3
5982,Ni0.05Co0.95O4
5983,Ni0.1Co0.9O4
5984,Ni0.2Co0.8O4
5985,Ni0.05Co0.95O5
5986,Ni0.1Co0.9O5
5987,Ni0.2Co0.8O5
5988,Ni0.05Co0.95O6
5989,Ni0.1Co0.9O6
5990,Ni0.2Co0.8O6
5991,Ni0.05Co0.95O7
5992,Ni0.1Co0.9O7
5993,Ni0.2Co0.8O7
5994,Ni0.05Co0.95O8
5995,Ni0.1Co0.9O8
5996,Ni0.2Co0.8O8
5997,Ni0.05Co0.95O9
5998,Ni0.1Co0.9O9
5999,Ni0.2Co0.8O9
6000,Ni0.05Co0.95O10
6001,Ni0.1Co0.9O10
6002,Ni0.2Co0.8O10
6003,Ni0.1Co1.9O3
6004,Ni0.2Co1.8O3
6005,Ni0.4Co1.6O3
6006,Ni0.1Co1.9O5
6007,Ni0.2Co1.8O5
6008,Ni0.4Co1.6O5
6009,Ni0.1Co1.9O7
6010,Ni0.2Co1.8O7
6011,Ni0.4Co1.6O7
6012,Ni0.1Co1.9O9
6013,Ni0.2Co1.8O9
6014,Ni0.4Co1.6O9
6015,Ni0.15Co2.85O4
6016,Ni0.3Co2.7O4
6017,Ni0.6Co2.4O4
6018,Ni0.15Co2.85O5
6019,Ni0.3Co2.7O5
6020,Ni0.6Co2.4O5
6021,Ni0.15Co2.85O7
6022,Ni0.3Co2.7O7
6023,Ni0.6Co2.4O7
6024,Ni0.15Co2.85O8
6025,Ni0.3Co2.7O8
6026,Ni0.6Co2.4O8
6027,Ni0.15Co2.85O10
6028,Ni0.3Co2.7O10
6029,Ni0.6Co2.4O10
6030,Ni0.2Co3.8O5
6031,Ni0.4Co3.6O5
6032,Ni0.8Co3.2O5
6033,Ni0.2Co3.8O7
6034,Ni0.4Co3.6O7
6035,Ni0.8Co3.2O7
6036,Ni0.2Co3.8O9
6037,Ni0.4Co3.6O9
6038,Ni0.8Co3.2O9
6039,Ni0.25Co4.75O6
6040,Ni0.5Co4.5O6
6041,NiCoO6
6042,Ni0.25Co4.75O7
6043,Ni0.5Co4.5O7
6044,NiCoO7
6045,Ni0.25Co4.75O8
6046,Ni0.5Co4.5O8
6047,NiCoO8
6048,Ni0.25Co4.75O9
6049,Ni0.5Co4.5O9
6050,NiCoO9
6051,Ni0.3Co5.7O7
6052,Ni0.6Co5.4O7
6053,Ni1.2Co4.8O7
6054,Ni0.35Co6.65O8
6055,Ni0.7Co6.3O8
6056,Ni1.4Co5.6O8
6057,Ni0.35Co6.65O9
6058,Ni0.7Co6.3O9
6059,Ni1.4Co5.6O9
6060,Ni0.35Co6.65O10
6061,Ni0.7Co6.3O10
6062,Ni1.4Co5.6O10
6063,Ni0.4Co7.6O9
6064,Ni0.8Co7.2O9
6065,Ni1.6Co6.4O9
6066,Ni0.45Co8.55O10
6067,Ni0.9Co8.1O10
6068,Ni1.8Co7.2O10
6069,Ru0.05Co0.95O
6070,Ru0.1Co0.9O
6071,Ru0.2Co0.8O
6072,Ru0.05Co0.95O2
6073,Ru0.1Co0.9O2
6074,Ru0.2Co0.8O2
6075,Ru0.05Co0.95O3
6076,Ru0.1Co0.9O3
6077,Ru0.2Co0.8O3
6078,Ru0.05Co0.95O4
6079,Ru0.1Co0.9O4
6080,Ru0.2Co0.8O4
6081,Ru0.05Co0.95O5
6082,Ru0.1Co0.9O5
6083,Ru0.2Co0.8O5
6084,Ru0.05Co0.95O6
6085,Ru0.1Co0.9O6
6086,Ru0.2Co0.8O6
6087,Ru0.05Co0.95O7
6088,Ru0.1Co0.9O7
6089,Ru0.2Co0.8O7
6090,Ru0.05Co0.95O8
6091,Ru0.1Co0.9O8
6092,Ru0.2Co0.8O8
6093,Ru0.05Co0.95O9
6094,Ru0.1Co0.9O9
6095,Ru0.2Co0.8O9
6096,Ru0.05Co0.95O10
6097,Ru0.1Co0.9O10
6098,Ru0.2Co0.8O10
6099,Ru0.1Co1.9O3
6100,Ru0.2Co1.8O3
6101,Ru0.4Co1.6O3
6102,Ru0.1Co1.9O5
6103,Ru0.2Co1.8O5
6104,Ru0.4Co1.6O5
6105,Ru0.1Co1.9O7
6106,Ru0.2Co1.8O7
6107,Ru0.4Co1.6O7
6108,Ru0.1Co1.9O9
6109,Ru0.2Co1.8O9
6110,Ru0.4Co1.6O9
6111,Ru0.15Co2.85O4
6112,Ru0.3Co2.7O4
6113,Ru0.6Co2.4O4
6114,Ru0.15Co2.85O5
6115,Ru0.3Co2.7O5
6116,Ru0.6Co2.4O5
6117,Ru0.15Co2.85O7
6118,Ru0.3Co2.7O7
6119,Ru0.6Co2.4O7
6120,Ru0.15Co2.85O8
6121,Ru0.3Co2.7O8
6122,Ru0.6Co2.4O8
6123,Ru0.15Co2.85O10
6124,Ru0.3Co2.7O10
6125,Ru0.6Co2.4O10
6126,Ru0.2Co3.8O5
6127,Ru0.4Co3.6O5
6128,Ru0.8Co3.2O5
6129,Ru0.2Co3.8O7
6130,Ru0.4Co3.6O7
6131,Ru0.8Co3.2O7
6132,Ru0.2Co3.8O9
6133,Ru0.4Co3.6O9
6134,Ru0.8Co3.2O9
6135,Ru0.25Co4.75O6
6136,Ru0.5Co4.5O6
6137,RuCoO6
6138,Ru0.25Co4.75O7
6139,Ru0.5Co4.5O7
6140,RuCoO7
6141,Ru0.25Co4.75O8
6142,Ru0.5Co4.5O8
6143,RuCoO8
6144,Ru0.25Co4.75O9
6145,Ru0.5Co4.5O9
6146,RuCoO9
6147,Ru0.3Co5.7O7
6148,Ru0.6Co5.4O7
6149,Ru1.2Co4.8O7
6150,Ru0.35Co6.65O8
6151,Ru0.7Co6.3O8
6152,Ru1.4Co5.6O8
6153,Ru0.35Co6.65O9
6154,Ru0.7Co6.3O9
6155,Ru1.4Co5.6O9
6156,Ru0.35Co6.65O10
6157,Ru0.7Co6.3O10
6158,Ru1.4Co5.6O10
6159,Ru0.4Co7.6O9
6160,Ru0.8Co7.2O9
6161,Ru1.6Co6.4O9
6162,Ru0.45Co8.55O10
6163,Ru0.9Co8.1O10
6164,Ru1.8Co7.2O10
6165,Pd0.05Co0.95O
6166,Pd0.1Co0.9O
6167,Pd0.2Co0.8O
6168,Pd0.05Co0.95O2
6169,Pd0.1Co0.9O2
6170,Pd0.2Co0.8O2
6171,Pd0.05Co0.95O3
6172,Pd0.1Co0.9O3
6173,Pd0.2Co0.8O3
6174,Pd0.05Co0.95O4
6175,Pd0.1Co0.9O4
6176,Pd0.2Co0.8O4
6177,Pd0.05Co0.95O5
6178,Pd0.1Co0.9O5
6179,Pd0.2Co0.8O5
6180,Pd0.05Co0.95O6
6181,Pd0.1Co0.9O6
6182,Pd0.2Co0.8O6
6183,Pd0.05Co0.95O7
6184,Pd0.1Co0.9O7
6185,Pd0.2Co0.8O7
6186,Pd0.05Co0.95O8
6187,Pd0.1Co0.9O8
6188,Pd0.2Co0.8O8
6189,Pd0.05Co0.95O9
6190,Pd0.1Co0.9O9
6191,Pd0.2Co0.8O9
6192,Pd0.05Co0.95O10
6193,Pd0.1Co0.9O10
6194,Pd0.2Co0.8O10
6195,Pd0.1Co1.9O3
6196,Pd0.2Co1.8O3
6197,Pd0.4Co1.6O3
6198,Pd0.1Co1.9O5
6199,Pd0.2Co1.8O5
6200,Pd0.4Co1.6O5
6201,Pd0.1Co1.9O7
6202,Pd0.2Co1.8O7
6203,Pd0.4Co1.6O7
6204,Pd0.1Co1.9O9
6205,Pd0.2Co1.8O9
6206,Pd0.4Co1.6O9
6207,Pd0.15Co2.85O4
6208,Pd0.3Co2.7O4
6209,Pd0.6Co2.4O4
6210,Pd0.15Co2.85O5
6211,Pd0.3Co2.7O5
6212,Pd0.6Co2.4O5
6213,Pd0.15Co2.85O7
6214,Pd0.3Co2.7O7
6215,Pd0.6Co2.4O7
6216,Pd0.15Co2.85O8
6217,Pd0.3Co2.7O8
6218,Pd0.6Co2.4O8
6219,Pd0.15Co2.85O10
6220,Pd0.3Co2.7O10
6221,Pd0.6Co2.4O10
6222,Pd0.2Co3.8O5
6223,Pd0.4Co3.6O5
6224,Pd0.8Co3.2O5
6225,Pd0.2Co3.8O7
6226,Pd0.4Co3.6O7
6227,Pd0.8Co3.2O7
6228,Pd0.2Co3.8O9
6229,Pd0.4Co3.6O9
6230,Pd0.8Co3.2O9
6231,Pd0.25Co4.75O6
6232,Pd0.5Co4.5O6
6233,PdCoO6
6234,Pd0.25Co4.75O7
6235,Pd0.5Co4.5O7
6236,PdCoO7
6237,Pd0.25Co4.75O8
6238,Pd0.5Co4.5O8
6239,PdCoO8
6240,Pd0.25Co4.75O9
6241,Pd0.5Co4.5O9
6242,PdCoO9
6243,Pd0.3Co5.7O7
6244,Pd0.6Co5.4O7
6245,Pd1.2Co4.8O7
6246,Pd0.35Co6.65O8
6247,Pd0.7Co6.3O8
6248,Pd1.4Co5.6O8
6249,Pd0.35Co6.65O9
6250,Pd0.7Co6.3O9
6251,Pd1.4Co5.6O9
6252,Pd0.35Co6.65O10
6253,Pd0.7Co6.3O10
6254,Pd1.4Co5.6O10
6255,Pd0.4Co7.6O9
6256,Pd0.8Co7.2O9
6257,Pd1.6Co6.4O9
6258,Pd0.45Co8.55O10
6259,Pd0.9Co8.1O10
6260,Pd1.8Co7.2O10
6261,Ag0.05Co0.95O
6262,Ag0.1Co0.9O
6263,Ag0.2Co0.8O
6264,Ag0.05Co0.95O2
6265,Ag0.1Co0.9O2
6266,Ag0.2Co0.8O2
6267,Ag0.05Co0.95O3
6268,Ag0.1Co0.9O3
6269,Ag0.2Co0.8O3
6270,Ag0.05Co0.95O4
6271,Ag0.1Co0.9O4
6272,Ag0.2Co0.8O4
6273,Ag0.05Co0.95O5
6274,Ag0.1Co0.9O5
6275,Ag0.2Co0.8O5
6276,Ag0.05Co0.95O6
6277,Ag0.1Co0.9O6
6278,Ag0.2Co0.8O6
6279,Ag0.05Co0.95O7
6280,Ag0.1Co0.9O7
6281,Ag0.2Co0.8O7
6282,Ag0.05Co0.95O8
6283,Ag0.1Co0.9O8
6284,Ag0.2Co0.8O8
6285,Ag0.05Co0.95O9
6286,Ag0.1Co0.9O9
6287,Ag0.2Co0.8O9
6288,Ag0.05Co0.95O10
6289,Ag0.1Co0.9O10
6290,Ag0.2Co0.8O10
6291,Ag0.1Co1.9O3
6292,Ag0.2Co1.8O3
6293,Ag0.4Co1.6O3
6294,Ag0.1Co1.9O5
6295,Ag0.2Co1.8O5
6296,Ag0.4Co1.6O5
6297,Ag0.1Co1.9O7
6298,Ag0.2Co1.8O7
6299,Ag0.4Co1.6O7
6300,Ag0.1Co1.9O9
6301,Ag0.2Co1.8O9
6302,Ag0.4Co1.6O9
6303,Ag0.15Co2.85O4
6304,Ag0.3Co2.7O4
6305,Ag0.6Co2.4O4
6306,Ag0.15Co2.85O5
6307,Ag0.3Co2.7O5
6308,Ag0.6Co2.4O5
6309,Ag0.15Co2.85O7
6310,Ag0.3Co2.7O7
6311,Ag0.6Co2.4O7
6312,Ag0.15Co2.85O8
6313,Ag0.3Co2.7O8
6314,Ag0.6Co2.4O8
6315,Ag0.15Co2.85O10
6316,Ag0.3Co2.7O10
6317,Ag0.6Co2.4O10
6318,Ag0.2Co3.8O5
6319,Ag0.4Co3.6O5
6320,Ag0.8Co3.2O5
6321,Ag0.2Co3.8O7
6322,Ag0.4Co3.6O7
6323,Ag0.8Co3.2O7
6324,Ag0.2Co3.8O9
6325,Ag0.4Co3.6O9
6326,Ag0.8Co3.2O9
6327,Ag0.25Co4.75O6
6328,Ag0.5Co4.5O6
6329,AgCoO6
6330,Ag0.25Co4.75O7
6331,Ag0.5Co4.5O7
6332,AgCoO7
6333,Ag0.25Co4.75O8
6334,Ag0.5Co4.5O8
6335,AgCoO8
6336,Ag0.25Co4.75O9
6337,Ag0.5Co4.5O9
6338,AgCoO9
6339,Ag0.3Co5.7O7
6340,Ag0.6Co5.4O7
6341,Ag1.2Co4.8O7
6342,Ag0.35Co6.65O8
6343,Ag0.7Co6.3O8
6344,Ag1.4Co5.6O8
6345,Ag0.35Co6.65O9
6346,Ag0.7Co6.3O9
6347,Ag1.4Co5.6O9
6348,Ag0.35Co6.65O10
6349,Ag0.7Co6.3O10
6350,Ag1.4Co5.6O10
6351,Ag0.4Co7.6O9
6352,Ag0.8Co7.2O9
6353,Ag1.6Co6.4O9
6354,Ag0.45Co8.55O10
6355,Ag0.9Co8.1O10
6356,Ag1.8Co7.2O10
6357,Pt0.05Co0.95O
6358,Pt0.1Co0.9O
6359,Pt0.2Co0.8O
6360,Pt0.05Co0.95O2
6361,Pt0.1Co0.9O2
6362,Pt0.2Co0.8O2
6363,Pt0.05Co0.95O3
6364,Pt0.1Co0.9O3
6365,Pt0.2Co0.8O3
6366,Pt0.05Co0.95O4
6367,Pt0.1Co0.9O4
6368,Pt0.2Co0.8O4
6369,Pt0.05Co0.95O5
6370,Pt0.1Co0.9O5
6371,Pt0.2Co0.8O5
6372,Pt0.05Co0.95O6
6373,Pt0.1Co0.9O6
6374,Pt0.2Co0.8O6
6375,Pt0.05Co0.95O7
6376,Pt0.1Co0.9O7
6377,Pt0.2Co0.8O7
6378,Pt0.05Co0.95O8
6379,Pt0.1Co0.9O8
6380,Pt0.2Co0.8O8
6381,Pt0.05Co0.95O9
6382,Pt0.1Co0.9O9
6383,Pt0.2Co0.8O9
6384,Pt0.05Co0.95O10
6385,Pt0.1Co0.9O10
6386,Pt0.2Co0.8O10
6387,Pt0.1Co1.9O3
6388,Pt0.2Co1.8O3
6389,Pt0.4Co1.6O3
6390,Pt0.1Co1.9O5
6391,Pt0.2Co1.8O5
6392,Pt0.4Co1.6O5
6393,Pt0.1Co1.9O7
6394,Pt0.2Co1.8O7
6395,Pt0.4Co1.6O7
6396,Pt0.1Co1.9O9
6397,Pt0.2Co1.8O9
6398,Pt0.4Co1.6O9
6399,Pt0.15Co2.85O4
6400,Pt0.3Co2.7O4
6401,Pt0.6Co2.4O4
6402,Pt0.15Co2.85O5
6403,Pt0.3Co2.7O5
6404,Pt0.6Co2.4O5
6405,Pt0.15Co2.85O7
6406,Pt0.3Co2.7O7
6407,Pt0.6Co2.4O7
6408,Pt0.15Co2.85O8
6409,Pt0.3Co2.7O8
6410,Pt0.6Co2.4O8
6411,Pt0.15Co2.85O10
6412,Pt0.3Co2.7O10
6413,Pt0.6Co2.4O10
6414,Pt0.2Co3.8O5
6415,Pt0.4Co3.6O5
6416,Pt0.8Co3.2O5
6417,Pt0.2Co3.8O7
6418,Pt0.4Co3.6O7
6419,Pt0.8Co3.2O7
6420,Pt0.2Co3.8O9
6421,Pt0.4Co3.6O9
6422,Pt0.8Co3.2O9
6423,Pt0.25Co4.75O6
6424,Pt0.5Co4.5O6
6425,PtCoO6
6426,Pt0.25Co4.75O7
6427,Pt0.5Co4.5O7
6428,PtCoO7
6429,Pt0.25Co4.75O8
6430,Pt0.5Co4.5O8
6431,PtCoO8
6432,Pt0.25Co4.75O9
6433,Pt0.5Co4.5O9
6434,PtCoO9
6435,Pt0.3Co5.7O7
6436,Pt0.6Co5.4O7
6437,Pt1.2Co4.8O7
6438,Pt0.35Co6.65O8
6439,Pt0.7Co6.3O8
6440,Pt1.4Co5.6O8
6441,Pt0.35Co6.65O9
6442,Pt0.7Co6.3O9
6443,Pt1.4Co5.6O9
6444,Pt0.35Co6.65O10
6445,Pt0.7Co6.3O10
6446,Pt1.4Co5.6O10
6447,Pt0.4Co7.6O9
6448,Pt0.8Co7.2O9
6449,Pt1.6Co6.4O9
6450,Pt0.45Co8.55O10
6451,Pt0.9Co8.1O10
6452,Pt1.8Co7.2O10
6453,Mn0.05Ni0.95O
6454,Mn0.1Ni0.9O
6455,Mn0.2Ni0.8O
6456,Mn0.05Ni0.95O2
6457,Mn0.1Ni0.9O2
6458,Mn0.2Ni0.8O2
6459,Mn0.05Ni0.95O3
6460,Mn0.1Ni0.9O3
6461,Mn0.2Ni0.8O3
6462,Mn0.05Ni0.95O4
6463,Mn0.1Ni0.9O4
6464,Mn0.2Ni0.8O4
6465,Mn0.05Ni0.95O5
6466,Mn0.1Ni0.9O5
6467,Mn0.2Ni0.8O5
6468,Mn0.05Ni0.95O6
6469,Mn0.1Ni0.9O6
6470,Mn0.2Ni0.8O6
6471,Mn0.05Ni0.95O7
6472,Mn0.1Ni0.9O7
6473,Mn0.2Ni0.8O7
6474,Mn0.05Ni0.95O8
6475,Mn0.1Ni0.9O8
6476,Mn0.2Ni0.8O8
6477,Mn0.05Ni0.95O9
6478,Mn0.1Ni0.9O9
6479,Mn0.2Ni0.8O9
6480,Mn0.05Ni0.95O10
6481,Mn0.1Ni0.9O10
6482,Mn0.2Ni0.8O10
6483,Mn0.1Ni1.9O3
6484,Mn0.2Ni1.8O3
6485,Mn0.4Ni1.6O3
6486,Mn0.1Ni1.9O5
6487,Mn0.2Ni1.8O5
6488,Mn0.4Ni1.6O5
6489,Mn0.1Ni1.9O7
6490,Mn0.2Ni1.8O7
6491,Mn0.4Ni1.6O7
6492,Mn0.1Ni1.9O9
6493,Mn0.2Ni1.8O9
6494,Mn0.4Ni1.6O9
6495,Mn0.15Ni2.85O4
6496,Mn0.3Ni2.7O4
6497,Mn0.6Ni2.4O4
6498,Mn0.15Ni2.85O5
6499,Mn0.3Ni2.7O5
6500,Mn0.6Ni2.4O5
6501,Mn0.15Ni2.85O7
6502,Mn0.3Ni2.7O7
6503,Mn0.6Ni2.4O7
6504,Mn0.15Ni2.85O8
6505,Mn0.3Ni2.7O8
6506,Mn0.6Ni2.4O8
6507,Mn0.15Ni2.85O10
6508,Mn0.3Ni2.7O10
6509,Mn0.6Ni2.4O10
6510,Mn0.2Ni3.8O5
6511,Mn0.4Ni3.6O5
6512,Mn0.8Ni3.2O5
6513,Mn0.2Ni3.8O7
6514,Mn0.4Ni3.6O7
6515,Mn0.8Ni3.2O7
6516,Mn0.2Ni3.8O9
6517,Mn0.4Ni3.6O9
6518,Mn0.8Ni3.2O9
6519,Mn0.25Ni4.75O6
6520,Mn0.5Ni4.5O6
6521,MnNiO6
6522,Mn0.25Ni4.75O7
6523,Mn0.5Ni4.5O7
6524,MnNiO7
6525,Mn0.25Ni4.75O8
6526,Mn0.5Ni4.5O8
6527,MnNiO8
6528,Mn0.25Ni4.75O9
6529,Mn0.5Ni4.5O9
6530,MnNiO9
6531,Mn0.3Ni5.7O7
6532,Mn0.6Ni5.4O7
6533,Mn1.2Ni4.8O7
6534,Mn0.35Ni6.65O8
6535,Mn0.7Ni6.3O8
6536,Mn1.4Ni5.6O8
6537,Mn0.35Ni6.65O9
6538,Mn0.7Ni6.3O9
6539,Mn1.4Ni5.6O9
6540,Mn0.35Ni6.65O10
6541,Mn0.7Ni6.3O10
6542,Mn1.4Ni5.6O10
6543,Mn0.4Ni7.6O9
6544,Mn0.8Ni7.2O9
6545,Mn1.6Ni6.4O9
6546,Mn0.45Ni8.55O10
6547,Mn0.9Ni8.1O10
6548,Mn1.8Ni7.2O10
6549,Fe0.05Ni0.95O
6550,Fe0.1Ni0.9O
6551,Fe0.2Ni0.8O
6552,Fe0.05Ni0.95O2
6553,Fe0.1Ni0.9O2
6554,Fe0.2Ni0.8O2
6555,Fe0.05Ni0.95O3
6556,Fe0.1Ni0.9O3
6557,Fe0.2Ni0.8O3
6558,Fe0.05Ni0.95O4
6559,Fe0.1Ni0.9O4
6560,Fe0.2Ni0.8O4
6561,Fe0.05Ni0.95O5
6562,Fe0.1Ni0.9O5
6563,Fe0.2Ni0.8O5
6564,Fe0.05Ni0.95O6
6565,Fe0.1Ni0.9O6
6566,Fe0.2Ni0.8O6
6567,Fe0.05Ni0.95O7
6568,Fe0.1Ni0.9O7
6569,Fe0.2Ni0.8O7
6570,Fe0.05Ni0.95O8
6571,Fe0.1Ni0.9O8
6572,Fe0.2Ni0.8O8
6573,Fe0.05Ni0.95O9
6574,Fe0.1Ni0.9O9
6575,Fe0.2Ni0.8O9
6576,Fe0.05Ni0.95O10
6577,Fe0.1Ni0.9O10
6578,Fe0.2Ni0.8O10
6579,Fe0.1Ni1.9O3
6580,Fe0.2Ni1.8O3
6581,Fe0.4Ni1.6O3
6582,Fe0.1Ni1.9O5
6583,Fe0.2Ni1.8O5
6584,Fe0.4Ni1.6O5
6585,Fe0.1Ni1.9O7
6586,Fe0.2Ni1.8O7
6587,Fe0.4Ni1.6O7
6588,Fe0.1Ni1.9O9
6589,Fe0.2Ni1.8O9
6590,Fe0.4Ni1.6O9
6591,Fe0.15Ni2.85O4
6592,Fe0.3Ni2.7O4
6593,Fe0.6Ni2.4O4
6594,Fe0.15Ni2.85O5
6595,Fe0.3Ni2.7O5
6596,Fe0.6Ni2.4O5
6597,Fe0.15Ni2.85O7
6598,Fe0.3Ni2.7O7
6599,Fe0.6Ni2.4O7
6600,Fe0.15Ni2.85O8
6601,Fe0.3Ni2.7O8
6602,Fe0.6Ni2.4O8
6603,Fe0.15Ni2.85O10
6604,Fe0.3Ni2.7O10
6605,Fe0.6Ni2.4O10
6606,Fe0.2Ni3.8O5
6607,Fe0.4Ni3.6O5
6608,Fe0.8Ni3.2O5
6609,Fe0.2Ni3.8O7
6610,Fe0.4Ni3.6O7
6611,Fe0.8Ni3.2O7
6612,Fe0.2Ni3.8O9
6613,Fe0.4Ni3.6O9
6614,Fe0.8Ni3.2O9
6615,Fe0.25Ni4.75O6
6616,Fe0.5Ni4.5O6
6617,FeNiO6
6618,Fe0.25Ni4.75O7
6619,Fe0.5Ni4.5O7
6620,FeNiO7
6621,Fe0.25Ni4.75O8
6622,Fe0.5Ni4.5O8
6623,FeNiO8
6624,Fe0.25Ni4.75O9
6625,Fe0.5Ni4.5O9
6626,FeNiO9
6627,Fe0.3Ni5.7O7
6628,Fe0.6Ni5.4O7
6629,Fe1.2Ni4.8O7
6630,Fe0.35Ni6.65O8
6631,Fe0.7Ni6.3O8
6632,Fe1.4Ni5.6O8
6633,Fe0.35Ni6.65O9
6634,Fe0.7Ni6.3O9
6635,Fe1.4Ni5.6O9
6636,Fe0.35Ni6.65O10
6637,Fe0.7Ni6.3O10
6638,Fe1.4Ni5.6O10
6639,Fe0.4Ni7.6O9
6640,Fe0.8Ni7.2O9
6641,Fe1.6Ni6.4O9
6642,Fe0.45Ni8.55O10
6643,Fe0.9Ni8.1O10
6644,Fe1.8Ni7.2O10
6645,Co0.05Ni0.95O
6646,Co0.1Ni0.9O
6647,Co0.2Ni0.8O
6648,Co0.05Ni0.95O2
6649,Co0.1Ni0.9O2
6650,Co0.2Ni0.8O2
6651,Co0.05Ni0.95O3
6652,Co0.1Ni0.9O3
6653,Co0.2Ni0.8O3
6654,Co0.05Ni0.95O4
6655,Co0.1Ni0.9O4
6656,Co0.2Ni0.8O4
6657,Co0.05Ni0.95O5
6658,Co0.1Ni0.9O5
6659,Co0.2Ni0.8O5
6660,Co0.05Ni0.95O6
6661,Co0.1Ni0.9O6
6662,Co0.2Ni0.8O6
6663,Co0.05Ni0.95O7
6664,Co0.1Ni0.9O7
6665,Co0.2Ni0.8O7
6666,Co0.05Ni0.95O8
6667,Co0.1Ni0.9O8
6668,Co0.2Ni0.8O8
6669,Co0.05Ni0.95O9
6670,Co0.1Ni0.9O9
6671,Co0.2Ni0.8O9
6672,Co0.05Ni0.95O10
6673,Co0.1Ni0.9O10
6674,Co0.2Ni0.8O10
6675,Co0.1Ni1.9O3
6676,Co0.2Ni1.8O3
6677,Co0.4Ni1.6O3
6678,Co0.1Ni1.9O5
6679,Co0.2Ni1.8O5
6680,Co0.4Ni1.6O5
6681,Co0.1Ni1.9O7
6682,Co0.2Ni1.8O7
6683,Co0.4Ni1.6O7
6684,Co0.1Ni1.9O9
6685,Co0.2Ni1.8O9
6686,Co0.4Ni1.6O9
6687,Co0.15Ni2.85O4
6688,Co0.3Ni2.7O4
6689,Co0.6Ni2.4O4
6690,Co0.15Ni2.85O5
6691,Co0.3Ni2.7O5
6692,Co0.6Ni2.4O5
6693,Co0.15Ni2.85O7
6694,Co0.3Ni2.7O7
6695,Co0.6Ni2.4O7
6696,Co0.15Ni2.85O8
6697,Co0.3Ni2.7O8
6698,Co0.6Ni2.4O8
6699,Co0.15Ni2.85O10
6700,Co0.3Ni2.7O10
6701,Co0.6Ni2.4O10
6702,Co0.2Ni3.8O5
6703,Co0.4Ni3.6O5
6704,Co0.8Ni3.2O5
6705,Co0.2Ni3.8O7
6706,Co0.4Ni3.6O7
6707,Co0.8Ni3.2O7
6708,Co0.2Ni3.8O9
6709,Co0.4Ni3.6O9
6710,Co0.8Ni3.2O9
6711,Co0.25Ni4.75O6
6712,Co0.5Ni4.5O6
6713,CoNiO6
6714,Co0.25Ni4.75O7
6715,Co0.5Ni4.5O7
6716,CoNiO7
6717,Co0.25Ni4.75O8
6718,Co0.5Ni4.5O8
6719,CoNiO8
6720,Co0.25Ni4.75O9
6721,Co0.5Ni4.5O9
6722,CoNiO9
6723,Co0.3Ni5.7O7
6724,Co0.6Ni5.4O7
6725,Co1.2Ni4.8O7
6726,Co0.35Ni6.65O8
6727,Co0.7Ni6.3O8
6728,Co1.4Ni5.6O8
6729,Co0.35Ni6.65O9
6730,Co0.7Ni6.3O9
6731,Co1.4Ni5.6O9
6732,Co0.35Ni6.65O10
6733,Co0.7Ni6.3O10
6734,Co1.4Ni5.6O10
6735,Co0.4Ni7.6O9
6736,Co0.8Ni7.2O9
6737,Co1.6Ni6.4O9
6738,Co0.45Ni8.55O10
6739,Co0.9Ni8.1O10
6740,Co1.8Ni7.2O10
6741,Ru0.05Ni0.95O
6742,Ru0.1Ni0.9O
6743,Ru0.2Ni0.8O
6744,Ru0.05Ni0.95O2
6745,Ru0.1Ni0.9O2
6746,Ru0.2Ni0.8O2
6747,Ru0.05Ni0.95O3
6748,Ru0.1Ni0.9O3
6749,Ru0.2Ni0.8O3
6750,Ru0.05Ni0.95O4
6751,Ru0.1Ni0.9O4
6752,Ru0.2Ni0.8O4
6753,Ru0.05Ni0.95O5
6754,Ru0.1Ni0.9O5
6755,Ru0.2Ni0.8O5
6756,Ru0.05Ni0.95O6
6757,Ru0.1Ni0.9O6
6758,Ru0.2Ni0.8O6
6759,Ru0.05Ni0.95O7
6760,Ru0.1Ni0.9O7
6761,Ru0.2Ni0.8O7
6762,Ru0.05Ni0.95O8
6763,Ru0.1Ni0.9O8
6764,Ru0.2Ni0.8O8
6765,Ru0.05Ni0.95O9
6766,Ru0.1Ni0.9O9
6767,Ru0.2Ni0.8O9
6768,Ru0.05Ni0.95O10
6769,Ru0.1Ni0.9O10
6770,Ru0.2Ni0.8O10
6771,Ru0.1Ni1.9O3
6772,Ru0.2Ni1.8O3
6773,Ru0.4Ni1.6O3
6774,Ru0.1Ni1.9O5
6775,Ru0.2Ni1.8O5
6776,Ru0.4Ni1.6O5
6777,Ru0.1Ni1.9O7
6778,Ru0.2Ni1.8O7
6779,Ru0.4Ni1.6O7
6780,Ru0.1Ni1.9O9
6781,Ru0.2Ni1.8O9
6782,Ru0.4Ni1.6O9
6783,Ru0.15Ni2.85O4
6784,Ru0.3Ni2.7O4
6785,Ru0.6Ni2.4O4
6786,Ru0.15Ni2.85O5
6787,Ru0.3Ni2.7O5
6788,Ru0.6Ni2.4O5
6789,Ru0.15Ni2.85O7
6790,Ru0.3Ni2.7O7
6791,Ru0.6Ni2.4O7
6792,Ru0.15Ni2.85O8
6793,Ru0.3Ni2.7O8
6794,Ru0.6Ni2.4O8
6795,Ru0.15Ni2.85O10
6796,Ru0.3Ni2.7O10
6797,Ru0.6Ni2.4O10
6798,Ru0.2Ni3.8O5
6799,Ru0.4Ni3.6O5
6800,Ru0.8Ni3.2O5
6801,Ru0.2Ni3.8O7
6802,Ru0.4Ni3.6O7
6803,Ru0.8Ni3.2O7
6804,Ru0.2Ni3.8O9
6805,Ru0.4Ni3.6O9
6806,Ru0.8Ni3.2O9
6807,Ru0.25Ni4.75O6
6808,Ru0.5Ni4.5O6
6809,RuNiO6
6810,Ru0.25Ni4.75O7
6811,Ru0.5Ni4.5O7
6812,RuNiO7
6813,Ru0.25Ni4.75O8
6814,Ru0.5Ni4.5O8
6815,RuNiO8
6816,Ru0.25Ni4.75O9
6817,Ru0.5Ni4.5O9
6818,RuNiO9
6819,Ru0.3Ni5.7O7
6820,Ru0.6Ni5.4O7
6821,Ru1.2Ni4.8O7
6822,Ru0.35Ni6.65O8
6823,Ru0.7Ni6.3O8
6824,Ru1.4Ni5.6O8
6825,Ru0.35Ni6.65O9
6826,Ru0.7Ni6.3O9
6827,Ru1.4Ni5.6O9
6828,Ru0.35Ni6.65O10
6829,Ru0.7Ni6.3O10
6830,Ru1.4Ni5.6O10
6831,Ru0.4Ni7.6O9
6832,Ru0.8Ni7.2O9
6833,Ru1.6Ni6.4O9
6834,Ru0.45Ni8.55O10
6835,Ru0.9Ni8.1O10
6836,Ru1.8Ni7.2O10
6837,Pd0.05Ni0.95O
6838,Pd0.1Ni0.9O
6839,Pd0.2Ni0.8O
6840,Pd0.05Ni0.95O2
6841,Pd0.1Ni0.9O2
6842,Pd0.2Ni0.8O2
6843,Pd0.05Ni0.95O3
6844,Pd0.1Ni0.9O3
6845,Pd0.2Ni0.8O3
6846,Pd0.05Ni0.95O4
6847,Pd0.1Ni0.9O4
6848,Pd0.2Ni0.8O4
6849,Pd0.05Ni0.95O5
6850,Pd0.1Ni0.9O5
6851,Pd0.2Ni0.8O5
6852,Pd0.05Ni0.95O6
6853,Pd0.1Ni0.9O6
6854,Pd0.2Ni0.8O6
6855,Pd0.05Ni0.95O7
6856,Pd0.1Ni0.9O7
6857,Pd0.2Ni0.8O7
6858,Pd0.05Ni0.95O8
6859,Pd0.1Ni0.9O8
6860,Pd0.2Ni0.8O8
6861,Pd0.05Ni0.95O9
6862,Pd0.1Ni0.9O9
6863,Pd0.2Ni0.8O9
6864,Pd0.05Ni0.95O10
6865,Pd0.1Ni0.9O10
6866,Pd0.2Ni0.8O10
6867,Pd0.1Ni1.9O3
6868,Pd0.2Ni1.8O3
6869,Pd0.4Ni1.6O3
6870,Pd0.1Ni1.9O5
6871,Pd0.2Ni1.8O5
6872,Pd0.4Ni1.6O5
6873,Pd0.1Ni1.9O7
6874,Pd0.2Ni1.8O7
6875,Pd0.4Ni1.6O7
6876,Pd0.1Ni1.9O9
6877,Pd0.2Ni1.8O9
6878,Pd0.4Ni1.6O9
6879,Pd0.15Ni2.85O4
6880,Pd0.3Ni2.7O4
6881,Pd0.6Ni2.4O4
6882,Pd0.15Ni2.85O5
6883,Pd0.3Ni2.7O5
6884,Pd0.6Ni2.4O5
6885,Pd0.15Ni2.85O7
6886,Pd0.3Ni2.7O7
6887,Pd0.6Ni2.4O7
6888,Pd0.15Ni2.85O8
6889,Pd0.3Ni2.7O8
6890,Pd0.6Ni2.4O8
6891,Pd0.15Ni2.85O10
6892,Pd0.3Ni2.7O10
6893,Pd0.6Ni2.4O10
6894,Pd0.2Ni3.8O5
6895,Pd0.4Ni3.6O5
6896,Pd0.8Ni3.2O5
6897,Pd0.2Ni3.8O7
6898,Pd0.4Ni3.6O7
6899,Pd0.8Ni3.2O7
6900,Pd0.2Ni3.8O9
6901,Pd0.4Ni3.6O9
6902,Pd0.8Ni3.2O9
6903,Pd0.25Ni4.75O6
6904,Pd0.5Ni4.5O6
6905,PdNiO6
6906,Pd0.25Ni4.75O7
6907,Pd0.5Ni4.5O7
6908,PdNiO7
6909,Pd0.25Ni4.75O8
6910,Pd0.5Ni4.5O8
6911,PdNiO8
6912,Pd0.25Ni4.75O9
6913,Pd0.5Ni4.5O9
6914,PdNiO9
6915,Pd0.3Ni5.7O7
6916,Pd0.6Ni5.4O7
6917,Pd1.2Ni4.8O7
6918,Pd0.35Ni6.65O8
6919,Pd0.7Ni6.3O8
6920,Pd1.4Ni5.6O8
6921,Pd0.35Ni6.65O9
6922,Pd0.7Ni6.3O9
6923,Pd1.4Ni5.6O9
6924,Pd0.35Ni6.65O10
6925,Pd0.7Ni6.3O10
6926,Pd1.4Ni5.6O10
6927,Pd0.4Ni7.6O9
6928,Pd0.8Ni7.2O9
6929,Pd1.6Ni6.4O9
6930,Pd0.45Ni8.55O10
6931,Pd0.9Ni8.1O10
6932,Pd1.8Ni7.2O10
6933,Ag0.05Ni0.95O
6934,Ag0.1Ni0.9O
6935,Ag0.2Ni0.8O
6936,Ag0.05Ni0.95O2
6937,Ag0.1Ni0.9O2
6938,Ag0.2Ni0.8O2
6939,Ag0.05Ni0.95O3
6940,Ag0.1Ni0.9O3
6941,Ag0.2Ni0.8O3
6942,Ag0.05Ni0.95O4
6943,Ag0.1Ni0.9O4
6944,Ag0.2Ni0.8O4
6945,Ag0.05Ni0.95O5
6946,Ag0.1Ni0.9O5
6947,Ag0.2Ni0.8O5
6948,Ag0.05Ni0.95O6
6949,Ag0.1Ni0.9O6
6950,Ag0.2Ni0.8O6
6951,Ag0.05Ni0.95O7
6952,Ag0.1Ni0.9O7
6953,Ag0.2Ni0.8O7
6954,Ag0.05Ni0.95O8
6955,Ag0.1Ni0.9O8
6956,Ag0.2Ni0.8O8
6957,Ag0.05Ni0.95O9
6958,Ag0.1Ni0.9O9
6959,Ag0.2Ni0.8O9
6960,Ag0.05Ni0.95O10
6961,Ag0.1Ni0.9O10
6962,Ag0.2Ni0.8O10
6963,Ag0.1Ni1.9O3
6964,Ag0.2Ni1.8O3
6965,Ag0.4Ni1.6O3
6966,Ag0.1Ni1.9O5
6967,Ag0.2Ni1.8O5
6968,Ag0.4Ni1.6O5
6969,Ag0.1Ni1.9O7
6970,Ag0.2Ni1.8O7
6971,Ag0.4Ni1.6O7
6972,Ag0.1Ni1.9O9
6973,Ag0.2Ni1.8O9
6974,Ag0.4Ni1.6O9
6975,Ag0.15Ni2.85O4
6976,Ag0.3Ni2.7O4
6977,Ag0.6Ni2.4O4
6978,Ag0.15Ni2.85O5
6979,Ag0.3Ni2.7O5
6980,Ag0.6Ni2.4O5
6981,Ag0.15Ni2.85O7
6982,Ag0.3Ni2.7O7
6983,Ag0.6Ni2.4O7
6984,Ag0.15Ni2.85O8
6985,Ag0.3Ni2.7O8
6986,Ag0.6Ni2.4O8
6987,Ag0.15Ni2.85O10
6988,Ag0.3Ni2.7O10
6989,Ag0.6Ni2.4O10
6990,Ag0.2Ni3.8O5
6991,Ag0.4Ni3.6O5
6992,Ag0.8Ni3.2O5
6993,Ag0.2Ni3.8O7
6994,Ag0.4Ni3.6O7
6995,Ag0.8Ni3.2O7
6996,Ag0.2Ni3.8O9
6997,Ag0.4Ni3.6O9
6998,Ag0.8Ni3.2O9
6999,Ag0.25Ni4.75O6
7000,Ag0.5Ni4.5O6
7001,AgNiO6
7002,Ag0.25Ni4.75O7
7003,Ag0.5Ni4.5O7
7004,AgNiO7
7005,Ag0.25Ni4.75O8
7006,Ag0.5Ni4.5O8
7007,AgNiO8
7008,Ag0.25Ni4.75O9
7009,Ag0.5Ni4.5O9
7010,AgNiO9
7011,Ag0.3Ni5.7O7
7012,Ag0.6Ni5.4O7
7013,Ag1.2Ni4.8O7
7014,Ag0.35Ni6.65O8
7015,Ag0.7Ni6.3O8
7016,Ag1.4Ni5.6O8
7017,Ag0.35Ni6.65O9
7018,Ag0.7Ni6.3O9
7019,Ag1.4Ni5.6O9
7020,Ag0.35Ni6.65O10
7021,Ag0.7Ni6.3O10
7022,Ag1.4Ni5.6O10
7023,Ag0.4Ni7.6O9
7024,Ag0.8Ni7.2O9
7025,Ag1.6Ni6.4O9
7026,Ag0.45Ni8.55O10
7027,Ag0.9Ni8.1O10
7028,Ag1.8Ni7.2O10
7029,Pt0.05Ni0.95O
7030,Pt0.1Ni0.9O
7031,Pt0.2Ni0.8O
7032,Pt0.05Ni0.95O2
7033,Pt0.1Ni0.9O2
7034,Pt0.2Ni0.8O2
7035,Pt0.05Ni0.95O3
7036,Pt0.1Ni0.9O3
7037,Pt0.2Ni0.8O3
7038,Pt0.05Ni0.95O4
7039,Pt0.1Ni0.9O4
7040,Pt0.2Ni0.8O4
7041,Pt0.05Ni0.95O5
7042,Pt0.1Ni0.9O5
7043,Pt0.2Ni0.8O5
7044,Pt0.05Ni0.95O6
7045,Pt0.1Ni0.9O6
7046,Pt0.2Ni0.8O6
7047,Pt0.05Ni0.95O7
7048,Pt0.1Ni0.9O7
7049,Pt0.2Ni0.8O7
7050,Pt0.05Ni0.95O8
7051,Pt0.1Ni0.9O8
7052,Pt0.2Ni0.8O8
7053,Pt0.05Ni0.95O9
7054,Pt0.1Ni0.9O9
7055,Pt0.2Ni0.8O9
7056,Pt0.05Ni0.95O10
7057,Pt0.1Ni0.9O10
7058,Pt0.2Ni0.8O10
7059,Pt0.1Ni1.9O3
7060,Pt0.2Ni1.8O3
7061,Pt0.4Ni1.6O3
7062,Pt0.1Ni1.9O5
7063,Pt0.2Ni1.8O5
7064,Pt0.4Ni1.6O5
7065,Pt0.1Ni1.9O7
7066,Pt0.2Ni1.8O7
7067,Pt0.4Ni1.6O7
7068,Pt0.1Ni1.9O9
7069,Pt0.2Ni1.8O9
7070,Pt0.4Ni1.6O9
7071,Pt0.15Ni2.85O4
7072,Pt0.3Ni2.7O4
7073,Pt0.6Ni2.4O4
7074,Pt0.15Ni2.85O5
7075,Pt0.3Ni2.7O5
7076,Pt0.6Ni2.4O5
7077,Pt0.15Ni2.85O7
7078,Pt0.3Ni2.7O7
7079,Pt0.6Ni2.4O7
7080,Pt0.15Ni2.85O8
7081,Pt0.3Ni2.7O8
7082,Pt0.6Ni2.4O8
7083,Pt0.15Ni2.85O10
7084,Pt0.3Ni2.7O10
7085,Pt0.6Ni2.4O10
7086,Pt0.2Ni3.8O5
7087,Pt0.4Ni3.6O5
7088,Pt0.8Ni3.2O5
7089,Pt0.2Ni3.8O7
7090,Pt0.4Ni3.6O7
7091,Pt0.8Ni3.2O7
7092,Pt0.2Ni3.8O9
7093,Pt0.4Ni3.6O9
7094,Pt0.8Ni3.2O9
7095,Pt0.25Ni4.75O6
7096,Pt0.5Ni4.5O6
7097,PtNiO6
7098,Pt0.25Ni4.75O7
7099,Pt0.5Ni4.5O7
7100,PtNiO7
7101,Pt0.25Ni4.75O8
7102,Pt0.5Ni4.5O8
7103,PtNiO8
7104,Pt0.25Ni4.75O9
7105,Pt0.5Ni4.5O9
7106,PtNiO9
7107,Pt0.3Ni5.7O7
7108,Pt0.6Ni5.4O7
7109,Pt1.2Ni4.8O7
7110,Pt0.35Ni6.65O8
7111,Pt0.7Ni6.3O8
7112,Pt1.4Ni5.6O8
7113,Pt0.35Ni6.65O9
7114,Pt0.7Ni6.3O9
7115,Pt1.4Ni5.6O9
7116,Pt0.35Ni6.65O10
7117,Pt0.7Ni6.3O10
7118,Pt1.4Ni5.6O10
7119,Pt0.4Ni7.6O9
7120,Pt0.8Ni7.2O9
7121,Pt1.6Ni6.4O9
7122,Pt0.45Ni8.55O10
7123,Pt0.9Ni8.1O10
7124,Pt1.8Ni7.2O10
7125,Mn0.05Cu0.95O
7126,Mn0.1Cu0.9O
7127,Mn0.2Cu0.8O
7128,Mn0.05Cu0.95O2
7129,Mn0.1Cu0.9O2
7130,Mn0.2Cu0.8O2
7131,Mn0.05Cu0.95O3
7132,Mn0.1Cu0.9O3
7133,Mn0.2Cu0.8O3
7134,Mn0.05Cu0.95O4
7135,Mn0.1Cu0.9O4
7136,Mn0.2Cu0.8O4
7137,Mn0.05Cu0.95O5
7138,Mn0.1Cu0.9O5
7139,Mn0.2Cu0.8O5
7140,Mn0.05Cu0.95O6
7141,Mn0.1Cu0.9O6
7142,Mn0.2Cu0.8O6
7143,Mn0.05Cu0.95O7
7144,Mn0.1Cu0.9O7
7145,Mn0.2Cu0.8O7
7146,Mn0.05Cu0.95O8
7147,Mn0.1Cu0.9O8
7148,Mn0.2Cu0.8O8
7149,Mn0.05Cu0.95O9
7150,Mn0.1Cu0.9O9
7151,Mn0.2Cu0.8O9
7152,Mn0.05Cu0.95O10
7153,Mn0.1Cu0.9O10
7154,Mn0.2Cu0.8O10
7155,Mn0.1Cu1.9O3
7156,Mn0.2Cu1.8O3
7157,Mn0.4Cu1.6O3
7158,Mn0.1Cu1.9O5
7159,Mn0.2Cu1.8O5
7160,Mn0.4Cu1.6O5
7161,Mn0.1Cu1.9O7
7162,Mn0.2Cu1.8O7
7163,Mn0.4Cu1.6O7
7164,Mn0.1Cu1.9O9
7165,Mn0.2Cu1.8O9
7166,Mn0.4Cu1.6O9
7167,Mn0.15Cu2.85O4
7168,Mn0.3Cu2.7O4
7169,Mn0.6Cu2.4O4
7170,Mn0.15Cu2.85O5
7171,Mn0.3Cu2.7O5
7172,Mn0.6Cu2.4O5
7173,Mn0.15Cu2.85O7
7174,Mn0.3Cu2.7O7
7175,Mn0.6Cu2.4O7
7176,Mn0.15Cu2.85O8
7177,Mn0.3Cu2.7O8
7178,Mn0.6Cu2.4O8
7179,Mn0.15Cu2.85O10
7180,Mn0.3Cu2.7O10
7181,Mn0.6Cu2.4O10
7182,Mn0.2Cu3.8O5
7183,Mn0.4Cu3.6O5
7184,Mn0.8Cu3.2O5
7185,Mn0.2Cu3.8O7
7186,Mn0.4Cu3.6O7
7187,Mn0.8Cu3.2O7
7188,Mn0.2Cu3.8O9
7189,Mn0.4Cu3.6O9
7190,Mn0.8Cu3.2O9
7191,Mn0.25Cu4.75O6
7192,Mn0.5Cu4.5O6
7193,MnCuO6
7194,Mn0.25Cu4.75O7
7195,Mn0.5Cu4.5O7
7196,MnCuO7
7197,Mn0.25Cu4.75O8
7198,Mn0.5Cu4.5O8
7199,MnCuO8
7200,Mn0.25Cu4.75O9
7201,Mn0.5Cu4.5O9
7202,MnCuO9
7203,Mn0.3Cu5.7O7
7204,Mn0.6Cu5.4O7
7205,Mn1.2Cu4.8O7
7206,Mn0.35Cu6.65O8
7207,Mn0.7Cu6.3O8
7208,Mn1.4Cu5.6O8
7209,Mn0.35Cu6.65O9
7210,Mn0.7Cu6.3O9
7211,Mn1.4Cu5.6O9
7212,Mn0.35Cu6.65O10
7213,Mn0.7Cu6.3O10
7214,Mn1.4Cu5.6O10
7215,Mn0.4Cu7.6O9
7216,Mn0.8Cu7.2O9
7217,Mn1.6Cu6.4O9
7218,Mn0.45Cu8.55O10
7219,Mn0.9Cu8.1O10
7220,Mn1.8Cu7.2O10
7221,Fe0.05Cu0.95O
7222,Fe0.1Cu0.9O
7223,Fe0.2Cu0.8O
7224,Fe0.05Cu0.95O2
7225,Fe0.1Cu0.9O2
7226,Fe0.2Cu0.8O2
7227,Fe0.05Cu0.95O3
7228,Fe0.1Cu0.9O3
7229,Fe0.2Cu0.8O3
7230,Fe0.05Cu0.95O4
7231,Fe0.1Cu0.9O4
7232,Fe0.2Cu0.8O4
7233,Fe0.05Cu0.95O5
7234,Fe0.1Cu0.9O5
7235,Fe0.2Cu0.8O5
7236,Fe0.05Cu0.95O6
7237,Fe0.1Cu0.9O6
7238,Fe0.2Cu0.8O6
7239,Fe0.05Cu0.95O7
7240,Fe0.1Cu0.9O7
7241,Fe0.2Cu0.8O7
7242,Fe0.05Cu0.95O8
7243,Fe0.1Cu0.9O8
7244,Fe0.2Cu0.8O8
7245,Fe0.05Cu0.95O9
7246,Fe0.1Cu0.9O9
7247,Fe0.2Cu0.8O9
7248,Fe0.05Cu0.95O10
7249,Fe0.1Cu0.9O10
7250,Fe0.2Cu0.8O10
7251,Fe0.1Cu1.9O3
7252,Fe0.2Cu1.8O3
7253,Fe0.4Cu1.6O3
7254,Fe0.1Cu1.9O5
7255,Fe0.2Cu1.8O5
7256,Fe0.4Cu1.6O5
7257,Fe0.1Cu1.9O7
7258,Fe0.2Cu1.8O7
7259,Fe0.4Cu1.6O7
7260,Fe0.1Cu1.9O9
7261,Fe0.2Cu1.8O9
7262,Fe0.4Cu1.6O9
7263,Fe0.15Cu2.85O4
7264,Fe0.3Cu2.7O4
7265,Fe0.6Cu2.4O4
7266,Fe0.15Cu2.85O5
7267,Fe0.3Cu2.7O5
7268,Fe0.6Cu2.4O5
7269,Fe0.15Cu2.85O7
7270,Fe0.3Cu2.7O7
7271,Fe0.6Cu2.4O7
7272,Fe0.15Cu2.85O8
7273,Fe0.3Cu2.7O8
7274,Fe0.6Cu2.4O8
7275,Fe0.15Cu2.85O10
7276,Fe0.3Cu2.7O10
7277,Fe0.6Cu2.4O10
7278,Fe0.2Cu3.8O5
7279,Fe0.4Cu3.6O5
7280,Fe0.8Cu3.2O5
7281,Fe0.2Cu3.8O7
7282,Fe0.4Cu3.6O7
7283,Fe0.8Cu3.2O7
7284,Fe0.2Cu3.8O9
7285,Fe0.4Cu3.6O9
7286,Fe0.8Cu3.2O9
7287,Fe0.25Cu4.75O6
7288,Fe0.5Cu4.5O6
7289,FeCuO6
7290,Fe0.25Cu4.75O7
7291,Fe0.5Cu4.5O7
7292,FeCuO7
7293,Fe0.25Cu4.75O8
7294,Fe0.5Cu4.5O8
7295,FeCuO8
7296,Fe0.25Cu4.75O9
7297,Fe0.5Cu4.5O9
7298,FeCuO9
7299,Fe0.3Cu5.7O7
7300,Fe0.6Cu5.4O7
7301,Fe1.2Cu4.8O7
7302,Fe0.35Cu6.65O8
7303,Fe0.7Cu6.3O8
7304,Fe1.4Cu5.6O8
7305,Fe0.35Cu6.65O9
7306,Fe0.7Cu6.3O9
7307,Fe1.4Cu5.6O9
7308,Fe0.35Cu6.65O10
7309,Fe0.7Cu6.3O10
7310,Fe1.4Cu5.6O10
7311,Fe0.4Cu7.6O9
7312,Fe0.8Cu7.2O9
7313,Fe1.6Cu6.4O9
7314,Fe0.45Cu8.55O10
7315,Fe0.9Cu8.1O10
7316,Fe1.8Cu7.2O10
7317,Co0.05Cu0.95O
7318,Co0.1Cu0.9O
7319,Co0.2Cu0.8O
7320,Co0.05Cu0.95O2
7321,Co0.1Cu0.9O2
7322,Co0.2Cu0.8O2
7323,Co0.05Cu0.95O3
7324,Co0.1Cu0.9O3
7325,Co0.2Cu0.8O3
7326,Co0.05Cu0.95O4
7327,Co0.1Cu0.9O4
7328,Co0.2Cu0.8O4
7329,Co0.05Cu0.95O5
7330,Co0.1Cu0.9O5
7331,Co0.2Cu0.8O5
7332,Co0.05Cu0.95O6
7333,Co0.1Cu0.9O6
7334,Co0.2Cu0.8O6
7335,Co0.05Cu0.95O7
7336,Co0.1Cu0.9O7
7337,Co0.2Cu0.8O7
7338,Co0.05Cu0.95O8
7339,Co0.1Cu0.9O8
7340,Co0.2Cu0.8O8
7341,Co0.05Cu0.95O9
7342,Co0.1Cu0.9O9
7343,Co0.2Cu0.8O9
7344,Co0.05Cu0.95O10
7345,Co0.1Cu0.9O10
7346,Co0.2Cu0.8O10
7347,Co0.1Cu1.9O3
7348,Co0.2Cu1.8O3
7349,Co0.4Cu1.6O3
7350,Co0.1Cu1.9O5
7351,Co0.2Cu1.8O5
7352,Co0.4Cu1.6O5
7353,Co0.1Cu1.9O7
7354,Co0.2Cu1.8O7
7355,Co0.4Cu1.6O7
7356,Co0.1Cu1.9O9
7357,Co0.2Cu1.8O9
7358,Co0.4Cu1.6O9
7359,Co0.15Cu2.85O4
7360,Co0.3Cu2.7O4
7361,Co0.6Cu2.4O4
7362,Co0.15Cu2.85O5
7363,Co0.3Cu2.7O5
7364,Co0.6Cu2.4O5
7365,Co0.15Cu2.85O7
7366,Co0.3Cu2.7O7
7367,Co0.6Cu2.4O7
7368,Co0.15Cu2.85O8
7369,Co0.3Cu2.7O8
7370,Co0.6Cu2.4O8
7371,Co0.15Cu2.85O10
7372,Co0.3Cu2.7O10
7373,Co0.6Cu2.4O10
7374,Co0.2Cu3.8O5
7375,Co0.4Cu3.6O5
7376,Co0.8Cu3.2O5
7377,Co0.2Cu3.8O7
7378,Co0.4Cu3.6O7
7379,Co0.8Cu3.2O7
7380,Co0.2Cu3.8O9
7381,Co0.4Cu3.6O9
7382,Co0.8Cu3.2O9
7383,Co0.25Cu4.75O6
7384,Co0.5Cu4.5O6
7385,CoCuO6
7386,Co0.25Cu4.75O7
7387,Co0.5Cu4.5O7
7388,CoCuO7
7389,Co0.25Cu4.75O8
7390,Co0.5Cu4.5O8
7391,CoCuO8
7392,Co0.25Cu4.75O9
7393,Co0.5Cu4.5O9
7394,CoCuO9
7395,Co0.3Cu5.7O7
7396,Co0.6Cu5.4O7
7397,Co1.2Cu4.8O7
7398,Co0.35Cu6.65O8
7399,Co0.7Cu6.3O8
7400,Co1.4Cu5.6O8
7401,Co0.35Cu6.65O9
7402,Co0.7Cu6.3O9
7403,Co1.4Cu5.6O9
7404,Co0.35Cu6.65O10
7405,Co0.7Cu6.3O10
7406,Co1.4Cu5.6O10
7407,Co0.4Cu7.6O9
7408,Co0.8Cu7.2O9
7409,Co1.6Cu6.4O9
7410,Co0.45Cu8.55O10
7411,Co0.9Cu8.1O10
7412,Co1.8Cu7.2O10
7413,Ni0.05Cu0.95O
7414,Ni0.1Cu0.9O
7415,Ni0.2Cu0.8O
7416,Ni0.05Cu0.95O2
7417,Ni0.1Cu0.9O2
7418,Ni0.2Cu0.8O2
7419,Ni0.05Cu0.95O3
7420,Ni0.1Cu0.9O3
7421,Ni0.2Cu0.8O3
7422,Ni0.05Cu0.95O4
7423,Ni0.1Cu0.9O4
7424,Ni0.2Cu0.8O4
7425,Ni0.05Cu0.95O5
7426,Ni0.1Cu0.9O5
7427,Ni0.2Cu0.8O5
7428,Ni0.05Cu0.95O6
7429,Ni0.1Cu0.9O6
7430,Ni0.2Cu0.8O6
7431,Ni0.05Cu0.95O7
7432,Ni0.1Cu0.9O7
7433,Ni0.2Cu0.8O7
7434,Ni0.05Cu0.95O8
7435,Ni0.1Cu0.9O8
7436,Ni0.2Cu0.8O8
7437,Ni0.05Cu0.95O9
7438,Ni0.1Cu0.9O9
7439,Ni0.2Cu0.8O9
7440,Ni0.05Cu0.95O10
7441,Ni0.1Cu0.9O10
7442,Ni0.2Cu0.8O10
7443,Ni0.1Cu1.9O3
7444,Ni0.2Cu1.8O3
7445,Ni0.4Cu1.6O3
7446,Ni0.1Cu1.9O5
7447,Ni0.2Cu1.8O5
7448,Ni0.4Cu1.6O5
7449,Ni0.1Cu1.9O7
7450,Ni0.2Cu1.8O7
7451,Ni0.4Cu1.6O7
7452,Ni0.1Cu1.9O9
7453,Ni0.2Cu1.8O9
7454,Ni0.4Cu1.6O9
7455,Ni0.15Cu2.85O4
7456,Ni0.3Cu2.7O4
7457,Ni0.6Cu2.4O4
7458,Ni0.15Cu2.85O5
7459,Ni0.3Cu2.7O5
7460,Ni0.6Cu2.4O5
7461,Ni0.15Cu2.85O7
7462,Ni0.3Cu2.7O7
7463,Ni0.6Cu2.4O7
7464,Ni0.15Cu2.85O8
7465,Ni0.3Cu2.7O8
7466,Ni0.6Cu2.4O8
7467,Ni0.15Cu2.85O10
7468,Ni0.3Cu2.7O10
7469,Ni0.6Cu2.4O10
7470,Ni0.2Cu3.8O5
7471,Ni0.4Cu3.6O5
7472,Ni0.8Cu3.2O5
7473,Ni0.2Cu3.8O7
7474,Ni0.4Cu3.6O7
7475,Ni0.8Cu3.2O7
7476,Ni0.2Cu3.8O9
7477,Ni0.4Cu3.6O9
7478,Ni0.8Cu3.2O9
7479,Ni0.25Cu4.75O6
7480,Ni0.5Cu4.5O6
7481,NiCuO6
7482,Ni0.25Cu4.75O7
7483,Ni0.5Cu4.5O7
7484,NiCuO7
7485,Ni0.25Cu4.75O8
7486,Ni0.5Cu4.5O8
7487,NiCuO8
7488,Ni0.25Cu4.75O9
7489,Ni0.5Cu4.5O9
7490,NiCuO9
7491,Ni0.3Cu5.7O7
7492,Ni0.6Cu5.4O7
7493,Ni1.2Cu4.8O7
7494,Ni0.35Cu6.65O8
7495,Ni0.7Cu6.3O8
7496,Ni1.4Cu5.6O8
7497,Ni0.35Cu6.65O9
7498,Ni0.7Cu6.3O9
7499,Ni1.4Cu5.6O9
7500,Ni0.35Cu6.65O10
7501,Ni0.7Cu6.3O10
7502,Ni1.4Cu5.6O10
7503,Ni0.4Cu7.6O9
7504,Ni0.8Cu7.2O9
7505,Ni1.6Cu6.4O9
7506,Ni0.45Cu8.55O10
7507,Ni0.9Cu8.1O10
7508,Ni1.8Cu7.2O10
7509,Ru0.05Cu0.95O
7510,Ru0.1Cu0.9O
7511,Ru0.2Cu0.8O
7512,Ru0.05Cu0.95O2
7513,Ru0.1Cu0.9O2
7514,Ru0.2Cu0.8O2
7515,Ru0.05Cu0.95O3
7516,Ru0.1Cu0.9O3
7517,Ru0.2Cu0.8O3
7518,Ru0.05Cu0.95O4
7519,Ru0.1Cu0.9O4
7520,Ru0.2Cu0.8O4
7521,Ru0.05Cu0.95O5
7522,Ru0.1Cu0.9O5
7523,Ru0.2Cu0.8O5
7524,Ru0.05Cu0.95O6
7525,Ru0.1Cu0.9O6
7526,Ru0.2Cu0.8O6
7527,Ru0.05Cu0.95O7
7528,Ru0.1Cu0.9O7
7529,Ru0.2Cu0.8O7
7530,Ru0.05Cu0.95O8
7531,Ru0.1Cu0.9O8
7532,Ru0.2Cu0.8O8
7533,Ru0.05Cu0.95O9
7534,Ru0.1Cu0.9O9
7535,Ru0.2Cu0.8O9
7536,Ru0.05Cu0.95O10
7537,Ru0.1Cu0.9O10
7538,Ru0.2Cu0.8O10
7539,Ru0.1Cu1.9O3
7540,Ru0.2Cu1.8O3
7541,Ru0.4Cu1.6O3
7542,Ru0.1Cu1.9O5
7543,Ru0.2Cu1.8O5
7544,Ru0.4Cu1.6O5
7545,Ru0.1Cu1.9O7
7546,Ru0.2Cu1.8O7
7547,Ru0.4Cu1.6O7
7548,Ru0.1Cu1.9O9
7549,Ru0.2Cu1.8O9
7550,Ru0.4Cu1.6O9
7551,Ru0.15Cu2.85O4
7552,Ru0.3Cu2.7O4
7553,Ru0.6Cu2.4O4
7554,Ru0.15Cu2.85O5
7555,Ru0.3Cu2.7O5
7556,Ru0.6Cu2.4O5
7557,Ru0.15Cu2.85O7
7558,Ru0.3Cu2.7O7
7559,Ru0.6Cu2.4O7
7560,Ru0.15Cu2.85O8
7561,Ru0.3Cu2.7O8
7562,Ru0.6Cu2.4O8
7563,Ru0.15Cu2.85O10
7564,Ru0.3Cu2.7O10
7565,Ru0.6Cu2.4O10
7566,Ru0.2Cu3.8O5
7567,Ru0.4Cu3.6O5
7568,Ru0.8Cu3.2O5
7569,Ru0.2Cu3.8O7
7570,Ru0.4Cu3.6O7
7571,Ru0.8Cu3.2O7
7572,Ru0.2Cu3.8O9
7573,Ru0.4Cu3.6O9
7574,Ru0.8Cu3.2O9
7575,Ru0.25Cu4.75O6
7576,Ru0.5Cu4.5O6
7577,RuCuO6
7578,Ru0.25Cu4.75O7
7579,Ru0.5Cu4.5O7
7580,RuCuO7
7581,Ru0.25Cu4.75O8
7582,Ru0.5Cu4.5O8
7583,RuCuO8
7584,Ru0.25Cu4.75O9
7585,Ru0.5Cu4.5O9
7586,RuCuO9
7587,Ru0.3Cu5.7O7
7588,Ru0.6Cu5.4O7
7589,Ru1.2Cu4.8O7
7590,Ru0.35Cu6.65O8
7591,Ru0.7Cu6.3O8
7592,Ru1.4Cu5.6O8
7593,Ru0.35Cu6.65O9
7594,Ru0.7Cu6.3O9
7595,Ru1.4Cu5.6O9
7596,Ru0.35Cu6.65O10
7597,Ru0.7Cu6.3O10
7598,Ru1.4Cu5.6O10
7599,Ru0.4Cu7.6O9
7600,Ru0.8Cu7.2O9
7601,Ru1.6Cu6.4O9
7602,Ru0.45Cu8.55O10
7603,Ru0.9Cu8.1O10
7604,Ru1.8Cu7.2O10
7605,Pd0.05Cu0.95O
7606,Pd0.1Cu0.9O
7607,Pd0.2Cu0.8O
7608,Pd0.05Cu0.95O2
7609,Pd0.1Cu0.9O2
7610,Pd0.2Cu0.8O2
7611,Pd0.05Cu0.95O3
7612,Pd0.1Cu0.9O3
7613,Pd0.2Cu0.8O3
7614,Pd0.05Cu0.95O4
7615,Pd0.1Cu0.9O4
7616,Pd0.2Cu0.8O4
7617,Pd0.05Cu0.95O5
7618,Pd0.1Cu0.9O5
7619,Pd0.2Cu0.8O5
7620,Pd0.05Cu0.95O6
7621,Pd0.1Cu0.9O6
7622,Pd0.2Cu0.8O6
7623,Pd0.05Cu0.95O7
7624,Pd0.1Cu0.9O7
7625,Pd0.2Cu0.8O7
7626,Pd0.05Cu0.95O8
7627,Pd0.1Cu0.9O8
7628,Pd0.2Cu0.8O8
7629,Pd0.05Cu0.95O9
7630,Pd0.1Cu0.9O9
7631,Pd0.2Cu0.8O9
7632,Pd0.05Cu0.95O10
7633,Pd0.1Cu0.9O10
7634,Pd0.2Cu0.8O10
7635,Pd0.1Cu1.9O3
7636,Pd0.2Cu1.8O3
7637,Pd0.4Cu1.6O3
7638,Pd0.1Cu1.9O5
7639,Pd0.2Cu1.8O5
7640,Pd0.4Cu1.6O5
7641,Pd0.1Cu1.9O7
7642,Pd0.2Cu1.8O7
7643,Pd0.4Cu1.6O7
7644,Pd0.1Cu1.9O9
7645,Pd0.2Cu1.8O9
7646,Pd0.4Cu1.6O9
7647,Pd0.15Cu2.85O4
7648,Pd0.3Cu2.7O4
7649,Pd0.6Cu2.4O4
7650,Pd0.15Cu2.85O5
7651,Pd0.3Cu2.7O5
7652,Pd0.6Cu2.4O5
7653,Pd0.15Cu2.85O7
7654,Pd0.3Cu2.7O7
7655,Pd0.6Cu2.4O7
7656,Pd0.15Cu2.85O8
7657,Pd0.3Cu2.7O8
7658,Pd0.6Cu2.4O8
7659,Pd0.15Cu2.85O10
7660,Pd0.3Cu2.7O10
7661,Pd0.6Cu2.4O10
7662,Pd0.2Cu3.8O5
7663,Pd0.4Cu3.6O5
7664,Pd0.8Cu3.2O5
7665,Pd0.2Cu3.8O7
7666,Pd0.4Cu3.6O7
7667,Pd0.8Cu3.2O7
7668,Pd0.2Cu3.8O9
7669,Pd0.4Cu3.6O9
7670,Pd0.8Cu3.2O9
7671,Pd0.25Cu4.75O6
7672,Pd0.5Cu4.5O6
7673,PdCuO6
7674,Pd0.25Cu4.75O7
7675,Pd0.5Cu4.5O7
7676,PdCuO7
7677,Pd0.25Cu4.75O8
7678,Pd0.5Cu4.5O8
7679,PdCuO8
7680,Pd0.25Cu4.75O9
7681,Pd0.5Cu4.5O9
7682,PdCuO9
7683,Pd0.3Cu5.7O7
7684,Pd0.6Cu5.4O7
7685,Pd1.2Cu4.8O7
7686,Pd0.35Cu6.65O8
7687,Pd0.7Cu6.3O8
7688,Pd1.4Cu5.6O8
7689,Pd0.35Cu6.65O9
7690,Pd0.7Cu6.3O9
7691,Pd1.4Cu5.6O9
7692,Pd0.35Cu6.65O10
7693,Pd0.7Cu6.3O10
7694,Pd1.4Cu5.6O10
7695,Pd0.4Cu7.6O9
7696,Pd0.8Cu7.2O9
7697,Pd1.6Cu6.4O9
7698,Pd0.45Cu8.55O10
7699,Pd0.9Cu8.1O10
7700,Pd1.8Cu7.2O10
7701,Ag0.05Cu0.95O
7702,Ag0.1Cu0.9O
7703,Ag0.2Cu0.8O
7704,Ag0.05Cu0.95O2
7705,Ag0.1Cu0.9O2
7706,Ag0.2Cu0.8O2
7707,Ag0.05Cu0.95O3
7708,Ag0.1Cu0.9O3
7709,Ag0.2Cu0.8O3
7710,Ag0.05Cu0.95O4
7711,Ag0.1Cu0.9O4
7712,Ag0.2Cu0.8O4
7713,Ag0.05Cu0.95O5
7714,Ag0.1Cu0.9O5
7715,Ag0.2Cu0.8O5
7716,Ag0.05Cu0.95O6
7717,Ag0.1Cu0.9O6
7718,Ag0.2Cu0.8O6
7719,Ag0.05Cu0.95O7
7720,Ag0.1Cu0.9O7
7721,Ag0.2Cu0.8O7
7722,Ag0.05Cu0.95O8
7723,Ag0.1Cu0.9O8
7724,Ag0.2Cu0.8O8
7725,Ag0.05Cu0.95O9
7726,Ag0.1Cu0.9O9
7727,Ag0.2Cu0.8O9
7728,Ag0.05Cu0.95O10
7729,Ag0.1Cu0.9O10
7730,Ag0.2Cu0.8O10
7731,Ag0.1Cu1.9O3
7732,Ag0.2Cu1.8O3
7733,Ag0.4Cu1.6O3
7734,Ag0.1Cu1.9O5
7735,Ag0.2Cu1.8O5
7736,Ag0.4Cu1.6O5
7737,Ag0.1Cu1.9O7
7738,Ag0.2Cu1.8O7
7739,Ag0.4Cu1.6O7
7740,Ag0.1Cu1.9O9
7741,Ag0.2Cu1.8O9
7742,Ag0.4Cu1.6O9
7743,Ag0.15Cu2.85O4
7744,Ag0.3Cu2.7O4
7745,Ag0.6Cu2.4O4
7746,Ag0.15Cu2.85O5
7747,Ag0.3Cu2.7O5
7748,Ag0.6Cu2.4O5
7749,Ag0.15Cu2.85O7
7750,Ag0.3Cu2.7O7
7751,Ag0.6Cu2.4O7
7752,Ag0.15Cu2.85O8
7753,Ag0.3Cu2.7O8
7754,Ag0.6Cu2.4O8
7755,Ag0.15Cu2.85O10
7756,Ag0.3Cu2.7O10
7757,Ag0.6Cu2.4O10
7758,Ag0.2Cu3.8O5
7759,Ag0.4Cu3.6O5
7760,Ag0.8Cu3.2O5
7761,Ag0.2Cu3.8O7
7762,Ag0.4Cu3.6O7
7763,Ag0.8Cu3.2O7
7764,Ag0.2Cu3.8O9
7765,Ag0.4Cu3.6O9
7766,Ag0.8Cu3.2O9
7767,Ag0.25Cu4.75O6
7768,Ag0.5Cu4.5O6
7769,AgCuO6
7770,Ag0.25Cu4.75O7
7771,Ag0.5Cu4.5O7
7772,AgCuO7
7773,Ag0.25Cu4.75O8
7774,Ag0.5Cu4.5O8
7775,AgCuO8
7776,Ag0.25Cu4.75O9
7777,Ag0.5Cu4.5O9
7778,AgCuO9
7779,Ag0.3Cu5.7O7
7780,Ag0.6Cu5.4O7
7781,Ag1.2Cu4.8O7
7782,Ag0.35Cu6.65O8
7783,Ag0.7Cu6.3O8
7784,Ag1.4Cu5.6O8
7785,Ag0.35Cu6.65O9
7786,Ag0.7Cu6.3O9
7787,Ag1.4Cu5.6O9
7788,Ag0.35Cu6.65O10
7789,Ag0.7Cu6.3O10
7790,Ag1.4Cu5.6O10
7791,Ag0.4Cu7.6O9
7792,Ag0.8Cu7.2O9
7793,Ag1.6Cu6.4O9
7794,Ag0.45Cu8.55O10
7795,Ag0.9Cu8.1O10
7796,Ag1.8Cu7.2O10
7797,Pt0.05Cu0.95O
7798,Pt0.1Cu0.9O
7799,Pt0.2Cu0.8O
7800,Pt0.05Cu0.95O2
7801,Pt0.1Cu0.9O2
7802,Pt0.2Cu0.8O2
7803,Pt0.05Cu0.95O3
7804,Pt0.1Cu0.9O3
7805,Pt0.2Cu0.8O3
7806,Pt0.05Cu0.95O4
7807,Pt0.1Cu0.9O4
7808,Pt0.2Cu0.8O4
7809,Pt0.05Cu0.95O5
7810,Pt0.1Cu0.9O5
7811,Pt0.2Cu0.8O5
7812,Pt0.05Cu0.95O6
7813,Pt0.1Cu0.9O6
7814,Pt0.2Cu0.8O6
7815,Pt0.05Cu0.95O7
7816,Pt0.1Cu0.9O7
7817,Pt0.2Cu0.8O7
7818,Pt0.05Cu0.95O8
7819,Pt0.1Cu0.9O8
7820,Pt0.2Cu0.8O8
7821,Pt0.05Cu0.95O9
7822,Pt0.1Cu0.9O9
7823,Pt0.2Cu0.8O9
7824,Pt0.05Cu0.95O10
7825,Pt0.1Cu0.9O10
7826,Pt0.2Cu0.8O10
7827,Pt0.1Cu1.9O3
7828,Pt0.2Cu1.8O3
7829,Pt0.4Cu1.6O3
7830,Pt0.1Cu1.9O5
7831,Pt0.2Cu1.8O5
7832,Pt0.4Cu1.6O5
7833,Pt0.1Cu1.9O7
7834,Pt0.2Cu1.8O7
7835,Pt0.4Cu1.6O7
7836,Pt0.1Cu1.9O9
7837,Pt0.2Cu1.8O9
7838,Pt0.4Cu1.6O9
7839,Pt0.15Cu2.85O4
7840,Pt0.3Cu2.7O4
7841,Pt0.6Cu2.4O4
7842,Pt0.15Cu2.85O5
7843,Pt0.3Cu2.7O5
7844,Pt0.6Cu2.4O5
7845,Pt0.15Cu2.85O7
7846,Pt0.3Cu2.7O7
7847,Pt0.6Cu2.4O7
7848,Pt0.15Cu2.85O8
7849,Pt0.3Cu2.7O8
7850,Pt0.6Cu2.4O8
7851,Pt0.15Cu2.85O10
7852,Pt0.3Cu2.7O10
7853,Pt0.6Cu2.4O10
7854,Pt0.2Cu3.8O5
7855,Pt0.4Cu3.6O5
7856,Pt0.8Cu3.2O5
7857,Pt0.2Cu3.8O7
7858,Pt0.4Cu3.6O7
7859,Pt0.8Cu3.2O7
7860,Pt0.2Cu3.8O9
7861,Pt0.4Cu3.6O9
7862,Pt0.8Cu3.2O9
7863,Pt0.25Cu4.75O6
7864,Pt0.5Cu4.5O6
7865,PtCuO6
7866,Pt0.25Cu4.75O7
7867,Pt0.5Cu4.5O7
7868,PtCuO7
7869,Pt0.25Cu4.75O8
7870,Pt0.5Cu4.5O8
7871,PtCuO8
7872,Pt0.25Cu4.75O9
7873,Pt0.5Cu4.5O9
7874,PtCuO9
7875,Pt0.3Cu5.7O7
7876,Pt0.6Cu5.4O7
7877,Pt1.2Cu4.8O7
7878,Pt0.35Cu6.65O8
7879,Pt0.7Cu6.3O8
7880,Pt1.4Cu5.6O8
7881,Pt0.35Cu6.65O9
7882,Pt0.7Cu6.3O9
7883,Pt1.4Cu5.6O9
7884,Pt0.35Cu6.65O10
7885,Pt0.7Cu6.3O10
7886,Pt1.4Cu5.6O10
7887,Pt0.4Cu7.6O9
7888,Pt0.8Cu7.2O9
7889,Pt1.6Cu6.4O9
7890,Pt0.45Cu8.55O10
7891,Pt0.9Cu8.1O10
7892,Pt1.8Cu7.2O10
7893,Mn0.05Zn0.95O
7894,Mn0.1Zn0.9O
7895,Mn0.2Zn0.8O
7896,Mn0.05Zn0.95O2
7897,Mn0.1Zn0.9O2
7898,Mn0.2Zn0.8O2
7899,Mn0.05Zn0.95O3
7900,Mn0.1Zn0.9O3
7901,Mn0.2Zn0.8O3
7902,Mn0.05Zn0.95O4
7903,Mn0.1Zn0.9O4
7904,Mn0.2Zn0.8O4
7905,Mn0.05Zn0.95O5
7906,Mn0.1Zn0.9O5
7907,Mn0.2Zn0.8O5
7908,Mn0.05Zn0.95O6
7909,Mn0.1Zn0.9O6
7910,Mn0.2Zn0.8O6
7911,Mn0.05Zn0.95O7
7912,Mn0.1Zn0.9O7
7913,Mn0.2Zn0.8O7
7914,Mn0.05Zn0.95O8
7915,Mn0.1Zn0.9O8
7916,Mn0.2Zn0.8O8
7917,Mn0.05Zn0.95O9
7918,Mn0.1Zn0.9O9
7919,Mn0.2Zn0.8O9
7920,Mn0.05Zn0.95O10
7921,Mn0.1Zn0.9O10
7922,Mn0.2Zn0.8O10
7923,Mn0.1Zn1.9O3
7924,Mn0.2Zn1.8O3
7925,Mn0.4Zn1.6O3
7926,Mn0.1Zn1.9O5
7927,Mn0.2Zn1.8O5
7928,Mn0.4Zn1.6O5
7929,Mn0.1Zn1.9O7
7930,Mn0.2Zn1.8O7
7931,Mn0.4Zn1.6O7
7932,Mn0.1Zn1.9O9
7933,Mn0.2Zn1.8O9
7934,Mn0.4Zn1.6O9
7935,Mn0.15Zn2.85O4
7936,Mn0.3Zn2.7O4
7937,Mn0.6Zn2.4O4
7938,Mn0.15Zn2.85O5
7939,Mn0.3Zn2.7O5
7940,Mn0.6Zn2.4O5
7941,Mn0.15Zn2.85O7
7942,Mn0.3Zn2.7O7
7943,Mn0.6Zn2.4O7
7944,Mn0.15Zn2.85O8
7945,Mn0.3Zn2.7O8
7946,Mn0.6Zn2.4O8
7947,Mn0.15Zn2.85O10
7948,Mn0.3Zn2.7O10
7949,Mn0.6Zn2.4O10
7950,Mn0.2Zn3.8O5
7951,Mn0.4Zn3.6O5
7952,Mn0.8Zn3.2O5
7953,Mn0.2Zn3.8O7
7954,Mn0.4Zn3.6O7
7955,Mn0.8Zn3.2O7
7956,Mn0.2Zn3.8O9
7957,Mn0.4Zn3.6O9
7958,Mn0.8Zn3.2O9
7959,Mn0.25Zn4.75O6
7960,Mn0.5Zn4.5O6
7961,MnZnO6
7962,Mn0.25Zn4.75O7
7963,Mn0.5Zn4.5O7
7964,MnZnO7
7965,Mn0.25Zn4.75O8
7966,Mn0.5Zn4.5O8
7967,MnZnO8
7968,Mn0.25Zn4.75O9
7969,Mn0.5Zn4.5O9
7970,MnZnO9
7971,Mn0.3Zn5.7O7
7972,Mn0.6Zn5.4O7
7973,Mn1.2Zn4.8O7
7974,Mn0.35Zn6.65O8
7975,Mn0.7Zn6.3O8
7976,Mn1.4Zn5.6O8
7977,Mn0.35Zn6.65O9
7978,Mn0.7Zn6.3O9
7979,Mn1.4Zn5.6O9
7980,Mn0.35Zn6.65O10
7981,Mn0.7Zn6.3O10
7982,Mn1.4Zn5.6O10
7983,Mn0.4Zn7.6O9
7984,Mn0.8Zn7.2O9
7985,Mn1.6Zn6.4O9
7986,Mn0.45Zn8.55O10
7987,Mn0.9Zn8.1O10
7988,Mn1.8Zn7.2O10
7989,Fe0.05Zn0.95O
7990,Fe0.1Zn0.9O
7991,Fe0.2Zn0.8O
7992,Fe0.05Zn0.95O2
7993,Fe0.1Zn0.9O2
7994,Fe0.2Zn0.8O2
7995,Fe0.05Zn0.95O3
7996,Fe0.1Zn0.9O3
7997,Fe0.2Zn0.8O3
7998,Fe0.05Zn0.95O4
7999,Fe0.1Zn0.9O4
8000,Fe0.2Zn0.8O4
8001,Fe0.05Zn0.95O5
8002,Fe0.1Zn0.9O5
8003,Fe0.2Zn0.8O5
8004,Fe0.05Zn0.95O6
8005,Fe0.1Zn0.9O6
8006,Fe0.2Zn0.8O6
8007,Fe0.05Zn0.95O7
8008,Fe0.1Zn0.9O7
8009,Fe0.2Zn0.8O7
8010,Fe0.05Zn0.95O8
8011,Fe0.1Zn0.9O8
8012,Fe0.2Zn0.8O8
8013,Fe0.05Zn0.95O9
8014,Fe0.1Zn0.9O9
8015,Fe0.2Zn0.8O9
8016,Fe0.05Zn0.95O10
8017,Fe0.1Zn0.9O10
8018,Fe0.2Zn0.8O10
8019,Fe0.1Zn1.9O3
8020,Fe0.2Zn1.8O3
8021,Fe0.4Zn1.6O3
8022,Fe0.1Zn1.9O5
8023,Fe0.2Zn1.8O5
8024,Fe0.4Zn1.6O5
8025,Fe0.1Zn1.9O7
8026,Fe0.2Zn1.8O7
8027,Fe0.4Zn1.6O7
8028,Fe0.1Zn1.9O9
8029,Fe0.2Zn1.8O9
8030,Fe0.4Zn1.6O9
8031,Fe0.15Zn2.85O4
8032,Fe0.3Zn2.7O4
8033,Fe0.6Zn2.4O4
8034,Fe0.15Zn2.85O5
8035,Fe0.3Zn2.7O5
8036,Fe0.6Zn2.4O5
8037,Fe0.15Zn2.85O7
8038,Fe0.3Zn2.7O7
8039,Fe0.6Zn2.4O7
8040,Fe0.15Zn2.85O8
8041,Fe0.3Zn2.7O8
8042,Fe0.6Zn2.4O8
8043,Fe0.15Zn2.85O10
8044,Fe0.3Zn2.7O10
8045,Fe0.6Zn2.4O10
8046,Fe0.2Zn3.8O5
8047,Fe0.4Zn3.6O5
8048,Fe0.8Zn3.2O5
8049,Fe0.2Zn3.8O7
8050,Fe0.4Zn3.6O7
8051,Fe0.8Zn3.2O7
8052,Fe0.2Zn3.8O9
8053,Fe0.4Zn3.6O9
8054,Fe0.8Zn3.2O9
8055,Fe0.25Zn4.75O6
8056,Fe0.5Zn4.5O6
8057,FeZnO6
8058,Fe0.25Zn4.75O7
8059,Fe0.5Zn4.5O7
8060,FeZnO7
8061,Fe0.25Zn4.75O8
8062,Fe0.5Zn4.5O8
8063,FeZnO8
8064,Fe0.25Zn4.75O9
8065,Fe0.5Zn4.5O9
8066,FeZnO9
8067,Fe0.3Zn5.7O7
8068,Fe0.6Zn5.4O7
8069,Fe1.2Zn4.8O7
8070,Fe0.35Zn6.65O8
8071,Fe0.7Zn6.3O8
8072,Fe1.4Zn5.6O8
8073,Fe0.35Zn6.65O9
8074,Fe0.7Zn6.3O9
8075,Fe1.4Zn5.6O9
8076,Fe0.35Zn6.65O10
8077,Fe0.7Zn6.3O10
8078,Fe1.4Zn5.6O10
8079,Fe0.4Zn7.6O9
8080,Fe0.8Zn7.2O9
8081,Fe1.6Zn6.4O9
8082,Fe0.45Zn8.55O10
8083,Fe0.9Zn8.1O10
8084,Fe1.8Zn7.2O10
8085,Co0.05Zn0.95O
8086,Co0.1Zn0.9O
8087,Co0.2Zn0.8O
8088,Co0.05Zn0.95O2
8089,Co0.1Zn0.9O2
8090,Co0.2Zn0.8O2
8091,Co0.05Zn0.95O3
8092,Co0.1Zn0.9O3
8093,Co0.2Zn0.8O3
8094,Co0.05Zn0.95O4
8095,Co0.1Zn0.9O4
8096,Co0.2Zn0.8O4
8097,Co0.05Zn0.95O5
8098,Co0.1Zn0.9O5
8099,Co0.2Zn0.8O5
8100,Co0.05Zn0.95O6
8101,Co0.1Zn0.9O6
8102,Co0.2Zn0.8O6
8103,Co0.05Zn0.95O7
8104,Co0.1Zn0.9O7
8105,Co0.2Zn0.8O7
8106,Co0.05Zn0.95O8
8107,Co0.1Zn0.9O8
8108,Co0.2Zn0.8O8
8109,Co0.05Zn0.95O9
8110,Co0.1Zn0.9O9
8111,Co0.2Zn0.8O9
8112,Co0.05Zn0.95O10
8113,Co0.1Zn0.9O10
8114,Co0.2Zn0.8O10
8115,Co0.1Zn1.9O3
8116,Co0.2Zn1.8O3
8117,Co0.4Zn1.6O3
8118,Co0.1Zn1.9O5
8119,Co0.2Zn1.8O5
8120,Co0.4Zn1.6O5
8121,Co0.1Zn1.9O7
8122,Co0.2Zn1.8O7
8123,Co0.4Zn1.6O7
8124,Co0.1Zn1.9O9
8125,Co0.2Zn1.8O9
8126,Co0.4Zn1.6O9
8127,Co0.15Zn2.85O4
8128,Co0.3Zn2.7O4
8129,Co0.6Zn2.4O4
8130,Co0.15Zn2.85O5
8131,Co0.3Zn2.7O5
8132,Co0.6Zn2.4O5
8133,Co0.15Zn2.85O7
8134,Co0.3Zn2.7O7
8135,Co0.6Zn2.4O7
8136,Co0.15Zn2.85O8
8137,Co0.3Zn2.7O8
8138,Co0.6Zn2.4O8
8139,Co0.15Zn2.85O10
8140,Co0.3Zn2.7O10
8141,Co0.6Zn2.4O10
8142,Co0.2Zn3.8O5
8143,Co0.4Zn3.6O5
8144,Co0.8Zn3.2O5
8145,Co0.2Zn3.8O7
8146,Co0.4Zn3.6O7
8147,Co0.8Zn3.2O7
8148,Co0.2Zn3.8O9
8149,Co0.4Zn3.6O9
8150,Co0.8Zn3.2O9
8151,Co0.25Zn4.75O6
8152,Co0.5Zn4.5O6
8153,CoZnO6
8154,Co0.25Zn4.75O7
8155,Co0.5Zn4.5O7
8156,CoZnO7
8157,Co0.25Zn4.75O8
8158,Co0.5Zn4.5O8
8159,CoZnO8
8160,Co0.25Zn4.75O9
8161,Co0.5Zn4.5O9
8162,CoZnO9
8163,Co0.3Zn5.7O7
8164,Co0.6Zn5.4O7
8165,Co1.2Zn4.8O7
8166,Co0.35Zn6.65O8
8167,Co0.7Zn6.3O8
8168,Co1.4Zn5.6O8
8169,Co0.35Zn6.65O9
8170,Co0.7Zn6.3O9
8171,Co1.4Zn5.6O9
8172,Co0.35Zn6.65O10
8173,Co0.7Zn6.3O10
8174,Co1.4Zn5.6O10
8175,Co0.4Zn7.6O9
8176,Co0.8Zn7.2O9
8177,Co1.6Zn6.4O9
8178,Co0.45Zn8.55O10
8179,Co0.9Zn8.1O10
8180,Co1.8Zn7.2O10
8181,Ni0.05Zn0.95O
8182,Ni0.1Zn0.9O
8183,Ni0.2Zn0.8O
8184,Ni0.05Zn0.95O2
8185,Ni0.1Zn0.9O2
8186,Ni0.2Zn0.8O2
8187,Ni0.05Zn0.95O3
8188,Ni0.1Zn0.9O3
8189,Ni0.2Zn0.8O3
8190,Ni0.05Zn0.95O4
8191,Ni0.1Zn0.9O4
8192,Ni0.2Zn0.8O4
8193,Ni0.05Zn0.95O5
8194,Ni0.1Zn0.9O5
8195,Ni0.2Zn0.8O5
8196,Ni0.05Zn0.95O6
8197,Ni0.1Zn0.9O6
8198,Ni0.2Zn0.8O6
8199,Ni0.05Zn0.95O7
8200,Ni0.1Zn0.9O7
8201,Ni0.2Zn0.8O7
8202,Ni0.05Zn0.95O8
8203,Ni0.1Zn0.9O8
8204,Ni0.2Zn0.8O8
8205,Ni0.05Zn0.95O9
8206,Ni0.1Zn0.9O9
8207,Ni0.2Zn0.8O9
8208,Ni0.05Zn0.95O10
8209,Ni0.1Zn0.9O10
8210,Ni0.2Zn0.8O10
8211,Ni0.1Zn1.9O3
8212,Ni0.2Zn1.8O3
8213,Ni0.4Zn1.6O3
8214,Ni0.1Zn1.9O5
8215,Ni0.2Zn1.8O5
8216,Ni0.4Zn1.6O5
8217,Ni0.1Zn1.9O7
8218,Ni0.2Zn1.8O7
8219,Ni0.4Zn1.6O7
8220,Ni0.1Zn1.9O9
8221,Ni0.2Zn1.8O9
8222,Ni0.4Zn1.6O9
8223,Ni0.15Zn2.85O4
8224,Ni0.3Zn2.7O4
8225,Ni0.6Zn2.4O4
8226,Ni0.15Zn2.85O5
8227,Ni0.3Zn2.7O5
8228,Ni0.6Zn2.4O5
8229,Ni0.15Zn2.85O7
8230,Ni0.3Zn2.7O7
8231,Ni0.6Zn2.4O7
8232,Ni0.15Zn2.85O8
8233,Ni0.3Zn2.7O8
8234,Ni0.6Zn2.4O8
8235,Ni0.15Zn2.85O10
8236,Ni0.3Zn2.7O10
8237,Ni0.6Zn2.4O10
8238,Ni0.2Zn3.8O5
8239,Ni0.4Zn3.6O5
8240,Ni0.8Zn3.2O5
8241,Ni0.2Zn3.8O7
8242,Ni0.4Zn3.6O7
8243,Ni0.8Zn3.2O7
8244,Ni0.2Zn3.8O9
8245,Ni0.4Zn3.6O9
8246,Ni0.8Zn3.2O9
8247,Ni0.25Zn4.75O6
8248,Ni0.5Zn4.5O6
8249,NiZnO6
8250,Ni0.25Zn4.75O7
8251,Ni0.5Zn4.5O7
8252,NiZnO7
8253,Ni0.25Zn4.75O8
8254,Ni0.5Zn4.5O8
8255,NiZnO8
8256,Ni0.25Zn4.75O9
8257,Ni0.5Zn4.5O9
8258,NiZnO9
8259,Ni0.3Zn5.7O7
8260,Ni0.6Zn5.4O7
8261,Ni1.2Zn4.8O7
8262,Ni0.35Zn6.65O8
8263,Ni0.7Zn6.3O8
8264,Ni1.4Zn5.6O8
8265,Ni0.35Zn6.65O9
8266,Ni0.7Zn6.3O9
8267,Ni1.4Zn5.6O9
8268,Ni0.35Zn6.65O10
8269,Ni0.7Zn6.3O10
8270,Ni1.4Zn5.6O10
8271,Ni0.4Zn7.6O9
8272,Ni0.8Zn7.2O9
8273,Ni1.6Zn6.4O9
8274,Ni0.45Zn8.55O10
8275,Ni0.9Zn8.1O10
8276,Ni1.8Zn7.2O10
8277,Ru0.05Zn0.95O
8278,Ru0.1Zn0.9O
8279,Ru0.2Zn0.8O
8280,Ru0.05Zn0.95O2
8281,Ru0.1Zn0.9O2
8282,Ru0.2Zn0.8O2
8283,Ru0.05Zn0.95O3
8284,Ru0.1Zn0.9O3
8285,Ru0.2Zn0.8O3
8286,Ru0.05Zn0.95O4
8287,Ru0.1Zn0.9O4
8288,Ru0.2Zn0.8O4
8289,Ru0.05Zn0.95O5
8290,Ru0.1Zn0.9O5
8291,Ru0.2Zn0.8O5
8292,Ru0.05Zn0.95O6
8293,Ru0.1Zn0.9O6
8294,Ru0.2Zn0.8O6
8295,Ru0.05Zn0.95O7
8296,Ru0.1Zn0.9O7
8297,Ru0.2Zn0.8O7
8298,Ru0.05Zn0.95O8
8299,Ru0.1Zn0.9O8
8300,Ru0.2Zn0.8O8
8301,Ru0.05Zn0.95O9
8302,Ru0.1Zn0.9O9
8303,Ru0.2Zn0.8O9
8304,Ru0.05Zn0.95O10
8305,Ru0.1Zn0.9O10
8306,Ru0.2Zn0.8O10
8307,Ru0.1Zn1.9O3
8308,Ru0.2Zn1.8O3
8309,Ru0.4Zn1.6O3
8310,Ru0.1Zn1.9O5
8311,Ru0.2Zn1.8O5
8312,Ru0.4Zn1.6O5
8313,Ru0.1Zn1.9O7
8314,Ru0.2Zn1.8O7
8315,Ru0.4Zn1.6O7
8316,Ru0.1Zn1.9O9
8317,Ru0.2Zn1.8O9
8318,Ru0.4Zn1.6O9
8319,Ru0.15Zn2.85O4
8320,Ru0.3Zn2.7O4
8321,Ru0.6Zn2.4O4
8322,Ru0.15Zn2.85O5
8323,Ru0.3Zn2.7O5
8324,Ru0.6Zn2.4O5
8325,Ru0.15Zn2.85O7
8326,Ru0.3Zn2.7O7
8327,Ru0.6Zn2.4O7
8328,Ru0.15Zn2.85O8
8329,Ru0.3Zn2.7O8
8330,Ru0.6Zn2.4O8
8331,Ru0.15Zn2.85O10
8332,Ru0.3Zn2.7O10
8333,Ru0.6Zn2.4O10
8334,Ru0.2Zn3.8O5
8335,Ru0.4Zn3.6O5
8336,Ru0.8Zn3.2O5
8337,Ru0.2Zn3.8O7
8338,Ru0.4Zn3.6O7
8339,Ru0.8Zn3.2O7
8340,Ru0.2Zn3.8O9
8341,Ru0.4Zn3.6O9
8342,Ru0.8Zn3.2O9
8343,Ru0.25Zn4.75O6
8344,Ru0.5Zn4.5O6
8345,RuZnO6
8346,Ru0.25Zn4.75O7
8347,Ru0.5Zn4.5O7
8348,RuZnO7
8349,Ru0.25Zn4.75O8
8350,Ru0.5Zn4.5O8
8351,RuZnO8
8352,Ru0.25Zn4.75O9
8353,Ru0.5Zn4.5O9
8354,RuZnO9
8355,Ru0.3Zn5.7O7
8356,Ru0.6Zn5.4O7
8357,Ru1.2Zn4.8O7
8358,Ru0.35Zn6.65O8
8359,Ru0.7Zn6.3O8
8360,Ru1.4Zn5.6O8
8361,Ru0.35Zn6.65O9
8362,Ru0.7Zn6.3O9
8363,Ru1.4Zn5.6O9
8364,Ru0.35Zn6.65O10
8365,Ru0.7Zn6.3O10
8366,Ru1.4Zn5.6O10
8367,Ru0.4Zn7.6O9
8368,Ru0.8Zn7.2O9
8369,Ru1.6Zn6.4O9
8370,Ru0.45Zn8.55O10
8371,Ru0.9Zn8.1O10
8372,Ru1.8Zn7.2O10
8373,Pd0.05Zn0.95O
8374,Pd0.1Zn0.9O
8375,Pd0.2Zn0.8O
8376,Pd0.05Zn0.95O2
8377,Pd0.1Zn0.9O2
8378,Pd0.2Zn0.8O2
8379,Pd0.05Zn0.95O3
8380,Pd0.1Zn0.9O3
8381,Pd0.2Zn0.8O3
8382,Pd0.05Zn0.95O4
8383,Pd0.1Zn0.9O4
8384,Pd0.2Zn0.8O4
8385,Pd0.05Zn0.95O5
8386,Pd0.1Zn0.9O5
8387,Pd0.2Zn0.8O5
8388,Pd0.05Zn0.95O6
8389,Pd0.1Zn0.9O6
8390,Pd0.2Zn0.8O6
8391,Pd0.05Zn0.95O7
8392,Pd0.1Zn0.9O7
8393,Pd0.2Zn0.8O7
8394,Pd0.05Zn0.95O8
8395,Pd0.1Zn0.9O8
8396,Pd0.2Zn0.8O8
8397,Pd0.05Zn0.95O9
8398,Pd0.1Zn0.9O9
8399,Pd0.2Zn0.8O9
8400,Pd0.05Zn0.95O10
8401,Pd0.1Zn0.9O10
8402,Pd0.2Zn0.8O10
8403,Pd0.1Zn1.9O3
8404,Pd0.2Zn1.8O3
8405,Pd0.4Zn1.6O3
8406,Pd0.1Zn1.9O5
8407,Pd0.2Zn1.8O5
8408,Pd0.4Zn1.6O5
8409,Pd0.1Zn1.9O7
8410,Pd0.2Zn1.8O7
8411,Pd0.4Zn1.6O7
8412,Pd0.1Zn1.9O9
8413,Pd0.2Zn1.8O9
8414,Pd0.4Zn1.6O9
8415,Pd0.15Zn2.85O4
8416,Pd0.3Zn2.7O4
8417,Pd0.6Zn2.4O4
8418,Pd0.15Zn2.85O5
8419,Pd0.3Zn2.7O5
8420,Pd0.6Zn2.4O5
8421,Pd0.15Zn2.85O7
8422,Pd0.3Zn2.7O7
8423,Pd0.6Zn2.4O7
8424,Pd0.15Zn2.85O8
8425,Pd0.3Zn2.7O8
8426,Pd0.6Zn2.4O8
8427,Pd0.15Zn2.85O10
8428,Pd0.3Zn2.7O10
8429,Pd0.6Zn2.4O10
8430,Pd0.2Zn3.8O5
8431,Pd0.4Zn3.6O5
8432,Pd0.8Zn3.2O5
8433,Pd0.2Zn3.8O7
8434,Pd0.4Zn3.6O7
8435,Pd0.8Zn3.2O7
8436,Pd0.2Zn3.8O9
8437,Pd0.4Zn3.6O9
8438,Pd0.8Zn3.2O9
8439,Pd0.25Zn4.75O6
8440,Pd0.5Zn4.5O6
8441,PdZnO6
8442,Pd0.25Zn4.75O7
8443,Pd0.5Zn4.5O7
8444,PdZnO7
8445,Pd0.25Zn4.75O8
8446,Pd0.5Zn4.5O8
8447,PdZnO8
8448,Pd0.25Zn4.75O9
8449,Pd0.5Zn4.5O9
8450,PdZnO9
8451,Pd0.3Zn5.7O7
8452,Pd0.6Zn5.4O7
8453,Pd1.2Zn4.8O7
8454,Pd0.35Zn6.65O8
8455,Pd0.7Zn6.3O8
8456,Pd1.4Zn5.6O8
8457,Pd0.35Zn6.65O9
8458,Pd0.7Zn6.3O9
8459,Pd1.4Zn5.6O9
8460,Pd0.35Zn6.65O10
8461,Pd0.7Zn6.3O10
8462,Pd1.4Zn5.6O10
8463,Pd0.4Zn7.6O9
8464,Pd0.8Zn7.2O9
8465,Pd1.6Zn6.4O9
8466,Pd0.45Zn8.55O10
8467,Pd0.9Zn8.1O10
8468,Pd1.8Zn7.2O10
8469,Ag0.05Zn0.95O
8470,Ag0.1Zn0.9O
8471,Ag0.2Zn0.8O
8472,Ag0.05Zn0.95O2
8473,Ag0.1Zn0.9O2
8474,Ag0.2Zn0.8O2
8475,Ag0.05Zn0.95O3
8476,Ag0.1Zn0.9O3
8477,Ag0.2Zn0.8O3
8478,Ag0.05Zn0.95O4
8479,Ag0.1Zn0.9O4
8480,Ag0.2Zn0.8O4
8481,Ag0.05Zn0.95O5
8482,Ag0.1Zn0.9O5
8483,Ag0.2Zn0.8O5
8484,Ag0.05Zn0.95O6
8485,Ag0.1Zn0.9O6
8486,Ag0.2Zn0.8O6
8487,Ag0.05Zn0.95O7
8488,Ag0.1Zn0.9O7
8489,Ag0.2Zn0.8O7
8490,Ag0.05Zn0.95O8
8491,Ag0.1Zn0.9O8
8492,Ag0.2Zn0.8O8
8493,Ag0.05Zn0.95O9
8494,Ag0.1Zn0.9O9
8495,Ag0.2Zn0.8O9
8496,Ag0.05Zn0.95O10
8497,Ag0.1Zn0.9O10
8498,Ag0.2Zn0.8O10
8499,Ag0.1Zn1.9O3
8500,Ag0.2Zn1.8O3
8501,Ag0.4Zn1.6O3
8502,Ag0.1Zn1.9O5
8503,Ag0.2Zn1.8O5
8504,Ag0.4Zn1.6O5
8505,Ag0.1Zn1.9O7
8506,Ag0.2Zn1.8O7
8507,Ag0.4Zn1.6O7
8508,Ag0.1Zn1.9O9
8509,Ag0.2Zn1.8O9
8510,Ag0.4Zn1.6O9
8511,Ag0.15Zn2.85O4
8512,Ag0.3Zn2.7O4
8513,Ag0.6Zn2.4O4
8514,Ag0.15Zn2.85O5
8515,Ag0.3Zn2.7O5
8516,Ag0.6Zn2.4O5
8517,Ag0.15Zn2.85O7
8518,Ag0.3Zn2.7O7
8519,Ag0.6Zn2.4O7
8520,Ag0.15Zn2.85O8
8521,Ag0.3Zn2.7O8
8522,Ag0.6Zn2.4O8
8523,Ag0.15Zn2.85O10
8524,Ag0.3Zn2.7O10
8525,Ag0.6Zn2.4O10
8526,Ag0.2Zn3.8O5
8527,Ag0.4Zn3.6O5
8528,Ag0.8Zn3.2O5
8529,Ag0.2Zn3.8O7
8530,Ag0.4Zn3.6O7
8531,Ag0.8Zn3.2O7
8532,Ag0.2Zn3.8O9
8533,Ag0.4Zn3.6O9
8534,Ag0.8Zn3.2O9
8535,Ag0.25Zn4.75O6
8536,Ag0.5Zn4.5O6
8537,AgZnO6
8538,Ag0.25Zn4.75O7
8539,Ag0.5Zn4.5O7
8540,AgZnO7
8541,Ag0.25Zn4.75O8
8542,Ag0.5Zn4.5O8
8543,AgZnO8
8544,Ag0.25Zn4.75O9
8545,Ag0.5Zn4.5O9
8546,AgZnO9
8547,Ag0.3Zn5.7O7
8548,Ag0.6Zn5.4O7
8549,Ag1.2Zn4.8O7
8550,Ag0.35Zn6.65O8
8551,Ag0.7Zn6.3O8
8552,Ag1.4Zn5.6O8
8553,Ag0.35Zn6.65O9
8554,Ag0.7Zn6.3O9
8555,Ag1.4Zn5.6O9
8556,Ag0.35Zn6.65O10
8557,Ag0.7Zn6.3O10
8558,Ag1.4Zn5.6O10
8559,Ag0.4Zn7.6O9
8560,Ag0.8Zn7.2O9
8561,Ag1.6Zn6.4O9
8562,Ag0.45Zn8.55O10
8563,Ag0.9Zn8.1O10
8564,Ag1.8Zn7.2O10
8565,Pt0.05Zn0.95O
8566,Pt0.1Zn0.9O
8567,Pt0.2Zn0.8O
8568,Pt0.05Zn0.95O2
8569,Pt0.1Zn0.9O2
8570,Pt0.2Zn0.8O2
8571,Pt0.05Zn0.95O3
8572,Pt0.1Zn0.9O3
8573,Pt0.2Zn0.8O3
8574,Pt0.05Zn0.95O4
8575,Pt0.1Zn0.9O4
8576,Pt0.2Zn0.8O4
8577,Pt0.05Zn0.95O5
8578,Pt0.1Zn0.9O5
8579,Pt0.2Zn0.8O5
8580,Pt0.05Zn0.95O6
8581,Pt0.1Zn0.9O6
8582,Pt0.2Zn0.8O6
8583,Pt0.05Zn0.95O7
8584,Pt0.1Zn0.9O7
8585,Pt0.2Zn0.8O7
8586,Pt0.05Zn0.95O8
8587,Pt0.1Zn0.9O8
8588,Pt0.2Zn0.8O8
8589,Pt0.05Zn0.95O9
8590,Pt0.1Zn0.9O9
8591,Pt0.2Zn0.8O9
8592,Pt0.05Zn0.95O10
8593,Pt0.1Zn0.9O10
8594,Pt0.2Zn0.8O10
8595,Pt0.1Zn1.9O3
8596,Pt0.2Zn1.8O3
8597,Pt0.4Zn1.6O3
8598,Pt0.1Zn1.9O5
8599,Pt0.2Zn1.8O5
8600,Pt0.4Zn1.6O5
8601,Pt0.1Zn1.9O7
8602,Pt0.2Zn1.8O7
8603,Pt0.4Zn1.6O7
8604,Pt0.1Zn1.9O9
8605,Pt0.2Zn1.8O9
8606,Pt0.4Zn1.6O9
8607,Pt0.15Zn2.85O4
8608,Pt0.3Zn2.7O4
8609,Pt0.6Zn2.4O4
8610,Pt0.15Zn2.85O5
8611,Pt0.3Zn2.7O5
8612,Pt0.6Zn2.4O5
8613,Pt0.15Zn2.85O7
8614,Pt0.3Zn2.7O7
8615,Pt0.6Zn2.4O7
8616,Pt0.15Zn2.85O8
8617,Pt0.3Zn2.7O8
8618,Pt0.6Zn2.4O8
8619,Pt0.15Zn2.85O10
8620,Pt0.3Zn2.7O10
8621,Pt0.6Zn2.4O10
8622,Pt0.2Zn3.8O5
8623,Pt0.4Zn3.6O5
8624,Pt0.8Zn3.2O5
8625,Pt0.2Zn3.8O7
8626,Pt0.4Zn3.6O7
8627,Pt0.8Zn3.2O7
8628,Pt0.2Zn3.8O9
8629,Pt0.4Zn3.6O9
8630,Pt0.8Zn3.2O9
8631,Pt0.25Zn4.75O6
8632,Pt0.5Zn4.5O6
8633,PtZnO6
8634,Pt0.25Zn4.75O7
8635,Pt0.5Zn4.5O7
8636,PtZnO7
8637,Pt0.25Zn4.75O8
8638,Pt0.5Zn4.5O8
8639,PtZnO8
8640,Pt0.25Zn4.75O9
8641,Pt0.5Zn4.5O9
8642,PtZnO9
8643,Pt0.3Zn5.7O7
8644,Pt0.6Zn5.4O7
8645,Pt1.2Zn4.8O7
8646,Pt0.35Zn6.65O8
8647,Pt0.7Zn6.3O8
8648,Pt1.4Zn5.6O8
8649,Pt0.35Zn6.65O9
8650,Pt0.7Zn6.3O9
8651,Pt1.4Zn5.6O9
8652,Pt0.35Zn6.65O10
8653,Pt0.7Zn6.3O10
8654,Pt1.4Zn5.6O10
8655,Pt0.4Zn7.6O9
8656,Pt0.8Zn7.2O9
8657,Pt1.6Zn6.4O9
8658,Pt0.45Zn8.55O10
8659,Pt0.9Zn8.1O10
8660,Pt1.8Zn7.2O10
8661,Mn0.05Y0.95O
8662,Mn0.1Y0.9O
8663,Mn0.2Y0.8O
8664,Mn0.05Y0.95O2
8665,Mn0.1Y0.9O2
8666,Mn0.2Y0.8O2
8667,Mn0.05Y0.95O3
8668,Mn0.1Y0.9O3
8669,Mn0.2Y0.8O3
8670,Mn0.05Y0.95O4
8671,Mn0.1Y0.9O4
8672,Mn0.2Y0.8O4
8673,Mn0.05Y0.95O5
8674,Mn0.1Y0.9O5
8675,Mn0.2Y0.8O5
8676,Mn0.05Y0.95O6
8677,Mn0.1Y0.9O6
8678,Mn0.2Y0.8O6
8679,Mn0.05Y0.95O7
8680,Mn0.1Y0.9O7
8681,Mn0.2Y0.8O7
8682,Mn0.05Y0.95O8
8683,Mn0.1Y0.9O8
8684,Mn0.2Y0.8O8
8685,Mn0.05Y0.95O9
8686,Mn0.1Y0.9O9
8687,Mn0.2Y0.8O9
8688,Mn0.05Y0.95O10
8689,Mn0.1Y0.9O10
8690,Mn0.2Y0.8O10
8691,Mn0.1Y1.9O3
8692,Mn0.2Y1.8O3
8693,Mn0.4Y1.6O3
8694,Mn0.1Y1.9O5
8695,Mn0.2Y1.8O5
8696,Mn0.4Y1.6O5
8697,Mn0.1Y1.9O7
8698,Mn0.2Y1.8O7
8699,Mn0.4Y1.6O7
8700,Mn0.1Y1.9O9
8701,Mn0.2Y1.8O9
8702,Mn0.4Y1.6O9
8703,Mn0.15Y2.85O4
8704,Mn0.3Y2.7O4
8705,Mn0.6Y2.4O4
8706,Mn0.15Y2.85O5
8707,Mn0.3Y2.7O5
8708,Mn0.6Y2.4O5
8709,Mn0.15Y2.85O7
8710,Mn0.3Y2.7O7
8711,Mn0.6Y2.4O7
8712,Mn0.15Y2.85O8
8713,Mn0.3Y2.7O8
8714,Mn0.6Y2.4O8
8715,Mn0.15Y2.85O10
8716,Mn0.3Y2.7O10
8717,Mn0.6Y2.4O10
8718,Mn0.2Y3.8O5
8719,Mn0.4Y3.6O5
8720,Mn0.8Y3.2O5
8721,Mn0.2Y3.8O7
8722,Mn0.4Y3.6O7
8723,Mn0.8Y3.2O7
8724,Mn0.2Y3.8O9
8725,Mn0.4Y3.6O9
8726,Mn0.8Y3.2O9
8727,Mn0.25Y4.75O6
8728,Mn0.5Y4.5O6
8729,MnYO6
8730,Mn0.25Y4.75O7
8731,Mn0.5Y4.5O7
8732,MnYO7
8733,Mn0.25Y4.75O8
8734,Mn0.5Y4.5O8
8735,MnYO8
8736,Mn0.25Y4.75O9
8737,Mn0.5Y4.5O9
8738,MnYO9
8739,Mn0.3Y5.7O7
8740,Mn0.6Y5.4O7
8741,Mn1.2Y4.8O7
8742,Mn0.35Y6.65O8
8743,Mn0.7Y6.3O8
8744,Mn1.4Y5.6O8
8745,Mn0.35Y6.65O9
8746,Mn0.7Y6.3O9
8747,Mn1.4Y5.6O9
8748,Mn0.35Y6.65O10
8749,Mn0.7Y6.3O10
8750,Mn1.4Y5.6O10
8751,Mn0.4Y7.6O9
8752,Mn0.8Y7.2O9
8753,Mn1.6Y6.4O9
8754,Mn0.45Y8.55O10
8755,Mn0.9Y8.1O10
8756,Mn1.8Y7.2O10
8757,Fe0.05Y0.95O
8758,Fe0.1Y0.9O
8759,Fe0.2Y0.8O
8760,Fe0.05Y0.95O2
8761,Fe0.1Y0.9O2
8762,Fe0.2Y0.8O2
8763,Fe0.05Y0.95O3
8764,Fe0.1Y0.9O3
8765,Fe0.2Y0.8O3
8766,Fe0.05Y0.95O4
8767,Fe0.1Y0.9O4
8768,Fe0.2Y0.8O4
8769,Fe0.05Y0.95O5
8770,Fe0.1Y0.9O5
8771,Fe0.2Y0.8O5
8772,Fe0.05Y0.95O6
8773,Fe0.1Y0.9O6
8774,Fe0.2Y0.8O6
8775,Fe0.05Y0.95O7
8776,Fe0.1Y0.9O7
8777,Fe0.2Y0.8O7
8778,Fe0.05Y0.95O8
8779,Fe0.1Y0.9O8
8780,Fe0.2Y0.8O8
8781,Fe0.05Y0.95O9
8782,Fe0.1Y0.9O9
8783,Fe0.2Y0.8O9
8784,Fe0.05Y0.95O10
8785,Fe0.1Y0.9O10
8786,Fe0.2Y0.8O10
8787,Fe0.1Y1.9O3
8788,Fe0.2Y1.8O3
8789,Fe0.4Y1.6O3
8790,Fe0.1Y1.9O5
8791,Fe0.2Y1.8O5
8792,Fe0.4Y1.6O5
8793,Fe0.1Y1.9O7
8794,Fe0.2Y1.8O7
8795,Fe0.4Y1.6O7
8796,Fe0.1Y1.9O9
8797,Fe0.2Y1.8O9
8798,Fe0.4Y1.6O9
8799,Fe0.15Y2.85O4
8800,Fe0.3Y2.7O4
8801,Fe0.6Y2.4O4
8802,Fe0.15Y2.85O5
8803,Fe0.3Y2.7O5
8804,Fe0.6Y2.4O5
8805,Fe0.15Y2.85O7
8806,Fe0.3Y2.7O7
8807,Fe0.6Y2.4O7
8808,Fe0.15Y2.85O8
8809,Fe0.3Y2.7O8
8810,Fe0.6Y2.4O8
8811,Fe0.15Y2.85O10
8812,Fe0.3Y2.7O10
8813,Fe0.6Y2.4O10
8814,Fe0.2Y3.8O5
8815,Fe0.4Y3.6O5
8816,Fe0.8Y3.2O5
8817,Fe0.2Y3.8O7
8818,Fe0.4Y3.6O7
8819,Fe0.8Y3.2O7
8820,Fe0.2Y3.8O9
8821,Fe0.4Y3.6O9
8822,Fe0.8Y3.2O9
8823,Fe0.25Y4.75O6
8824,Fe0.5Y4.5O6
8825,FeYO6
8826,Fe0.25Y4.75O7
8827,Fe0.5Y4.5O7
8828,FeYO7
8829,Fe0.25Y4.75O8
8830,Fe0.5Y4.5O8
8831,FeYO8
8832,Fe0.25Y4.75O9
8833,Fe0.5Y4.5O9
8834,FeYO9
8835,Fe0.3Y5.7O7
8836,Fe0.6Y5.4O7
8837,Fe1.2Y4.8O7
8838,Fe0.35Y6.65O8
8839,Fe0.7Y6.3O8
8840,Fe1.4Y5.6O8
8841,Fe0.35Y6.65O9
8842,Fe0.7Y6.3O9
8843,Fe1.4Y5.6O9
8844,Fe0.35Y6.65O10
8845,Fe0.7Y6.3O10
8846,Fe1.4Y5.6O10
8847,Fe0.4Y7.6O9
8848,Fe0.8Y7.2O9
8849,Fe1.6Y6.4O9
8850,Fe0.45Y8.55O10
8851,Fe0.9Y8.1O10
8852,Fe1.8Y7.2O10
8853,Co0.05Y0.95O
8854,Co0.1Y0.9O
8855,Co0.2Y0.8O
8856,Co0.05Y0.95O2
8857,Co0.1Y0.9O2
8858,Co0.2Y0.8O2
8859,Co0.05Y0.95O3
8860,Co0.1Y0.9O3
8861,Co0.2Y0.8O3
8862,Co0.05Y0.95O4
8863,Co0.1Y0.9O4
8864,Co0.2Y0.8O4
8865,Co0.05Y0.95O5
8866,Co0.1Y0.9O5
8867,Co0.2Y0.8O5
8868,Co0.05Y0.95O6
8869,Co0.1Y0.9O6
8870,Co0.2Y0.8O6
8871,Co0.05Y0.95O7
8872,Co0.1Y0.9O7
8873,Co0.2Y0.8O7
8874,Co0.05Y0.95O8
8875,Co0.1Y0.9O8
8876,Co0.2Y0.8O8
8877,Co0.05Y0.95O9
8878,Co0.1Y0.9O9
8879,Co0.2Y0.8O9
8880,Co0.05Y0.95O10
8881,Co0.1Y0.9O10
8882,Co0.2Y0.8O10
8883,Co0.1Y1.9O3
8884,Co0.2Y1.8O3
8885,Co0.4Y1.6O3
8886,Co0.1Y1.9O5
8887,Co0.2Y1.8O5
8888,Co0.4Y1.6O5
8889,Co0.1Y1.9O7
8890,Co0.2Y1.8O7
8891,Co0.4Y1.6O7
8892,Co0.1Y1.9O9
8893,Co0.2Y1.8O9
8894,Co0.4Y1.6O9
8895,Co0.15Y2.85O4
8896,Co0.3Y2.7O4
8897,Co0.6Y2.4O4
8898,Co0.15Y2.85O5
8899,Co0.3Y2.7O5
8900,Co0.6Y2.4O5
8901,Co0.15Y2.85O7
8902,Co0.3Y2.7O7
8903,Co0.6Y2.4O7
8904,Co0.15Y2.85O8
8905,Co0.3Y2.7O8
8906,Co0.6Y2.4O8
8907,Co0.15Y2.85O10
8908,Co0.3Y2.7O10
8909,Co0.6Y2.4O10
8910,Co0.2Y3.8O5
8911,Co0.4Y3.6O5
8912,Co0.8Y3.2O5
8913,Co0.2Y3.8O7
8914,Co0.4Y3.6O7
8915,Co0.8Y3.2O7
8916,Co0.2Y3.8O9
8917,Co0.4Y3.6O9
8918,Co0.8Y3.2O9
8919,Co0.25Y4.75O6
8920,Co0.5Y4.5O6
8921,CoYO6
8922,Co0.25Y4.75O7
8923,Co0.5Y4.5O7
8924,CoYO7
8925,Co0.25Y4.75O8
8926,Co0.5Y4.5O8
8927,CoYO8
8928,Co0.25Y4.75O9
8929,Co0.5Y4.5O9
8930,CoYO9
8931,Co0.3Y5.7O7
8932,Co0.6Y5.4O7
8933,Co1.2Y4.8O7
8934,Co0.35Y6.65O8
8935,Co0.7Y6.3O8
8936,Co1.4Y5.6O8
8937,Co0.35Y6.65O9
8938,Co0.7Y6.3O9
8939,Co1.4Y5.6O9
8940,Co0.35Y6.65O10
8941,Co0.7Y6.3O10
8942,Co1.4Y5.6O10
8943,Co0.4Y7.6O9
8944,Co0.8Y7.2O9
8945,Co1.6Y6.4O9
8946,Co0.45Y8.55O10
8947,Co0.9Y8.1O10
8948,Co1.8Y7.2O10
8949,Ni0.05Y0.95O
8950,Ni0.1Y0.9O
8951,Ni0.2Y0.8O
8952,Ni0.05Y0.95O2
8953,Ni0.1Y0.9O2
8954,Ni0.2Y0.8O2
8955,Ni0.05Y0.95O3
8956,Ni0.1Y0.9O3
8957,Ni0.2Y0.8O3
8958,Ni0.05Y0.95O4
8959,Ni0.1Y0.9O4
8960,Ni0.2Y0.8O4
8961,Ni0.05Y0.95O5
8962,Ni0.1Y0.9O5
8963,Ni0.2Y0.8O5
8964,Ni0.05Y0.95O6
8965,Ni0.1Y0.9O6
8966,Ni0.2Y0.8O6
8967,Ni0.05Y0.95O7
8968,Ni0.1Y0.9O7
8969,Ni0.2Y0.8O7
8970,Ni0.05Y0.95O8
8971,Ni0.1Y0.9O8
8972,Ni0.2Y0.8O8
8973,Ni0.05Y0.95O9
8974,Ni0.1Y0.9O9
8975,Ni0.2Y0.8O9
8976,Ni0.05Y0.95O10
8977,Ni0.1Y0.9O10
8978,Ni0.2Y0.8O10
8979,Ni0.1Y1.9O3
8980,Ni0.2Y1.8O3
8981,Ni0.4Y1.6O3
8982,Ni0.1Y1.9O5
8983,Ni0.2Y1.8O5
8984,Ni0.4Y1.6O5
8985,Ni0.1Y1.9O7
8986,Ni0.2Y1.8O7
8987,Ni0.4Y1.6O7
8988,Ni0.1Y1.9O9
8989,Ni0.2Y1.8O9
8990,Ni0.4Y1.6O9
8991,Ni0.15Y2.85O4
8992,Ni0.3Y2.7O4
8993,Ni0.6Y2.4O4
8994,Ni0.15Y2.85O5
8995,Ni0.3Y2.7O5
8996,Ni0.6Y2.4O5
8997,Ni0.15Y2.85O7
8998,Ni0.3Y2.7O7
8999,Ni0.6Y2.4O7
9000,Ni0.15Y2.85O8
9001,Ni0.3Y2.7O8
9002,Ni0.6Y2.4O8
9003,Ni0.15Y2.85O10
9004,Ni0.3Y2.7O10
9005,Ni0.6Y2.4O10
9006,Ni0.2Y3.8O5
9007,Ni0.4Y3.6O5
9008,Ni0.8Y3.2O5
9009,Ni0.2Y3.8O7
9010,Ni0.4Y3.6O7
9011,Ni0.8Y3.2O7
9012,Ni0.2Y3.8O9
9013,Ni0.4Y3.6O9
9014,Ni0.8Y3.2O9
9015,Ni0.25Y4.75O6
9016,Ni0.5Y4.5O6
9017,NiYO6
9018,Ni0.25Y4.75O7
9019,Ni0.5Y4.5O7
9020,NiYO7
9021,Ni0.25Y4.75O8
9022,Ni0.5Y4.5O8
9023,NiYO8
9024,Ni0.25Y4.75O9
9025,Ni0.5Y4.5O9
9026,NiYO9
9027,Ni0.3Y5.7O7
9028,Ni0.6Y5.4O7
9029,Ni1.2Y4.8O7
9030,Ni0.35Y6.65O8
9031,Ni0.7Y6.3O8
9032,Ni1.4Y5.6O8
9033,Ni0.35Y6.65O9
9034,Ni0.7Y6.3O9
9035,Ni1.4Y5.6O9
9036,Ni0.35Y6.65O10
9037,Ni0.7Y6.3O10
9038,Ni1.4Y5.6O10
9039,Ni0.4Y7.6O9
9040,Ni0.8Y7.2O9
9041,Ni1.6Y6.4O9
9042,Ni0.45Y8.55O10
9043,Ni0.9Y8.1O10
9044,Ni1.8Y7.2O10
9045,Ru0.05Y0.95O
9046,Ru0.1Y0.9O
9047,Ru0.2Y0.8O
9048,Ru0.05Y0.95O2
9049,Ru0.1Y0.9O2
9050,Ru0.2Y0.8O2
9051,Ru0.05Y0.95O3
9052,Ru0.1Y0.9O3
9053,Ru0.2Y0.8O3
9054,Ru0.05Y0.95O4
9055,Ru0.1Y0.9O4
9056,Ru0.2Y0.8O4
9057,Ru0.05Y0.95O5
9058,Ru0.1Y0.9O5
9059,Ru0.2Y0.8O5
9060,Ru0.05Y0.95O6
9061,Ru0.1Y0.9O6
9062,Ru0.2Y0.8O6
9063,Ru0.05Y0.95O7
9064,Ru0.1Y0.9O7
9065,Ru0.2Y0.8O7
9066,Ru0.05Y0.95O8
9067,Ru0.1Y0.9O8
9068,Ru0.2Y0.8O8
9069,Ru0.05Y0.95O9
9070,Ru0.1Y0.9O9
9071,Ru0.2Y0.8O9
9072,Ru0.05Y0.95O10
9073,Ru0.1Y0.9O10
9074,Ru0.2Y0.8O10
9075,Ru0.1Y1.9O3
9076,Ru0.2Y1.8O3
9077,Ru0.4Y1.6O3
9078,Ru0.1Y1.9O5
9079,Ru0.2Y1.8O5
9080,Ru0.4Y1.6O5
9081,Ru0.1Y1.9O7
9082,Ru0.2Y1.8O7
9083,Ru0.4Y1.6O7
9084,Ru0.1Y1.9O9
9085,Ru0.2Y1.8O9
9086,Ru0.4Y1.6O9
9087,Ru0.15Y2.85O4
9088,Ru0.3Y2.7O4
9089,Ru0.6Y2.4O4
9090,Ru0.15Y2.85O5
9091,Ru0.3Y2.7O5
9092,Ru0.6Y2.4O5
9093,Ru0.15Y2.85O7
9094,Ru0.3Y2.7O7
9095,Ru0.6Y2.4O7
9096,Ru0.15Y2.85O8
9097,Ru0.3Y2.7O8
9098,Ru0.6Y2.4O8
9099,Ru0.15Y2.85O10
9100,Ru0.3Y2.7O10
9101,Ru0.6Y2.4O10
9102,Ru0.2Y3.8O5
9103,Ru0.4Y3.6O5
9104,Ru0.8Y3.2O5
9105,Ru0.2Y3.8O7
9106,Ru0.4Y3.6O7
9107,Ru0.8Y3.2O7
9108,Ru0.2Y3.8O9
9109,Ru0.4Y3.6O9
9110,Ru0.8Y3.2O9
9111,Ru0.25Y4.75O6
9112,Ru0.5Y4.5O6
9113,RuYO6
9114,Ru0.25Y4.75O7
9115,Ru0.5Y4.5O7
9116,RuYO7
9117,Ru0.25Y4.75O8
9118,Ru0.5Y4.5O8
9119,RuYO8
9120,Ru0.25Y4.75O9
9121,Ru0.5Y4.5O9
9122,RuYO9
9123,Ru0.3Y5.7O7
9124,Ru0.6Y5.4O7
9125,Ru1.2Y4.8O7
9126,Ru0.35Y6.65O8
9127,Ru0.7Y6.3O8
9128,Ru1.4Y5.6O8
9129,Ru0.35Y6.65O9
9130,Ru0.7Y6.3O9
9131,Ru1.4Y5.6O9
9132,Ru0.35Y6.65O10
9133,Ru0.7Y6.3O10
9134,Ru1.4Y5.6O10
9135,Ru0.4Y7.6O9
9136,Ru0.8Y7.2O9
9137,Ru1.6Y6.4O9
9138,Ru0.45Y8.55O10
9139,Ru0.9Y8.1O10
9140,Ru1.8Y7.2O10
9141,Pd0.05Y0.95O
9142,Pd0.1Y0.9O
9143,Pd0.2Y0.8O
9144,Pd0.05Y0.95O2
9145,Pd0.1Y0.9O2
9146,Pd0.2Y0.8O2
9147,Pd0.05Y0.95O3
9148,Pd0.1Y0.9O3
9149,Pd0.2Y0.8O3
9150,Pd0.05Y0.95O4
9151,Pd0.1Y0.9O4
9152,Pd0.2Y0.8O4
9153,Pd0.05Y0.95O5
9154,Pd0.1Y0.9O5
9155,Pd0.2Y0.8O5
9156,Pd0.05Y0.95O6
9157,Pd0.1Y0.9O6
9158,Pd0.2Y0.8O6
9159,Pd0.05Y0.95O7
9160,Pd0.1Y0.9O7
9161,Pd0.2Y0.8O7
9162,Pd0.05Y0.95O8
9163,Pd0.1Y0.9O8
9164,Pd0.2Y0.8O8
9165,Pd0.05Y0.95O9
9166,Pd0.1Y0.9O9
9167,Pd0.2Y0.8O9
9168,Pd0.05Y0.95O10
9169,Pd0.1Y0.9O10
9170,Pd0.2Y0.8O10
9171,Pd0.1Y1.9O3
9172,Pd0.2Y1.8O3
9173,Pd0.4Y1.6O3
9174,Pd0.1Y1.9O5
9175,Pd0.2Y1.8O5
9176,Pd0.4Y1.6O5
9177,Pd0.1Y1.9O7
9178,Pd0.2Y1.8O7
9179,Pd0.4Y1.6O7
9180,Pd0.1Y1.9O9
9181,Pd0.2Y1.8O9
9182,Pd0.4Y1.6O9
9183,Pd0.15Y2.85O4
9184,Pd0.3Y2.7O4
9185,Pd0.6Y2.4O4
9186,Pd0.15Y2.85O5
9187,Pd0.3Y2.7O5
9188,Pd0.6Y2.4O5
9189,Pd0.15Y2.85O7
9190,Pd0.3Y2.7O7
9191,Pd0.6Y2.4O7
9192,Pd0.15Y2.85O8
9193,Pd0.3Y2.7O8
9194,Pd0.6Y2.4O8
9195,Pd0.15Y2.85O10
9196,Pd0.3Y2.7O10
9197,Pd0.6Y2.4O10
9198,Pd0.2Y3.8O5
9199,Pd0.4Y3.6O5
9200,Pd0.8Y3.2O5
9201,Pd0.2Y3.8O7
9202,Pd0.4Y3.6O7
9203,Pd0.8Y3.2O7
9204,Pd0.2Y3.8O9
9205,Pd0.4Y3.6O9
9206,Pd0.8Y3.2O9
9207,Pd0.25Y4.75O6
9208,Pd0.5Y4.5O6
9209,PdYO6
9210,Pd0.25Y4.75O7
9211,Pd0.5Y4.5O7
9212,PdYO7
9213,Pd0.25Y4.75O8
9214,Pd0.5Y4.5O8
9215,PdYO8
9216,Pd0.25Y4.75O9
9217,Pd0.5Y4.5O9
9218,PdYO9
9219,Pd0.3Y5.7O7
9220,Pd0.6Y5.4O7
9221,Pd1.2Y4.8O7
9222,Pd0.35Y6.65O8
9223,Pd0.7Y6.3O8
9224,Pd1.4Y5.6O8
9225,Pd0.35Y6.65O9
9226,Pd0.7Y6.3O9
9227,Pd1.4Y5.6O9
9228,Pd0.35Y6.65O10
9229,Pd0.7Y6.3O10
9230,Pd1.4Y5.6O10
9231,Pd0.4Y7.6O9
9232,Pd0.8Y7.2O9
9233,Pd1.6Y6.4O9
9234,Pd0.45Y8.55O10
9235,Pd0.9Y8.1O10
9236,Pd1.8Y7.2O10
9237,Ag0.05Y0.95O
9238,Ag0.1Y0.9O
9239,Ag0.2Y0.8O
9240,Ag0.05Y0.95O2
9241,Ag0.1Y0.9O2
9242,Ag0.2Y0.8O2
9243,Ag0.05Y0.95O3
9244,Ag0.1Y0.9O3
9245,Ag0.2Y0.8O3
9246,Ag0.05Y0.95O4
9247,Ag0.1Y0.9O4
9248,Ag0.2Y0.8O4
9249,Ag0.05Y0.95O5
9250,Ag0.1Y0.9O5
9251,Ag0.2Y0.8O5
9252,Ag0.05Y0.95O6
9253,Ag0.1Y0.9O6
9254,Ag0.2Y0.8O6
9255,Ag0.05Y0.95O7
9256,Ag0.1Y0.9O7
9257,Ag0.2Y0.8O7
9258,Ag0.05Y0.95O8
9259,Ag0.1Y0.9O8
9260,Ag0.2Y0.8O8
9261,Ag0.05Y0.95O9
9262,Ag0.1Y0.9O9
9263,Ag0.2Y0.8O9
9264,Ag0.05Y0.95O10
9265,Ag0.1Y0.9O10
9266,Ag0.2Y0.8O10
9267,Ag0.1Y1.9O3
9268,Ag0.2Y1.8O3
9269,Ag0.4Y1.6O3
9270,Ag0.1Y1.9O5
9271,Ag0.2Y1.8O5
9272,Ag0.4Y1.6O5
9273,Ag0.1Y1.9O7
9274,Ag0.2Y1.8O7
9275,Ag0.4Y1.6O7
9276,Ag0.1Y1.9O9
9277,Ag0.2Y1.8O9
9278,Ag0.4Y1.6O9
9279,Ag0.15Y2.85O4
9280,Ag0.3Y2.7O4
9281,Ag0.6Y2.4O4
9282,Ag0.15Y2.85O5
9283,Ag0.3Y2.7O5
9284,Ag0.6Y2.4O5
9285,Ag0.15Y2.85O7
9286,Ag0.3Y2.7O7
9287,Ag0.6Y2.4O7
9288,Ag0.15Y2.85O8
9289,Ag0.3Y2.7O8
9290,Ag0.6Y2.4O8
9291,Ag0.15Y2.85O10
9292,Ag0.3Y2.7O10
9293,Ag0.6Y2.4O10
9294,Ag0.2Y3.8O5
9295,Ag0.4Y3.6O5
9296,Ag0.8Y3.2O5
9297,Ag0.2Y3.8O7
9298,Ag0.4Y3.6O7
9299,Ag0.8Y3.2O7
9300,Ag0.2Y3.8O9
9301,Ag0.4Y3.6O9
9302,Ag0.8Y3.2O9
9303,Ag0.25Y4.75O6
9304,Ag0.5Y4.5O6
9305,AgYO6
9306,Ag0.25Y4.75O7
9307,Ag0.5Y4.5O7
9308,AgYO7
9309,Ag0.25Y4.75O8
9310,Ag0.5Y4.5O8
9311,AgYO8
9312,Ag0.25Y4.75O9
9313,Ag0.5Y4.5O9
9314,AgYO9
9315,Ag0.3Y5.7O7
9316,Ag0.6Y5.4O7
9317,Ag1.2Y4.8O7
9318,Ag0.35Y6.65O8
9319,Ag0.7Y6.3O8
9320,Ag1.4Y5.6O8
9321,Ag0.35Y6.65O9
9322,Ag0.7Y6.3O9
9323,Ag1.4Y5.6O9
9324,Ag0.35Y6.65O10
9325,Ag0.7Y6.3O10
9326,Ag1.4Y5.6O10
9327,Ag0.4Y7.6O9
9328,Ag0.8Y7.2O9
9329,Ag1.6Y6.4O9
9330,Ag0.45Y8.55O10
9331,Ag0.9Y8.1O10
9332,Ag1.8Y7.2O10
9333,Pt0.05Y0.95O
9334,Pt0.1Y0.9O
9335,Pt0.2Y0.8O
9336,Pt0.05Y0.95O2
9337,Pt0.1Y0.9O2
9338,Pt0.2Y0.8O2
9339,Pt0.05Y0.95O3
9340,Pt0.1Y0.9O3
9341,Pt0.2Y0.8O3
9342,Pt0.05Y0.95O4
9343,Pt0.1Y0.9O4
9344,Pt0.2Y0.8O4
9345,Pt0.05Y0.95O5
9346,Pt0.1Y0.9O5
9347,Pt0.2Y0.8O5
9348,Pt0.05Y0.95O6
9349,Pt0.1Y0.9O6
9350,Pt0.2Y0.8O6
9351,Pt0.05Y0.95O7
9352,Pt0.1Y0.9O7
9353,Pt0.2Y0.8O7
9354,Pt0.05Y0.95O8
9355,Pt0.1Y0.9O8
9356,Pt0.2Y0.8O8
9357,Pt0.05Y0.95O9
9358,Pt0.1Y0.9O9
9359,Pt0.2Y0.8O9
9360,Pt0.05Y0.95O10
9361,Pt0.1Y0.9O10
9362,Pt0.2Y0.8O10
9363,Pt0.1Y1.9O3
9364,Pt0.2Y1.8O3
9365,Pt0.4Y1.6O3
9366,Pt0.1Y1.9O5
9367,Pt0.2Y1.8O5
9368,Pt0.4Y1.6O5
9369,Pt0.1Y1.9O7
9370,Pt0.2Y1.8O7
9371,Pt0.4Y1.6O7
9372,Pt0.1Y1.9O9
9373,Pt0.2Y1.8O9
9374,Pt0.4Y1.6O9
9375,Pt0.15Y2.85O4
9376,Pt0.3Y2.7O4
9377,Pt0.6Y2.4O4
9378,Pt0.15Y2.85O5
9379,Pt0.3Y2.7O5
9380,Pt0.6Y2.4O5
9381,Pt0.15Y2.85O7
9382,Pt0.3Y2.7O7
9383,Pt0.6Y2.4O7
9384,Pt0.15Y2.85O8
9385,Pt0.3Y2.7O8
9386,Pt0.6Y2.4O8
9387,Pt0.15Y2.85O10
9388,Pt0.3Y2.7O10
9389,Pt0.6Y2.4O10
9390,Pt0.2Y3.8O5
9391,Pt0.4Y3.6O5
9392,Pt0.8Y3.2O5
9393,Pt0.2Y3.8O7
9394,Pt0.4Y3.6O7
9395,Pt0.8Y3.2O7
9396,Pt0.2Y3.8O9
9397,Pt0.4Y3.6O9
9398,Pt0.8Y3.2O9
9399,Pt0.25Y4.75O6
9400,Pt0.5Y4.5O6
9401,PtYO6
9402,Pt0.25Y4.75O7
9403,Pt0.5Y4.5O7
9404,PtYO7
9405,Pt0.25Y4.75O8
9406,Pt0.5Y4.5O8
9407,PtYO8
9408,Pt0.25Y4.75O9
9409,Pt0.5Y4.5O9
9410,PtYO9
9411,Pt0.3Y5.7O7
9412,Pt0.6Y5.4O7
9413,Pt1.2Y4.8O7
9414,Pt0.35Y6.65O8
9415,Pt0.7Y6.3O8
9416,Pt1.4Y5.6O8
9417,Pt0.35Y6.65O9
9418,Pt0.7Y6.3O9
9419,Pt1.4Y5.6O9
9420,Pt0.35Y6.65O10
9421,Pt0.7Y6.3O10
9422,Pt1.4Y5.6O10
9423,Pt0.4Y7.6O9
9424,Pt0.8Y7.2O9
9425,Pt1.6Y6.4O9
9426,Pt0.45Y8.55O10
9427,Pt0.9Y8.1O10
9428,Pt1.8Y7.2O10
9429,Mn0.05Zr0.95O
9430,Mn0.1Zr0.9O
9431,Mn0.2Zr0.8O
9432,Mn0.05Zr0.95O2
9433,Mn0.1Zr0.9O2
9434,Mn0.2Zr0.8O2
9435,Mn0.05Zr0.95O3
9436,Mn0.1Zr0.9O3
9437,Mn0.2Zr0.8O3
9438,Mn0.05Zr0.95O4
9439,Mn0.1Zr0.9O4
9440,Mn0.2Zr0.8O4
9441,Mn0.05Zr0.95O5
9442,Mn0.1Zr0.9O5
9443,Mn0.2Zr0.8O5
9444,Mn0.05Zr0.95O6
9445,Mn0.1Zr0.9O6
9446,Mn0.2Zr0.8O6
9447,Mn0.05Zr0.95O7
9448,Mn0.1Zr0.9O7
9449,Mn0.2Zr0.8O7
9450,Mn0.05Zr0.95O8
9451,Mn0.1Zr0.9O8
9452,Mn0.2Zr0.8O8
9453,Mn0.05Zr0.95O9
9454,Mn0.1Zr0.9O9
9455,Mn0.2Zr0.8O9
9456,Mn0.05Zr0.95O10
9457,Mn0.1Zr0.9O10
9458,Mn0.2Zr0.8O10
9459,Mn0.1Zr1.9O3
9460,Mn0.2Zr1.8O3
9461,Mn0.4Zr1.6O3
9462,Mn0.1Zr1.9O5
9463,Mn0.2Zr1.8O5
9464,Mn0.4Zr1.6O5
9465,Mn0.1Zr1.9O7
9466,Mn0.2Zr1.8O7
9467,Mn0.4Zr1.6O7
9468,Mn0.1Zr1.9O9
9469,Mn0.2Zr1.8O9
9470,Mn0.4Zr1.6O9
9471,Mn0.15Zr2.85O4
9472,Mn0.3Zr2.7O4
9473,Mn0.6Zr2.4O4
9474,Mn0.15Zr2.85O5
9475,Mn0.3Zr2.7O5
9476,Mn0.6Zr2.4O5
9477,Mn0.15Zr2.85O7
9478,Mn0.3Zr2.7O7
9479,Mn0.6Zr2.4O7
9480,Mn0.15Zr2.85O8
9481,Mn0.3Zr2.7O8
9482,Mn0.6Zr2.4O8
9483,Mn0.15Zr2.85O10
9484,Mn0.3Zr2.7O10
9485,Mn0.6Zr2.4O10
9486,Mn0.2Zr3.8O5
9487,Mn0.4Zr3.6O5
9488,Mn0.8Zr3.2O5
9489,Mn0.2Zr3.8O7
9490,Mn0.4Zr3.6O7
9491,Mn0.8Zr3.2O7
9492,Mn0.2Zr3.8O9
9493,Mn0.4Zr3.6O9
9494,Mn0.8Zr3.2O9
9495,Mn0.25Zr4.75O6
9496,Mn0.5Zr4.5O6
9497,MnZrO6
9498,Mn0.25Zr4.75O7
9499,Mn0.5Zr4.5O7
9500,MnZrO7
9501,Mn0.25Zr4.75O8
9502,Mn0.5Zr4.5O8
9503,MnZrO8
9504,Mn0.25Zr4.75O9
9505,Mn0.5Zr4.5O9
9506,MnZrO9
9507,Mn0.3Zr5.7O7
9508,Mn0.6Zr5.4O7
9509,Mn1.2Zr4.8O7
9510,Mn0.35Zr6.65O8
9511,Mn0.7Zr6.3O8
9512,Mn1.4Zr5.6O8
9513,Mn0.35Zr6.65O9
9514,Mn0.7Zr6.3O9
9515,Mn1.4Zr5.6O9
9516,Mn0.35Zr6.65O10
9517,Mn0.7Zr6.3O10
9518,Mn1.4Zr5.6O10
9519,Mn0.4Zr7.6O9
9520,Mn0.8Zr7.2O9
9521,Mn1.6Zr6.4O9
9522,Mn0.45Zr8.55O10
9523,Mn0.9Zr8.1O10
9524,Mn1.8Zr7.2O10
9525,Fe0.05Zr0.95O
9526,Fe0.1Zr0.9O
9527,Fe0.2Zr0.8O
9528,Fe0.05Zr0.95O2
9529,Fe0.1Zr0.9O2
9530,Fe0.2Zr0.8O2
9531,Fe0.05Zr0.95O3
9532,Fe0.1Zr0.9O3
9533,Fe0.2Zr0.8O3
9534,Fe0.05Zr0.95O4
9535,Fe0.1Zr0.9O4
9536,Fe0.2Zr0.8O4
9537,Fe0.05Zr0.95O5
9538,Fe0.1Zr0.9O5
9539,Fe0.2Zr0.8O5
9540,Fe0.05Zr0.95O6
9541,Fe0.1Zr0.9O6
9542,Fe0.2Zr0.8O6
9543,Fe0.05Zr0.95O7
9544,Fe0.1Zr0.9O7
9545,Fe0.2Zr0.8O7
9546,Fe0.05Zr0.95O8
9547,Fe0.1Zr0.9O8
9548,Fe0.2Zr0.8O8
9549,Fe0.05Zr0.95O9
9550,Fe0.1Zr0.9O9
9551,Fe0.2Zr0.8O9
9552,Fe0.05Zr0.95O10
9553,Fe0.1Zr0.9O10
9554,Fe0.2Zr0.8O10
9555,Fe0.1Zr1.9O3
9556,Fe0.2Zr1.8O3
9557,Fe0.4Zr1.6O3
9558,Fe0.1Zr1.9O5
9559,Fe0.2Zr1.8O5
9560,Fe0.4Zr1.6O5
9561,Fe0.1Zr1.9O7
9562,Fe0.2Zr1.8O7
9563,Fe0.4Zr1.6O7
9564,Fe0.1Zr1.9O9
9565,Fe0.2Zr1.8O9
9566,Fe0.4Zr1.6O9
9567,Fe0.15Zr2.85O4
9568,Fe0.3Zr2.7O4
9569,Fe0.6Zr2.4O4
9570,Fe0.15Zr2.85O5
9571,Fe0.3Zr2.7O5
9572,Fe0.6Zr2.4O5
9573,Fe0.15Zr2.85O7
9574,Fe0.3Zr2.7O7
9575,Fe0.6Zr2.4O7
9576,Fe0.15Zr2.85O8
9577,Fe0.3Zr2.7O8
9578,Fe0.6Zr2.4O8
9579,Fe0.15Zr2.85O10
9580,Fe0.3Zr2.7O10
9581,Fe0.6Zr2.4O10
9582,Fe0.2Zr3.8O5
9583,Fe0.4Zr3.6O5
9584,Fe0.8Zr3.2O5
9585,Fe0.2Zr3.8O7
9586,Fe0.4Zr3.6O7
9587,Fe0.8Zr3.2O7
9588,Fe0.2Zr3.8O9
9589,Fe0.4Zr3.6O9
9590,Fe0.8Zr3.2O9
9591,Fe0.25Zr4.75O6
9592,Fe0.5Zr4.5O6
9593,FeZrO6
9594,Fe0.25Zr4.75O7
9595,Fe0.5Zr4.5O7
9596,FeZrO7
9597,Fe0.25Zr4.75O8
9598,Fe0.5Zr4.5O8
9599,FeZrO8
9600,Fe0.25Zr4.75O9
9601,Fe0.5Zr4.5O9
9602,FeZrO9
9603,Fe0.3Zr5.7O7
9604,Fe0.6Zr5.4O7
9605,Fe1.2Zr4.8O7
9606,Fe0.35Zr6.65O8
9607,Fe0.7Zr6.3O8
9608,Fe1.4Zr5.6O8
9609,Fe0.35Zr6.65O9
9610,Fe0.7Zr6.3O9
9611,Fe1.4Zr5.6O9
9612,Fe0.35Zr6.65O10
9613,Fe0.7Zr6.3O10
9614,Fe1.4Zr5.6O10
9615,Fe0.4Zr7.6O9
9616,Fe0.8Zr7.2O9
9617,Fe1.6Zr6.4O9
9618,Fe0.45Zr8.55O10
9619,Fe0.9Zr8.1O10
9620,Fe1.8Zr7.2O10
9621,Co0.05Zr0.95O
9622,Co0.1Zr0.9O
9623,Co0.2Zr0.8O
9624,Co0.05Zr0.95O2
9625,Co0.1Zr0.9O2
9626,Co0.2Zr0.8O2
9627,Co0.05Zr0.95O3
9628,Co0.1Zr0.9O3
9629,Co0.2Zr0.8O3
9630,Co0.05Zr0.95O4
9631,Co0.1Zr0.9O4
9632,Co0.2Zr0.8O4
9633,Co0.05Zr0.95O5
9634,Co0.1Zr0.9O5
9635,Co0.2Zr0.8O5
9636,Co0.05Zr0.95O6
9637,Co0.1Zr0.9O6
9638,Co0.2Zr0.8O6
9639,Co0.05Zr0.95O7
9640,Co0.1Zr0.9O7
9641,Co0.2Zr0.8O7
9642,Co0.05Zr0.95O8
9643,Co0.1Zr0.9O8
9644,Co0.2Zr0.8O8
9645,Co0.05Zr0.95O9
9646,Co0.1Zr0.9O9
9647,Co0.2Zr0.8O9
9648,Co0.05Zr0.95O10
9649,Co0.1Zr0.9O10
9650,Co0.2Zr0.8O10
9651,Co0.1Zr1.9O3
9652,Co0.2Zr1.8O3
9653,Co0.4Zr1.6O3
9654,Co0.1Zr1.9O5
9655,Co0.2Zr1.8O5
9656,Co0.4Zr1.6O5
9657,Co0.1Zr1.9O7
9658,Co0.2Zr1.8O7
9659,Co0.4Zr1.6O7
9660,Co0.1Zr1.9O9
9661,Co0.2Zr1.8O9
9662,Co0.4Zr1.6O9
9663,Co0.15Zr2.85O4
9664,Co0.3Zr2.7O4
9665,Co0.6Zr2.4O4
9666,Co0.15Zr2.85O5
9667,Co0.3Zr2.7O5
9668,Co0.6Zr2.4O5
9669,Co0.15Zr2.85O7
9670,Co0.3Zr2.7O7
9671,Co0.6Zr2.4O7
9672,Co0.15Zr2.85O8
9673,Co0.3Zr2.7O8
9674,Co0.6Zr2.4O8
9675,Co0.15Zr2.85O10
9676,Co0.3Zr2.7O10
9677,Co0.6Zr2.4O10
9678,Co0.2Zr3.8O5
9679,Co0.4Zr3.6O5
9680,Co0.8Zr3.2O5
9681,Co0.2Zr3.8O7
9682,Co0.4Zr3.6O7
9683,Co0.8Zr3.2O7
9684,Co0.2Zr3.8O9
9685,Co0.4Zr3.6O9
9686,Co0.8Zr3.2O9
9687,Co0.25Zr4.75O6
9688,Co0.5Zr4.5O6
9689,CoZrO6
9690,Co0.25Zr4.75O7
9691,Co0.5Zr4.5O7
9692,CoZrO7
9693,Co0.25Zr4.75O8
9694,Co0.5Zr4.5O8
9695,CoZrO8
9696,Co0.25Zr4.75O9
9697,Co0.5Zr4.5O9
9698,CoZrO9
9699,Co0.3Zr5.7O7
9700,Co0.6Zr5.4O7
9701,Co1.2Zr4.8O7
9702,Co0.35Zr6.65O8
9703,Co0.7Zr6.3O8
9704,Co1.4Zr5.6O8
9705,Co0.35Zr6.65O9
9706,Co0.7Zr6.3O9
9707,Co1.4Zr5.6O9
9708,Co0.35Zr6.65O10
9709,Co0.7Zr6.3O10
9710,Co1.4Zr5.6O10
9711,Co0.4Zr7.6O9
9712,Co0.8Zr7.2O9
9713,Co1.6Zr6.4O9
9714,Co0.45Zr8.55O10
9715,Co0.9Zr8.1O10
9716,Co1.8Zr7.2O10
9717,Ni0.05Zr0.95O
9718,Ni0.1Zr0.9O
9719,Ni0.2Zr0.8O
9720,Ni0.05Zr0.95O2
9721,Ni0.1Zr0.9O2
9722,Ni0.2Zr0.8O2
9723,Ni0.05Zr0.95O3
9724,Ni0.1Zr0.9O3
9725,Ni0.2Zr0.8O3
9726,Ni0.05Zr0.95O4
9727,Ni0.1Zr0.9O4
9728,Ni0.2Zr0.8O4
9729,Ni0.05Zr0.95O5
9730,Ni0.1Zr0.9O5
9731,Ni0.2Zr0.8O5
9732,Ni0.05Zr0.95O6
9733,Ni0.1Zr0.9O6
9734,Ni0.2Zr0.8O6
9735,Ni0.05Zr0.95O7
9736,Ni0.1Zr0.9O7
9737,Ni0.2Zr0.8O7
9738,Ni0.05Zr0.95O8
9739,Ni0.1Zr0.9O8
9740,Ni0.2Zr0.8O8
9741,Ni0.05Zr0.95O9
9742,Ni0.1Zr0.9O9
9743,Ni0.2Zr0.8O9
9744,Ni0.05Zr0.95O10
9745,Ni0.1Zr0.9O10
9746,Ni0.2Zr0.8O10
9747,Ni0.1Zr1.9O3
9748,Ni0.2Zr1.8O3
9749,Ni0.4Zr1.6O3
9750,Ni0.1Zr1.9O5
9751,Ni0.2Zr1.8O5
9752,Ni0.4Zr1.6O5
9753,Ni0.1Zr1.9O7
9754,Ni0.2Zr1.8O7
9755,Ni0.4Zr1.6O7
9756,Ni0.1Zr1.9O9
9757,Ni0.2Zr1.8O9
9758,Ni0.4Zr1.6O9
9759,Ni0.15Zr2.85O4
9760,Ni0.3Zr2.7O4
9761,Ni0.6Zr2.4O4
9762,Ni0.15Zr2.85O5
9763,Ni0.3Zr2.7O5
9764,Ni0.6Zr2.4O5
9765,Ni0.15Zr2.85O7
9766,Ni0.3Zr2.7O7
9767,Ni0.6Zr2.4O7
9768,Ni0.15Zr2.85O8
9769,Ni0.3Zr2.7O8
9770,Ni0.6Zr2.4O8
9771,Ni0.15Zr2.85O10
9772,Ni0.3Zr2.7O10
9773,Ni0.6Zr2.4O10
9774,Ni0.2Zr3.8O5
9775,Ni0.4Zr3.6O5
9776,Ni0.8Zr3.2O5
9777,Ni0.2Zr3.8O7
9778,Ni0.4Zr3.6O7
9779,Ni0.8Zr3.2O7
9780,Ni0.2Zr3.8O9
9781,Ni0.4Zr3.6O9
9782,Ni0.8Zr3.2O9
9783,Ni0.25Zr4.75O6
9784,Ni0.5Zr4.5O6
9785,NiZrO6
9786,Ni0.25Zr4.75O7
9787,Ni0.5Zr4.5O7
9788,NiZrO7
9789,Ni0.25Zr4.75O8
9790,Ni0.5Zr4.5O8
9791,NiZrO8
9792,Ni0.25Zr4.75O9
9793,Ni0.5Zr4.5O9
9794,NiZrO9
9795,Ni0.3Zr5.7O7
9796,Ni0.6Zr5.4O7
9797,Ni1.2Zr4.8O7
9798,Ni0.35Zr6.65O8
9799,Ni0.7Zr6.3O8
9800,Ni1.4Zr5.6O8
9801,Ni0.35Zr6.65O9
9802,Ni0.7Zr6.3O9
9803,Ni1.4Zr5.6O9
9804,Ni0.35Zr6.65O10
9805,Ni0.7Zr6.3O10
9806,Ni1.4Zr5.6O10
9807,Ni0.4Zr7.6O9
9808,Ni0.8Zr7.2O9
9809,Ni1.6Zr6.4O9
9810,Ni0.45Zr8.55O10
9811,Ni0.9Zr8.1O10
9812,Ni1.8Zr7.2O10
9813,Ru0.05Zr0.95O
9814,Ru0.1Zr0.9O
9815,Ru0.2Zr0.8O
9816,Ru0.05Zr0.95O2
9817,Ru0.1Zr0.9O2
9818,Ru0.2Zr0.8O2
9819,Ru0.05Zr0.95O3
9820,Ru0.1Zr0.9O3
9821,Ru0.2Zr0.8O3
9822,Ru0.05Zr0.95O4
9823,Ru0.1Zr0.9O4
9824,Ru0.2Zr0.8O4
9825,Ru0.05Zr0.95O5
9826,Ru0.1Zr0.9O5
9827,Ru0.2Zr0.8O5
9828,Ru0.05Zr0.95O6
9829,Ru0.1Zr0.9O6
9830,Ru0.2Zr0.8O6
9831,Ru0.05Zr0.95O7
9832,Ru0.1Zr0.9O7
9833,Ru0.2Zr0.8O7
9834,Ru0.05Zr0.95O8
9835,Ru0.1Zr0.9O8
9836,Ru0.2Zr0.8O8
9837,Ru0.05Zr0.95O9
9838,Ru0.1Zr0.9O9
9839,Ru0.2Zr0.8O9
9840,Ru0.05Zr0.95O10
9841,Ru0.1Zr0.9O10
9842,Ru0.2Zr0.8O10
9843,Ru0.1Zr1.9O3
9844,Ru0.2Zr1.8O3
9845,Ru0.4Zr1.6O3
9846,Ru0.1Zr1.9O5
9847,Ru0.2Zr1.8O5
9848,Ru0.4Zr1.6O5
9849,Ru0.1Zr1.9O7
9850,Ru0.2Zr1.8O7
9851,Ru0.4Zr1.6O7
9852,Ru0.1Zr1.9O9
9853,Ru0.2Zr1.8O9
9854,Ru0.4Zr1.6O9
9855,Ru0.15Zr2.85O4
9856,Ru0.3Zr2.7O4
9857,Ru0.6Zr2.4O4
9858,Ru0.15Zr2.85O5
9859,Ru0.3Zr2.7O5
9860,Ru0.6Zr2.4O5
9861,Ru0.15Zr2.85O7
9862,Ru0.3Zr2.7O7
9863,Ru0.6Zr2.4O7
9864,Ru0.15Zr2.85O8
9865,Ru0.3Zr2.7O8
9866,Ru0.6Zr2.4O8
9867,Ru0.15Zr2.85O10
9868,Ru0.3Zr2.7O10
9869,Ru0.6Zr2.4O10
9870,Ru0.2Zr3.8O5
9871,Ru0.4Zr3.6O5
9872,Ru0.8Zr3.2O5
9873,Ru0.2Zr3.8O7
9874,Ru0.4Zr3.6O7
9875,Ru0.8Zr3.2O7
9876,Ru0.2Zr3.8O9
9877,Ru0.4Zr3.6O9
9878,Ru0.8Zr3.2O9
9879,Ru0.25Zr4.75O6
9880,Ru0.5Zr4.5O6
9881,RuZrO6
9882,Ru0.25Zr4.75O7
9883,Ru0.5Zr4.5O7
9884,RuZrO7
9885,Ru0.25Zr4.75O8
9886,Ru0.5Zr4.5O8
9887,RuZrO8
9888,Ru0.25Zr4.75O9
9889,Ru0.5Zr4.5O9
9890,RuZrO9
9891,Ru0.3Zr5.7O7
9892,Ru0.6Zr5.4O7
9893,Ru1.2Zr4.8O7
9894,Ru0.35Zr6.65O8
9895,Ru0.7Zr6.3O8
9896,Ru1.4Zr5.6O8
9897,Ru0.35Zr6.65O9
9898,Ru0.7Zr6.3O9
9899,Ru1.4Zr5.6O9
9900,Ru0.35Zr6.65O10
9901,Ru0.7Zr6.3O10
9902,Ru1.4Zr5.6O10
9903,Ru0.4Zr7.6O9
9904,Ru0.8Zr7.2O9
9905,Ru1.6Zr6.4O9
9906,Ru0.45Zr8.55O10
9907,Ru0.9Zr8.1O10
9908,Ru1.8Zr7.2O10
9909,Pd0.05Zr0.95O
9910,Pd0.1Zr0.9O
9911,Pd0.2Zr0.8O
9912,Pd0.05Zr0.95O2
9913,Pd0.1Zr0.9O2
9914,Pd0.2Zr0.8O2
9915,Pd0.05Zr0.95O3
9916,Pd0.1Zr0.9O3
9917,Pd0.2Zr0.8O3
9918,Pd0.05Zr0.95O4
9919,Pd0.1Zr0.9O4
9920,Pd0.2Zr0.8O4
9921,Pd0.05Zr0.95O5
9922,Pd0.1Zr0.9O5
9923,Pd0.2Zr0.8O5
9924,Pd0.05Zr0.95O6
9925,Pd0.1Zr0.9O6
9926,Pd0.2Zr0.8O6
9927,Pd0.05Zr0.95O7
9928,Pd0.1Zr0.9O7
9929,Pd0.2Zr0.8O7
9930,Pd0.05Zr0.95O8
9931,Pd0.1Zr0.9O8
9932,Pd0.2Zr0.8O8
9933,Pd0.05Zr0.95O9
9934,Pd0.1Zr0.9O9
9935,Pd0.2Zr0.8O9
9936,Pd0.05Zr0.95O10
9937,Pd0.1Zr0.9O10
9938,Pd0.2Zr0.8O10
9939,Pd0.1Zr1.9O3
9940,Pd0.2Zr1.8O3
9941,Pd0.4Zr1.6O3
9942,Pd0.1Zr1.9O5
9943,Pd0.2Zr1.8O5
9944,Pd0.4Zr1.6O5
9945,Pd0.1Zr1.9O7
9946,Pd0.2Zr1.8O7
9947,Pd0.4Zr1.6O7
9948,Pd0.1Zr1.9O9
9949,Pd0.2Zr1.8O9
9950,Pd0.4Zr1.6O9
9951,Pd0.15Zr2.85O4
9952,Pd0.3Zr2.7O4
9953,Pd0.6Zr2.4O4
9954,Pd0.15Zr2.85O5
9955,Pd0.3Zr2.7O5
9956,Pd0.6Zr2.4O5
9957,Pd0.15Zr2.85O7
9958,Pd0.3Zr2.7O7
9959,Pd0.6Zr2.4O7
9960,Pd0.15Zr2.85O8
9961,Pd0.3Zr2.7O8
9962,Pd0.6Zr2.4O8
9963,Pd0.15Zr2.85O10
9964,Pd0.3Zr2.7O10
9965,Pd0.6Zr2.4O10
9966,Pd0.2Zr3.8O5
9967,Pd0.4Zr3.6O5
9968,Pd0.8Zr3.2O5
9969,Pd0.2Zr3.8O7
9970,Pd0.4Zr3.6O7
9971,Pd0.8Zr3.2O7
9972,Pd0.2Zr3.8O9
9973,Pd0.4Zr3.6O9
9974,Pd0.8Zr3.2O9
9975,Pd0.25Zr4.75O6
9976,Pd0.5Zr4.5O6
9977,PdZrO6
9978,Pd0.25Zr4.75O7
9979,Pd0.5Zr4.5O7
9980,PdZrO7
9981,Pd0.25Zr4.75O8
9982,Pd0.5Zr4.5O8
9983,PdZrO8
9984,Pd0.25Zr4.75O9
9985,Pd0.5Zr4.5O9
9986,PdZrO9
9987,Pd0.3Zr5.7O7
9988,Pd0.6Zr5.4O7
9989,Pd1.2Zr4.8O7
9990,Pd0.35Zr6.65O8
9991,Pd0.7Zr6.3O8
9992,Pd1.4Zr5.6O8
9993,Pd0.35Zr6.65O9
9994,Pd0.7Zr6.3O9
9995,Pd1.4Zr5.6O9
9996,Pd0.35Zr6.65O10
9997,Pd0.7Zr6.3O10
9998,Pd1.4Zr5.6O10
9999,Pd0.4Zr7.6O9
10000,Pd0.8Zr7.2O9
10001,Pd1.6Zr6.4O9
10002,Pd0.45Zr8.55O10
10003,Pd0.9Zr8.1O10
10004,Pd1.8Zr7.2O10
10005,Ag0.05Zr0.95O
10006,Ag0.1Zr0.9O
10007,Ag0.2Zr0.8O
10008,Ag0.05Zr0.95O2
10009,Ag0.1Zr0.9O2
10010,Ag0.2Zr0.8O2
10011,Ag0.05Zr0.95O3
10012,Ag0.1Zr0.9O3
10013,Ag0.2Zr0.8O3
10014,Ag0.05Zr0.95O4
10015,Ag0.1Zr0.9O4
10016,Ag0.2Zr0.8O4
10017,Ag0.05Zr0.95O5
10018,Ag0.1Zr0.9O5
10019,Ag0.2Zr0.8O5
10020,Ag0.05Zr0.95O6
10021,Ag0.1Zr0.9O6
10022,Ag0.2Zr0.8O6
10023,Ag0.05Zr0.95O7
10024,Ag0.1Zr0.9O7
10025,Ag0.2Zr0.8O7
10026,Ag0.05Zr0.95O8
10027,Ag0.1Zr0.9O8
10028,Ag0.2Zr0.8O8
10029,Ag0.05Zr0.95O9
10030,Ag0.1Zr0.9O9
10031,Ag0.2Zr0.8O9
10032,Ag0.05Zr0.95O10
10033,Ag0.1Zr0.9O10
10034,Ag0.2Zr0.8O10
10035,Ag0.1Zr1.9O3
10036,Ag0.2Zr1.8O3
10037,Ag0.4Zr1.6O3
10038,Ag0.1Zr1.9O5
10039,Ag0.2Zr1.8O5
10040,Ag0.4Zr1.6O5
10041,Ag0.1Zr1.9O7
10042,Ag0.2Zr1.8O7
10043,Ag0.4Zr1.6O7
10044,Ag0.1Zr1.9O9
10045,Ag0.2Zr1.8O9
10046,Ag0.4Zr1.6O9
10047,Ag0.15Zr2.85O4
10048,Ag0.3Zr2.7O4
10049,Ag0.6Zr2.4O4
10050,Ag0.15Zr2.85O5
10051,Ag0.3Zr2.7O5
10052,Ag0.6Zr2.4O5
10053,Ag0.15Zr2.85O7
10054,Ag0.3Zr2.7O7
10055,Ag0.6Zr2.4O7
10056,Ag0.15Zr2.85O8
10057,Ag0.3Zr2.7O8
10058,Ag0.6Zr2.4O8
10059,Ag0.15Zr2.85O10
10060,Ag0.3Zr2.7O10
10061,Ag0.6Zr2.4O10
10062,Ag0.2Zr3.8O5
10063,Ag0.4Zr3.6O5
10064,Ag0.8Zr3.2O5
10065,Ag0.2Zr3.8O7
10066,Ag0.4Zr3.6O7
10067,Ag0.8Zr3.2O7
10068,Ag0.2Zr3.8O9
10069,Ag0.4Zr3.6O9
10070,Ag0.8Zr3.2O9
10071,Ag0.25Zr4.75O6
10072,Ag0.5Zr4.5O6
10073,AgZrO6
10074,Ag0.25Zr4.75O7
10075,Ag0.5Zr4.5O7
10076,AgZrO7
10077,Ag0.25Zr4.75O8
10078,Ag0.5Zr4.5O8
10079,AgZrO8
10080,Ag0.25Zr4.75O9
10081,Ag0.5Zr4.5O9
10082,AgZrO9
10083,Ag0.3Zr5.7O7
10084,Ag0.6Zr5.4O7
10085,Ag1.2Zr4.8O7
10086,Ag0.35Zr6.65O8
10087,Ag0.7Zr6.3O8
10088,Ag1.4Zr5.6O8
10089,Ag0.35Zr6.65O9
10090,Ag0.7Zr6.3O9
10091,Ag1.4Zr5.6O9
10092,Ag0.35Zr6.65O10
10093,Ag0.7Zr6.3O10
10094,Ag1.4Zr5.6O10
10095,Ag0.4Zr7.6O9
10096,Ag0.8Zr7.2O9
10097,Ag1.6Zr6.4O9
10098,Ag0.45Zr8.55O10
10099,Ag0.9Zr8.1O10
10100,Ag1.8Zr7.2O10
10101,Pt0.05Zr0.95O
10102,Pt0.1Zr0.9O
10103,Pt0.2Zr0.8O
10104,Pt0.05Zr0.95O2
10105,Pt0.1Zr0.9O2
10106,Pt0.2Zr0.8O2
10107,Pt0.05Zr0.95O3
10108,Pt0.1Zr0.9O3
10109,Pt0.2Zr0.8O3
10110,Pt0.05Zr0.95O4
10111,Pt0.1Zr0.9O4
10112,Pt0.2Zr0.8O4
10113,Pt0.05Zr0.95O5
10114,Pt0.1Zr0.9O5
10115,Pt0.2Zr0.8O5
10116,Pt0.05Zr0.95O6
10117,Pt0.1Zr0.9O6
10118,Pt0.2Zr0.8O6
10119,Pt0.05Zr0.95O7
10120,Pt0.1Zr0.9O7
10121,Pt0.2Zr0.8O7
10122,Pt0.05Zr0.95O8
10123,Pt0.1Zr0.9O8
10124,Pt0.2Zr0.8O8
10125,Pt0.05Zr0.95O9
10126,Pt0.1Zr0.9O9
10127,Pt0.2Zr0.8O9
10128,Pt0.05Zr0.95O10
10129,Pt0.1Zr0.9O10
10130,Pt0.2Zr0.8O10
10131,Pt0.1Zr1.9O3
10132,Pt0.2Zr1.8O3
10133,Pt0.4Zr1.6O3
10134,Pt0.1Zr1.9O5
10135,Pt0.2Zr1.8O5
10136,Pt0.4Zr1.6O5
10137,Pt0.1Zr1.9O7
10138,Pt0.2Zr1.8O7
10139,Pt0.4Zr1.6O7
10140,Pt0.1Zr1.9O9
10141,Pt0.2Zr1.8O9
10142,Pt0.4Zr1.6O9
10143,Pt0.15Zr2.85O4
10144,Pt0.3Zr2.7O4
10145,Pt0.6Zr2.4O4
10146,Pt0.15Zr2.85O5
10147,Pt0.3Zr2.7O5
10148,Pt0.6Zr2.4O5
10149,Pt0.15Zr2.85O7
10150,Pt0.3Zr2.7O7
10151,Pt0.6Zr2.4O7
10152,Pt0.15Zr2.85O8
10153,Pt0.3Zr2.7O8
10154,Pt0.6Zr2.4O8
10155,Pt0.15Zr2.85O10
10156,Pt0.3Zr2.7O10
10157,Pt0.6Zr2.4O10
10158,Pt0.2Zr3.8O5
10159,Pt0.4Zr3.6O5
10160,Pt0.8Zr3.2O5
10161,Pt0.2Zr3.8O7
10162,Pt0.4Zr3.6O7
10163,Pt0.8Zr3.2O7
10164,Pt0.2Zr3.8O9
10165,Pt0.4Zr3.6O9
10166,Pt0.8Zr3.2O9
10167,Pt0.25Zr4.75O6
10168,Pt0.5Zr4.5O6
10169,PtZrO6
10170,Pt0.25Zr4.75O7
10171,Pt0.5Zr4.5O7
10172,PtZrO7
10173,Pt0.25Zr4.75O8
10174,Pt0.5Zr4.5O8
10175,PtZrO8
10176,Pt0.25Zr4.75O9
10177,Pt0.5Zr4.5O9
10178,PtZrO9
10179,Pt0.3Zr5.7O7
10180,Pt0.6Zr5.4O7
10181,Pt1.2Zr4.8O7
10182,Pt0.35Zr6.65O8
10183,Pt0.7Zr6.3O8
10184,Pt1.4Zr5.6O8
10185,Pt0.35Zr6.65O9
10186,Pt0.7Zr6.3O9
10187,Pt1.4Zr5.6O9
10188,Pt0.35Zr6.65O10
10189,Pt0.7Zr6.3O10
10190,Pt1.4Zr5.6O10
10191,Pt0.4Zr7.6O9
10192,Pt0.8Zr7.2O9
10193,Pt1.6Zr6.4O9
10194,Pt0.45Zr8.55O10
10195,Pt0.9Zr8.1O10
10196,Pt1.8Zr7.2O10
10197,Mn0.05Nb0.95O
10198,Mn0.1Nb0.9O
10199,Mn0.2Nb0.8O
10200,Mn0.05Nb0.95O2
10201,Mn0.1Nb0.9O2
10202,Mn0.2Nb0.8O2
10203,Mn0.05Nb0.95O3
10204,Mn0.1Nb0.9O3
10205,Mn0.2Nb0.8O3
10206,Mn0.05Nb0.95O4
10207,Mn0.1Nb0.9O4
10208,Mn0.2Nb0.8O4
10209,Mn0.05Nb0.95O5
10210,Mn0.1Nb0.9O5
10211,Mn0.2Nb0.8O5
10212,Mn0.05Nb0.95O6
10213,Mn0.1Nb0.9O6
10214,Mn0.2Nb0.8O6
10215,Mn0.05Nb0.95O7
10216,Mn0.1Nb0.9O7
10217,Mn0.2Nb0.8O7
10218,Mn0.05Nb0.95O8
10219,Mn0.1Nb0.9O8
10220,Mn0.2Nb0.8O8
10221,Mn0.05Nb0.95O9
10222,Mn0.1Nb0.9O9
10223,Mn0.2Nb0.8O9
10224,Mn0.05Nb0.95O10
10225,Mn0.1Nb0.9O10
10226,Mn0.2Nb0.8O10
10227,Mn0.1Nb1.9O3
10228,Mn0.2Nb1.8O3
10229,Mn0.4Nb1.6O3
10230,Mn0.1Nb1.9O5
10231,Mn0.2Nb1.8O5
10232,Mn0.4Nb1.6O5
10233,Mn0.1Nb1.9O7
10234,Mn0.2Nb1.8O7
10235,Mn0.4Nb1.6O7
10236,Mn0.1Nb1.9O9
10237,Mn0.2Nb1.8O9
10238,Mn0.4Nb1.6O9
10239,Mn0.15Nb2.85O4
10240,Mn0.3Nb2.7O4
10241,Mn0.6Nb2.4O4
10242,Mn0.15Nb2.85O5
10243,Mn0.3Nb2.7O5
10244,Mn0.6Nb2.4O5
10245,Mn0.15Nb2.85O7
10246,Mn0.3Nb2.7O7
10247,Mn0.6Nb2.4O7
10248,Mn0.15Nb2.85O8
10249,Mn0.3Nb2.7O8
10250,Mn0.6Nb2.4O8
10251,Mn0.15Nb2.85O10
10252,Mn0.3Nb2.7O10
10253,Mn0.6Nb2.4O10
10254,Mn0.2Nb3.8O5
10255,Mn0.4Nb3.6O5
10256,Mn0.8Nb3.2O5
10257,Mn0.2Nb3.8O7
10258,Mn0.4Nb3.6O7
10259,Mn0.8Nb3.2O7
10260,Mn0.2Nb3.8O9
10261,Mn0.4Nb3.6O9
10262,Mn0.8Nb3.2O9
10263,Mn0.25Nb4.75O6
10264,Mn0.5Nb4.5O6
10265,MnNbO6
10266,Mn0.25Nb4.75O7
10267,Mn0.5Nb4.5O7
10268,MnNbO7
10269,Mn0.25Nb4.75O8
10270,Mn0.5Nb4.5O8
10271,MnNbO8
10272,Mn0.25Nb4.75O9
10273,Mn0.5Nb4.5O9
10274,MnNbO9
10275,Mn0.3Nb5.7O7
10276,Mn0.6Nb5.4O7
10277,Mn1.2Nb4.8O7
10278,Mn0.35Nb6.65O8
10279,Mn0.7Nb6.3O8
10280,Mn1.4Nb5.6O8
10281,Mn0.35Nb6.65O9
10282,Mn0.7Nb6.3O9
10283,Mn1.4Nb5.6O9
10284,Mn0.35Nb6.65O10
10285,Mn0.7Nb6.3O10
10286,Mn1.4Nb5.6O10
10287,Mn0.4Nb7.6O9
10288,Mn0.8Nb7.2O9
10289,Mn1.6Nb6.4O9
10290,Mn0.45Nb8.55O10
10291,Mn0.9Nb8.1O10
10292,Mn1.8Nb7.2O10
10293,Fe0.05Nb0.95O
10294,Fe0.1Nb0.9O
10295,Fe0.2Nb0.8O
10296,Fe0.05Nb0.95O2
10297,Fe0.1Nb0.9O2
10298,Fe0.2Nb0.8O2
10299,Fe0.05Nb0.95O3
10300,Fe0.1Nb0.9O3
10301,Fe0.2Nb0.8O3
10302,Fe0.05Nb0.95O4
10303,Fe0.1Nb0.9O4
10304,Fe0.2Nb0.8O4
10305,Fe0.05Nb0.95O5
10306,Fe0.1Nb0.9O5
10307,Fe0.2Nb0.8O5
10308,Fe0.05Nb0.95O6
10309,Fe0.1Nb0.9O6
10310,Fe0.2Nb0.8O6
10311,Fe0.05Nb0.95O7
10312,Fe0.1Nb0.9O7
10313,Fe0.2Nb0.8O7
10314,Fe0.05Nb0.95O8
10315,Fe0.1Nb0.9O8
10316,Fe0.2Nb0.8O8
10317,Fe0.05Nb0.95O9
10318,Fe0.1Nb0.9O9
10319,Fe0.2Nb0.8O9
10320,Fe0.05Nb0.95O10
10321,Fe0.1Nb0.9O10
10322,Fe0.2Nb0.8O10
10323,Fe0.1Nb1.9O3
10324,Fe0.2Nb1.8O3
10325,Fe0.4Nb1.6O3
10326,Fe0.1Nb1.9O5
10327,Fe0.2Nb1.8O5
10328,Fe0.4Nb1.6O5
10329,Fe0.1Nb1.9O7
10330,Fe0.2Nb1.8O7
10331,Fe0.4Nb1.6O7
10332,Fe0.1Nb1.9O9
10333,Fe0.2Nb1.8O9
10334,Fe0.4Nb1.6O9
10335,Fe0.15Nb2.85O4
10336,Fe0.3Nb2.7O4
10337,Fe0.6Nb2.4O4
10338,Fe0.15Nb2.85O5
10339,Fe0.3Nb2.7O5
10340,Fe0.6Nb2.4O5
10341,Fe0.15Nb2.85O7
10342,Fe0.3Nb2.7O7
10343,Fe0.6Nb2.4O7
10344,Fe0.15Nb2.85O8
10345,Fe0.3Nb2.7O8
10346,Fe0.6Nb2.4O8
10347,Fe0.15Nb2.85O10
10348,Fe0.3Nb2.7O10
10349,Fe0.6Nb2.4O10
10350,Fe0.2Nb3.8O5
10351,Fe0.4Nb3.6O5
10352,Fe0.8Nb3.2O5
10353,Fe0.2Nb3.8O7
10354,Fe0.4Nb3.6O7
10355,Fe0.8Nb3.2O7
10356,Fe0.2Nb3.8O9
10357,Fe0.4Nb3.6O9
10358,Fe0.8Nb3.2O9
10359,Fe0.25Nb4.75O6
10360,Fe0.5Nb4.5O6
10361,FeNbO6
10362,Fe0.25Nb4.75O7
10363,Fe0.5Nb4.5O7
10364,FeNbO7
10365,Fe0.25Nb4.75O8
10366,Fe0.5Nb4.5O8
10367,FeNbO8
10368,Fe0.25Nb4.75O9
10369,Fe0.5Nb4.5O9
10370,FeNbO9
10371,Fe0.3Nb5.7O7
10372,Fe0.6Nb5.4O7
10373,Fe1.2Nb4.8O7
10374,Fe0.35Nb6.65O8
10375,Fe0.7Nb6.3O8
10376,Fe1.4Nb5.6O8
10377,Fe0.35Nb6.65O9
10378,Fe0.7Nb6.3O9
10379,Fe1.4Nb5.6O9
10380,Fe0.35Nb6.65O10
10381,Fe0.7Nb6.3O10
10382,Fe1.4Nb5.6O10
10383,Fe0.4Nb7.6O9
10384,Fe0.8Nb7.2O9
10385,Fe1.6Nb6.4O9
10386,Fe0.45Nb8.55O10
10387,Fe0.9Nb8.1O10
10388,Fe1.8Nb7.2O10
10389,Co0.05Nb0.95O
10390,Co0.1Nb0.9O
10391,Co0.2Nb0.8O
10392,Co0.05Nb0.95O2
10393,Co0.1Nb0.9O2
10394,Co0.2Nb0.8O2
10395,Co0.05Nb0.95O3
10396,Co0.1Nb0.9O3
10397,Co0.2Nb0.8O3
10398,Co0.05Nb0.95O4
10399,Co0.1Nb0.9O4
10400,Co0.2Nb0.8O4
10401,Co0.05Nb0.95O5
10402,Co0.1Nb0.9O5
10403,Co0.2Nb0.8O5
10404,Co0.05Nb0.95O6
10405,Co0.1Nb0.9O6
10406,Co0.2Nb0.8O6
10407,Co0.05Nb0.95O7
10408,Co0.1Nb0.9O7
10409,Co0.2Nb0.8O7
10410,Co0.05Nb0.95O8
10411,Co0.1Nb0.9O8
10412,Co0.2Nb0.8O8
10413,Co0.05Nb0.95O9
10414,Co0.1Nb0.9O9
10415,Co0.2Nb0.8O9
10416,Co0.05Nb0.95O10
10417,Co0.1Nb0.9O10
10418,Co0.2Nb0.8O10
10419,Co0.1Nb1.9O3
10420,Co0.2Nb1.8O3
10421,Co0.4Nb1.6O3
10422,Co0.1Nb1.9O5
10423,Co0.2Nb1.8O5
10424,Co0.4Nb1.6O5
10425,Co0.1Nb1.9O7
10426,Co0.2Nb1.8O7
10427,Co0.4Nb1.6O7
10428,Co0.1Nb1.9O9
10429,Co0.2Nb1.8O9
10430,Co0.4Nb1.6O9
10431,Co0.15Nb2.85O4
10432,Co0.3Nb2.7O4
10433,Co0.6Nb2.4O4
10434,Co0.15Nb2.85O5
10435,Co0.3Nb2.7O5
10436,Co0.6Nb2.4O5
10437,Co0.15Nb2.85O7
10438,Co0.3Nb2.7O7
10439,Co0.6Nb2.4O7
10440,Co0.15Nb2.85O8
10441,Co0.3Nb2.7O8
10442,Co0.6Nb2.4O8
10443,Co0.15Nb2.85O10
10444,Co0.3Nb2.7O10
10445,Co0.6Nb2.4O10
10446,Co0.2Nb3.8O5
10447,Co0.4Nb3.6O5
10448,Co0.8Nb3.2O5
10449,Co0.2Nb3.8O7
10450,Co0.4Nb3.6O7
10451,Co0.8Nb3.2O7
10452,Co0.2Nb3.8O9
10453,Co0.4Nb3.6O9
10454,Co0.8Nb3.2O9
10455,Co0.25Nb4.75O6
10456,Co0.5Nb4.5O6
10457,CoNbO6
10458,Co0.25Nb4.75O7
10459,Co0.5Nb4.5O7
10460,CoNbO7
10461,Co0.25Nb4.75O8
10462,Co0.5Nb4.5O8
10463,CoNbO8
10464,Co0.25Nb4.75O9
10465,Co0.5Nb4.5O9
10466,CoNbO9
10467,Co0.3Nb5.7O7
10468,Co0.6Nb5.4O7
10469,Co1.2Nb4.8O7
10470,Co0.35Nb6.65O8
10471,Co0.7Nb6.3O8
10472,Co1.4Nb5.6O8
10473,Co0.35Nb6.65O9
10474,Co0.7Nb6.3O9
10475,Co1.4Nb5.6O9
10476,Co0.35Nb6.65O10
10477,Co0.7Nb6.3O10
10478,Co1.4Nb5.6O10
10479,Co0.4Nb7.6O9
10480,Co0.8Nb7.2O9
10481,Co1.6Nb6.4O9
10482,Co0.45Nb8.55O10
10483,Co0.9Nb8.1O10
10484,Co1.8Nb7.2O10
10485,Ni0.05Nb0.95O
10486,Ni0.1Nb0.9O
10487,Ni0.2Nb0.8O
10488,Ni0.05Nb0.95O2
10489,Ni0.1Nb0.9O2
10490,Ni0.2Nb0.8O2
10491,Ni0.05Nb0.95O3
10492,Ni0.1Nb0.9O3
10493,Ni0.2Nb0.8O3
10494,Ni0.05Nb0.95O4
10495,Ni0.1Nb0.9O4
10496,Ni0.2Nb0.8O4
10497,Ni0.05Nb0.95O5
10498,Ni0.1Nb0.9O5
10499,Ni0.2Nb0.8O5
10500,Ni0.05Nb0.95O6
10501,Ni0.1Nb0.9O6
10502,Ni0.2Nb0.8O6
10503,Ni0.05Nb0.95O7
10504,Ni0.1Nb0.9O7
10505,Ni0.2Nb0.8O7
10506,Ni0.05Nb0.95O8
10507,Ni0.1Nb0.9O8
10508,Ni0.2Nb0.8O8
10509,Ni0.05Nb0.95O9
10510,Ni0.1Nb0.9O9
10511,Ni0.2Nb0.8O9
10512,Ni0.05Nb0.95O10
10513,Ni0.1Nb0.9O10
10514,Ni0.2Nb0.8O10
10515,Ni0.1Nb1.9O3
10516,Ni0.2Nb1.8O3
10517,Ni0.4Nb1.6O3
10518,Ni0.1Nb1.9O5
10519,Ni0.2Nb1.8O5
10520,Ni0.4Nb1.6O5
10521,Ni0.1Nb1.9O7
10522,Ni0.2Nb1.8O7
10523,Ni0.4Nb1.6O7
10524,Ni0.1Nb1.9O9
10525,Ni0.2Nb1.8O9
10526,Ni0.4Nb1.6O9
10527,Ni0.15Nb2.85O4
10528,Ni0.3Nb2.7O4
10529,Ni0.6Nb2.4O4
10530,Ni0.15Nb2.85O5
10531,Ni0.3Nb2.7O5
10532,Ni0.6Nb2.4O5
10533,Ni0.15Nb2.85O7
10534,Ni0.3Nb2.7O7
10535,Ni0.6Nb2.4O7
10536,Ni0.15Nb2.85O8
10537,Ni0.3Nb2.7O8
10538,Ni0.6Nb2.4O8
10539,Ni0.15Nb2.85O10
10540,Ni0.3Nb2.7O10
10541,Ni0.6Nb2.4O10
10542,Ni0.2Nb3.8O5
10543,Ni0.4Nb3.6O5
10544,Ni0.8Nb3.2O5
10545,Ni0.2Nb3.8O7
10546,Ni0.4Nb3.6O7
10547,Ni0.8Nb3.2O7
10548,Ni0.2Nb3.8O9
10549,Ni0.4Nb3.6O9
10550,Ni0.8Nb3.2O9
10551,Ni0.25Nb4.75O6
10552,Ni0.5Nb4.5O6
10553,NiNbO6
10554,Ni0.25Nb4.75O7
10555,Ni0.5Nb4.5O7
10556,NiNbO7
10557,Ni0.25Nb4.75O8
10558,Ni0.5Nb4.5O8
10559,NiNbO8
10560,Ni0.25Nb4.75O9
10561,Ni0.5Nb4.5O9
10562,NiNbO9
10563,Ni0.3Nb5.7O7
10564,Ni0.6Nb5.4O7
10565,Ni1.2Nb4.8O7
10566,Ni0.35Nb6.65O8
10567,Ni0.7Nb6.3O8
10568,Ni1.4Nb5.6O8
10569,Ni0.35Nb6.65O9
10570,Ni0.7Nb6.3O9
10571,Ni1.4Nb5.6O9
10572,Ni0.35Nb6.65O10
10573,Ni0.7Nb6.3O10
10574,Ni1.4Nb5.6O10
10575,Ni0.4Nb7.6O9
10576,Ni0.8Nb7.2O9
10577,Ni1.6Nb6.4O9
10578,Ni0.45Nb8.55O10
10579,Ni0.9Nb8.1O10
10580,Ni1.8Nb7.2O10
10581,Ru0.05Nb0.95O
10582,Ru0.1Nb0.9O
10583,Ru0.2Nb0.8O
10584,Ru0.05Nb0.95O2
10585,Ru0.1Nb0.9O2
10586,Ru0.2Nb0.8O2
10587,Ru0.05Nb0.95O3
10588,Ru0.1Nb0.9O3
10589,Ru0.2Nb0.8O3
10590,Ru0.05Nb0.95O4
10591,Ru0.1Nb0.9O4
10592,Ru0.2Nb0.8O4
10593,Ru0.05Nb0.95O5
10594,Ru0.1Nb0.9O5
10595,Ru0.2Nb0.8O5
10596,Ru0.05Nb0.95O6
10597,Ru0.1Nb0.9O6
10598,Ru0.2Nb0.8O6
10599,Ru0.05Nb0.95O7
10600,Ru0.1Nb0.9O7
10601,Ru0.2Nb0.8O7
10602,Ru0.05Nb0.95O8
10603,Ru0.1Nb0.9O8
10604,Ru0.2Nb0.8O8
10605,Ru0.05Nb0.95O9
10606,Ru0.1Nb0.9O9
10607,Ru0.2Nb0.8O9
10608,Ru0.05Nb0.95O10
10609,Ru0.1Nb0.9O10
10610,Ru0.2Nb0.8O10
10611,Ru0.1Nb1.9O3
10612,Ru0.2Nb1.8O3
10613,Ru0.4Nb1.6O3
10614,Ru0.1Nb1.9O5
10615,Ru0.2Nb1.8O5
10616,Ru0.4Nb1.6O5
10617,Ru0.1Nb1.9O7
10618,Ru0.2Nb1.8O7
10619,Ru0.4Nb1.6O7
10620,Ru0.1Nb1.9O9
10621,Ru0.2Nb1.8O9
10622,Ru0.4Nb1.6O9
10623,Ru0.15Nb2.85O4
10624,Ru0.3Nb2.7O4
10625,Ru0.6Nb2.4O4
10626,Ru0.15Nb2.85O5
10627,Ru0.3Nb2.7O5
10628,Ru0.6Nb2.4O5
10629,Ru0.15Nb2.85O7
10630,Ru0.3Nb2.7O7
10631,Ru0.6Nb2.4O7
10632,Ru0.15Nb2.85O8
10633,Ru0.3Nb2.7O8
10634,Ru0.6Nb2.4O8
10635,Ru0.15Nb2.85O10
10636,Ru0.3Nb2.7O10
10637,Ru0.6Nb2.4O10
10638,Ru0.2Nb3.8O5
10639,Ru0.4Nb3.6O5
10640,Ru0.8Nb3.2O5
10641,Ru0.2Nb3.8O7
10642,Ru0.4Nb3.6O7
10643,Ru0.8Nb3.2O7
10644,Ru0.2Nb3.8O9
10645,Ru0.4Nb3.6O9
10646,Ru0.8Nb3.2O9
10647,Ru0.25Nb4.75O6
10648,Ru0.5Nb4.5O6
10649,RuNbO6
10650,Ru0.25Nb4.75O7
10651,Ru0.5Nb4.5O7
10652,RuNbO7
10653,Ru0.25Nb4.75O8
10654,Ru0.5Nb4.5O8
10655,RuNbO8
10656,Ru0.25Nb4.75O9
10657,Ru0.5Nb4.5O9
10658,RuNbO9
10659,Ru0.3Nb5.7O7
10660,Ru0.6Nb5.4O7
10661,Ru1.2Nb4.8O7
10662,Ru0.35Nb6.65O8
10663,Ru0.7Nb6.3O8
10664,Ru1.4Nb5.6O8
10665,Ru0.35Nb6.65O9
10666,Ru0.7Nb6.3O9
10667,Ru1.4Nb5.6O9
10668,Ru0.35Nb6.65O10
10669,Ru0.7Nb6.3O10
10670,Ru1.4Nb5.6O10
10671,Ru0.4Nb7.6O9
10672,Ru0.8Nb7.2O9
10673,Ru1.6Nb6.4O9
10674,Ru0.45Nb8.55O10
10675,Ru0.9Nb8.1O10
10676,Ru1.8Nb7.2O10
10677,Pd0.05Nb0.95O
10678,Pd0.1Nb0.9O
10679,Pd0.2Nb0.8O
10680,Pd0.05Nb0.95O2
10681,Pd0.1Nb0.9O2
10682,Pd0.2Nb0.8O2
10683,Pd0.05Nb0.95O3
10684,Pd0.1Nb0.9O3
10685,Pd0.2Nb0.8O3
10686,Pd0.05Nb0.95O4
10687,Pd0.1Nb0.9O4
10688,Pd0.2Nb0.8O4
10689,Pd0.05Nb0.95O5
10690,Pd0.1Nb0.9O5
10691,Pd0.2Nb0.8O5
10692,Pd0.05Nb0.95O6
10693,Pd0.1Nb0.9O6
10694,Pd0.2Nb0.8O6
10695,Pd0.05Nb0.95O7
10696,Pd0.1Nb0.9O7
10697,Pd0.2Nb0.8O7
10698,Pd0.05Nb0.95O8
10699,Pd0.1Nb0.9O8
10700,Pd0.2Nb0.8O8
10701,Pd0.05Nb0.95O9
10702,Pd0.1Nb0.9O9
10703,Pd0.2Nb0.8O9
10704,Pd0.05Nb0.95O10
10705,Pd0.1Nb0.9O10
10706,Pd0.2Nb0.8O10
10707,Pd0.1Nb1.9O3
10708,Pd0.2Nb1.8O3
10709,Pd0.4Nb1.6O3
10710,Pd0.1Nb1.9O5
10711,Pd0.2Nb1.8O5
10712,Pd0.4Nb1.6O5
10713,Pd0.1Nb1.9O7
10714,Pd0.2Nb1.8O7
10715,Pd0.4Nb1.6O7
10716,Pd0.1Nb1.9O9
10717,Pd0.2Nb1.8O9
10718,Pd0.4Nb1.6O9
10719,Pd0.15Nb2.85O4
10720,Pd0.3Nb2.7O4
10721,Pd0.6Nb2.4O4
10722,Pd0.15Nb2.85O5
10723,Pd0.3Nb2.7O5
10724,Pd0.6Nb2.4O5
10725,Pd0.15Nb2.85O7
10726,Pd0.3Nb2.7O7
10727,Pd0.6Nb2.4O7
10728,Pd0.15Nb2.85O8
10729,Pd0.3Nb2.7O8
10730,Pd0.6Nb2.4O8
10731,Pd0.15Nb2.85O10
10732,Pd0.3Nb2.7O10
10733,Pd0.6Nb2.4O10
10734,Pd0.2Nb3.8O5
10735,Pd0.4Nb3.6O5
10736,Pd0.8Nb3.2O5
10737,Pd0.2Nb3.8O7
10738,Pd0.4Nb3.6O7
10739,Pd0.8Nb3.2O7
10740,Pd0.2Nb3.8O9
10741,Pd0.4Nb3.6O9
10742,Pd0.8Nb3.2O9
10743,Pd0.25Nb4.75O6
10744,Pd0.5Nb4.5O6
10745,PdNbO6
10746,Pd0.25Nb4.75O7
10747,Pd0.5Nb4.5O7
10748,PdNbO7
10749,Pd0.25Nb4.75O8
10750,Pd0.5Nb4.5O8
10751,PdNbO8
10752,Pd0.25Nb4.75O9
10753,Pd0.5Nb4.5O9
10754,PdNbO9
10755,Pd0.3Nb5.7O7
10756,Pd0.6Nb5.4O7
10757,Pd1.2Nb4.8O7
10758,Pd0.35Nb6.65O8
10759,Pd0.7Nb6.3O8
10760,Pd1.4Nb5.6O8
10761,Pd0.35Nb6.65O9
10762,Pd0.7Nb6.3O9
10763,Pd1.4Nb5.6O9
10764,Pd0.35Nb6.65O10
10765,Pd0.7Nb6.3O10
10766,Pd1.4Nb5.6O10
10767,Pd0.4Nb7.6O9
10768,Pd0.8Nb7.2O9
10769,Pd1.6Nb6.4O9
10770,Pd0.45Nb8.55O10
10771,Pd0.9Nb8.1O10
10772,Pd1.8Nb7.2O10
10773,Ag0.05Nb0.95O
10774,Ag0.1Nb0.9O
10775,Ag0.2Nb0.8O
10776,Ag0.05Nb0.95O2
10777,Ag0.1Nb0.9O2
10778,Ag0.2Nb0.8O2
10779,Ag0.05Nb0.95O3
10780,Ag0.1Nb0.9O3
10781,Ag0.2Nb0.8O3
10782,Ag0.05Nb0.95O4
10783,Ag0.1Nb0.9O4
10784,Ag0.2Nb0.8O4
10785,Ag0.05Nb0.95O5
10786,Ag0.1Nb0.9O5
10787,Ag0.2Nb0.8O5
10788,Ag0.05Nb0.95O6
10789,Ag0.1Nb0.9O6
10790,Ag0.2Nb0.8O6
10791,Ag0.05Nb0.95O7
10792,Ag0.1Nb0.9O7
10793,Ag0.2Nb0.8O7
10794,Ag0.05Nb0.95O8
10795,Ag0.1Nb0.9O8
10796,Ag0.2Nb0.8O8
10797,Ag0.05Nb0.95O9
10798,Ag0.1Nb0.9O9
10799,Ag0.2Nb0.8O9
10800,Ag0.05Nb0.95O10
10801,Ag0.1Nb0.9O10
10802,Ag0.2Nb0.8O10
10803,Ag0.1Nb1.9O3
10804,Ag0.2Nb1.8O3
10805,Ag0.4Nb1.6O3
10806,Ag0.1Nb1.9O5
10807,Ag0.2Nb1.8O5
10808,Ag0.4Nb1.6O5
10809,Ag0.1Nb1.9O7
10810,Ag0.2Nb1.8O7
10811,Ag0.4Nb1.6O7
10812,Ag0.1Nb1.9O9
10813,Ag0.2Nb1.8O9
10814,Ag0.4Nb1.6O9
10815,Ag0.15Nb2.85O4
10816,Ag0.3Nb2.7O4
10817,Ag0.6Nb2.4O4
10818,Ag0.15Nb2.85O5
10819,Ag0.3Nb2.7O5
10820,Ag0.6Nb2.4O5
10821,Ag0.15Nb2.85O7
10822,Ag0.3Nb2.7O7
10823,Ag0.6Nb2.4O7
10824,Ag0.15Nb2.85O8
10825,Ag0.3Nb2.7O8
10826,Ag0.6Nb2.4O8
10827,Ag0.15Nb2.85O10
10828,Ag0.3Nb2.7O10
10829,Ag0.6Nb2.4O10
10830,Ag0.2Nb3.8O5
10831,Ag0.4Nb3.6O5
10832,Ag0.8Nb3.2O5
10833,Ag0.2Nb3.8O7
10834,Ag0.4Nb3.6O7
10835,Ag0.8Nb3.2O7
10836,Ag0.2Nb3.8O9
10837,Ag0.4Nb3.6O9
10838,Ag0.8Nb3.2O9
10839,Ag0.25Nb4.75O6
10840,Ag0.5Nb4.5O6
10841,AgNbO6
10842,Ag0.25Nb4.75O7
10843,Ag0.5Nb4.5O7
10844,AgNbO7
10845,Ag0.25Nb4.75O8
10846,Ag0.5Nb4.5O8
10847,AgNbO8
10848,Ag0.25Nb4.75O9
10849,Ag0.5Nb4.5O9
10850,AgNbO9
10851,Ag0.3Nb5.7O7
10852,Ag0.6Nb5.4O7
10853,Ag1.2Nb4.8O7
10854,Ag0.35Nb6.65O8
10855,Ag0.7Nb6.3O8
10856,Ag1.4Nb5.6O8
10857,Ag0.35Nb6.65O9
10858,Ag0.7Nb6.3O9
10859,Ag1.4Nb5.6O9
10860,Ag0.35Nb6.65O10
10861,Ag0.7Nb6.3O10
10862,Ag1.4Nb5.6O10
10863,Ag0.4Nb7.6O9
10864,Ag0.8Nb7.2O9
10865,Ag1.6Nb6.4O9
10866,Ag0.45Nb8.55O10
10867,Ag0.9Nb8.1O10
10868,Ag1.8Nb7.2O10
10869,Pt0.05Nb0.95O
10870,Pt0.1Nb0.9O
10871,Pt0.2Nb0.8O
10872,Pt0.05Nb0.95O2
10873,Pt0.1Nb0.9O2
10874,Pt0.2Nb0.8O2
10875,Pt0.05Nb0.95O3
10876,Pt0.1Nb0.9O3
10877,Pt0.2Nb0.8O3
10878,Pt0.05Nb0.95O4
10879,Pt0.1Nb0.9O4
10880,Pt0.2Nb0.8O4
10881,Pt0.05Nb0.95O5
10882,Pt0.1Nb0.9O5
10883,Pt0.2Nb0.8O5
10884,Pt0.05Nb0.95O6
10885,Pt0.1Nb0.9O6
10886,Pt0.2Nb0.8O6
10887,Pt0.05Nb0.95O7
10888,Pt0.1Nb0.9O7
10889,Pt0.2Nb0.8O7
10890,Pt0.05Nb0.95O8
10891,Pt0.1Nb0.9O8
10892,Pt0.2Nb0.8O8
10893,Pt0.05Nb0.95O9
10894,Pt0.1Nb0.9O9
10895,Pt0.2Nb0.8O9
10896,Pt0.05Nb0.95O10
10897,Pt0.1Nb0.9O10
10898,Pt0.2Nb0.8O10
10899,Pt0.1Nb1.9O3
10900,Pt0.2Nb1.8O3
10901,Pt0.4Nb1.6O3
10902,Pt0.1Nb1.9O5
10903,Pt0.2Nb1.8O5
10904,Pt0.4Nb1.6O5
10905,Pt0.1Nb1.9O7
10906,Pt0.2Nb1.8O7
10907,Pt0.4Nb1.6O7
10908,Pt0.1Nb1.9O9
10909,Pt0.2Nb1.8O9
10910,Pt0.4Nb1.6O9
10911,Pt0.15Nb2.85O4
10912,Pt0.3Nb2.7O4
10913,Pt0.6Nb2.4O4
10914,Pt0.15Nb2.85O5
10915,Pt0.3Nb2.7O5
10916,Pt0.6Nb2.4O5
10917,Pt0.15Nb2.85O7
10918,Pt0.3Nb2.7O7
10919,Pt0.6Nb2.4O7
10920,Pt0.15Nb2.85O8
10921,Pt0.3Nb2.7O8
10922,Pt0.6Nb2.4O8
10923,Pt0.15Nb2.85O10
10924,Pt0.3Nb2.7O10
10925,Pt0.6Nb2.4O10
10926,Pt0.2Nb3.8O5
10927,Pt0.4Nb3.6O5
10928,Pt0.8Nb3.2O5
10929,Pt0.2Nb3.8O7
10930,Pt0.4Nb3.6O7
10931,Pt0.8Nb3.2O7
10932,Pt0.2Nb3.8O9
10933,Pt0.4Nb3.6O9
10934,Pt0.8Nb3.2O9
10935,Pt0.25Nb4.75O6
10936,Pt0.5Nb4.5O6
10937,PtNbO6
10938,Pt0.25Nb4.75O7
10939,Pt0.5Nb4.5O7
10940,PtNbO7
10941,Pt0.25Nb4.75O8
10942,Pt0.5Nb4.5O8
10943,PtNbO8
10944,Pt0.25Nb4.75O9
10945,Pt0.5Nb4.5O9
10946,PtNbO9
10947,Pt0.3Nb5.7O7
10948,Pt0.6Nb5.4O7
10949,Pt1.2Nb4.8O7
10950,Pt0.35Nb6.65O8
10951,Pt0.7Nb6.3O8
10952,Pt1.4Nb5.6O8
10953,Pt0.35Nb6.65O9
10954,Pt0.7Nb6.3O9
10955,Pt1.4Nb5.6O9
10956,Pt0.35Nb6.65O10
10957,Pt0.7Nb6.3O10
10958,Pt1.4Nb5.6O10
10959,Pt0.4Nb7.6O9
10960,Pt0.8Nb7.2O9
10961,Pt1.6Nb6.4O9
10962,Pt0.45Nb8.55O10
10963,Pt0.9Nb8.1O10
10964,Pt1.8Nb7.2O10
10965,Mn0.05Mo0.95O
10966,Mn0.1Mo0.9O
10967,Mn0.2Mo0.8O
10968,Mn0.05Mo0.95O2
10969,Mn0.1Mo0.9O2
10970,Mn0.2Mo0.8O2
10971,Mn0.05Mo0.95O3
10972,Mn0.1Mo0.9O3
10973,Mn0.2Mo0.8O3
10974,Mn0.05Mo0.95O4
10975,Mn0.1Mo0.9O4
10976,Mn0.2Mo0.8O4
10977,Mn0.05Mo0.95O5
10978,Mn0.1Mo0.9O5
10979,Mn0.2Mo0.8O5
10980,Mn0.05Mo0.95O6
10981,Mn0.1Mo0.9O6
10982,Mn0.2Mo0.8O6
10983,Mn0.05Mo0.95O7
10984,Mn0.1Mo0.9O7
10985,Mn0.2Mo0.8O7
10986,Mn0.05Mo0.95O8
10987,Mn0.1Mo0.9O8
10988,Mn0.2Mo0.8O8
10989,Mn0.05Mo0.95O9
10990,Mn0.1Mo0.9O9
10991,Mn0.2Mo0.8O9
10992,Mn0.05Mo0.95O10
10993,Mn0.1Mo0.9O10
10994,Mn0.2Mo0.8O10
10995,Mn0.1Mo1.9O3
10996,Mn0.2Mo1.8O3
10997,Mn0.4Mo1.6O3
10998,Mn0.1Mo1.9O5
10999,Mn0.2Mo1.8O5
11000,Mn0.4Mo1.6O5
11001,Mn0.1Mo1.9O7
11002,Mn0.2Mo1.8O7
11003,Mn0.4Mo1.6O7
11004,Mn0.1Mo1.9O9
11005,Mn0.2Mo1.8O9
11006,Mn0.4Mo1.6O9
11007,Mn0.15Mo2.85O4
11008,Mn0.3Mo2.7O4
11009,Mn0.6Mo2.4O4
11010,Mn0.15Mo2.85O5
11011,Mn0.3Mo2.7O5
11012,Mn0.6Mo2.4O5
11013,Mn0.15Mo2.85O7
11014,Mn0.3Mo2.7O7
11015,Mn0.6Mo2.4O7
11016,Mn0.15Mo2.85O8
11017,Mn0.3Mo2.7O8
11018,Mn0.6Mo2.4O8
11019,Mn0.15Mo2.85O10
11020,Mn0.3Mo2.7O10
11021,Mn0.6Mo2.4O10
11022,Mn0.2Mo3.8O5
11023,Mn0.4Mo3.6O5
11024,Mn0.8Mo3.2O5
11025,Mn0.2Mo3.8O7
11026,Mn0.4Mo3.6O7
11027,Mn0.8Mo3.2O7
11028,Mn0.2Mo3.8O9
11029,Mn0.4Mo3.6O9
11030,Mn0.8Mo3.2O9
11031,Mn0.25Mo4.75O6
11032,Mn0.5Mo4.5O6
11033,MnMoO6
11034,Mn0.25Mo4.75O7
11035,Mn0.5Mo4.5O7
11036,MnMoO7
11037,Mn0.25Mo4.75O8
11038,Mn0.5Mo4.5O8
11039,MnMoO8
11040,Mn0.25Mo4.75O9
11041,Mn0.5Mo4.5O9
11042,MnMoO9
11043,Mn0.3Mo5.7O7
11044,Mn0.6Mo5.4O7
11045,Mn1.2Mo4.8O7
11046,Mn0.35Mo6.65O8
11047,Mn0.7Mo6.3O8
11048,Mn1.4Mo5.6O8
11049,Mn0.35Mo6.65O9
11050,Mn0.7Mo6.3O9
11051,Mn1.4Mo5.6O9
11052,Mn0.35Mo6.65O10
11053,Mn0.7Mo6.3O10
11054,Mn1.4Mo5.6O10
11055,Mn0.4Mo7.6O9
11056,Mn0.8Mo7.2O9
11057,Mn1.6Mo6.4O9
11058,Mn0.45Mo8.55O10
11059,Mn0.9Mo8.1O10
11060,Mn1.8Mo7.2O10
11061,Fe0.05Mo0.95O
11062,Fe0.1Mo0.9O
11063,Fe0.2Mo0.8O
11064,Fe0.05Mo0.95O2
11065,Fe0.1Mo0.9O2
11066,Fe0.2Mo0.8O2
11067,Fe0.05Mo0.95O3
11068,Fe0.1Mo0.9O3
11069,Fe0.2Mo0.8O3
11070,Fe0.05Mo0.95O4
11071,Fe0.1Mo0.9O4
11072,Fe0.2Mo0.8O4
11073,Fe0.05Mo0.95O5
11074,Fe0.1Mo0.9O5
11075,Fe0.2Mo0.8O5
11076,Fe0.05Mo0.95O6
11077,Fe0.1Mo0.9O6
11078,Fe0.2Mo0.8O6
11079,Fe0.05Mo0.95O7
11080,Fe0.1Mo0.9O7
11081,Fe0.2Mo0.8O7
11082,Fe0.05Mo0.95O8
11083,Fe0.1Mo0.9O8
11084,Fe0.2Mo0.8O8
11085,Fe0.05Mo0.95O9
11086,Fe0.1Mo0.9O9
11087,Fe0.2Mo0.8O9
11088,Fe0.05Mo0.95O10
11089,Fe0.1Mo0.9O10
11090,Fe0.2Mo0.8O10
11091,Fe0.1Mo1.9O3
11092,Fe0.2Mo1.8O3
11093,Fe0.4Mo1.6O3
11094,Fe0.1Mo1.9O5
11095,Fe0.2Mo1.8O5
11096,Fe0.4Mo1.6O5
11097,Fe0.1Mo1.9O7
11098,Fe0.2Mo1.8O7
11099,Fe0.4Mo1.6O7
11100,Fe0.1Mo1.9O9
11101,Fe0.2Mo1.8O9
11102,Fe0.4Mo1.6O9
11103,Fe0.15Mo2.85O4
11104,Fe0.3Mo2.7O4
11105,Fe0.6Mo2.4O4
11106,Fe0.15Mo2.85O5
11107,Fe0.3Mo2.7O5
11108,Fe0.6Mo2.4O5
11109,Fe0.15Mo2.85O7
11110,Fe0.3Mo2.7O7
11111,Fe0.6Mo2.4O7
11112,Fe0.15Mo2.85O8
11113,Fe0.3Mo2.7O8
11114,Fe0.6Mo2.4O8
11115,Fe0.15Mo2.85O10
11116,Fe0.3Mo2.7O10
11117,Fe0.6Mo2.4O10
11118,Fe0.2Mo3.8O5
11119,Fe0.4Mo3.6O5
11120,Fe0.8Mo3.2O5
11121,Fe0.2Mo3.8O7
11122,Fe0.4Mo3.6O7
11123,Fe0.8Mo3.2O7
11124,Fe0.2Mo3.8O9
11125,Fe0.4Mo3.6O9
11126,Fe0.8Mo3.2O9
11127,Fe0.25Mo4.75O6
11128,Fe0.5Mo4.5O6
11129,FeMoO6
11130,Fe0.25Mo4.75O7
11131,Fe0.5Mo4.5O7
11132,FeMoO7
11133,Fe0.25Mo4.75O8
11134,Fe0.5Mo4.5O8
11135,FeMoO8
11136,Fe0.25Mo4.75O9
11137,Fe0.5Mo4.5O9
11138,FeMoO9
11139,Fe0.3Mo5.7O7
11140,Fe0.6Mo5.4O7
11141,Fe1.2Mo4.8O7
11142,Fe0.35Mo6.65O8
11143,Fe0.7Mo6.3O8
11144,Fe1.4Mo5.6O8
11145,Fe0.35Mo6.65O9
11146,Fe0.7Mo6.3O9
11147,Fe1.4Mo5.6O9
11148,Fe0.35Mo6.65O10
11149,Fe0.7Mo6.3O10
11150,Fe1.4Mo5.6O10
11151,Fe0.4Mo7.6O9
11152,Fe0.8Mo7.2O9
11153,Fe1.6Mo6.4O9
11154,Fe0.45Mo8.55O10
11155,Fe0.9Mo8.1O10
11156,Fe1.8Mo7.2O10
11157,Co0.05Mo0.95O
11158,Co0.1Mo0.9O
11159,Co0.2Mo0.8O
11160,Co0.05Mo0.95O2
11161,Co0.1Mo0.9O2
11162,Co0.2Mo0.8O2
11163,Co0.05Mo0.95O3
11164,Co0.1Mo0.9O3
11165,Co0.2Mo0.8O3
11166,Co0.05Mo0.95O4
11167,Co0.1Mo0.9O4
11168,Co0.2Mo0.8O4
11169,Co0.05Mo0.95O5
11170,Co0.1Mo0.9O5
11171,Co0.2Mo0.8O5
11172,Co0.05Mo0.95O6
11173,Co0.1Mo0.9O6
11174,Co0.2Mo0.8O6
11175,Co0.05Mo0.95O7
11176,Co0.1Mo0.9O7
11177,Co0.2Mo0.8O7
11178,Co0.05Mo0.95O8
11179,Co0.1Mo0.9O8
11180,Co0.2Mo0.8O8
11181,Co0.05Mo0.95O9
11182,Co0.1Mo0.9O9
11183,Co0.2Mo0.8O9
11184,Co0.05Mo0.95O10
11185,Co0.1Mo0.9O10
11186,Co0.2Mo0.8O10
11187,Co0.1Mo1.9O3
11188,Co0.2Mo1.8O3
11189,Co0.4Mo1.6O3
11190,Co0.1Mo1.9O5
11191,Co0.2Mo1.8O5
11192,Co0.4Mo1.6O5
11193,Co0.1Mo1.9O7
11194,Co0.2Mo1.8O7
11195,Co0.4Mo1.6O7
11196,Co0.1Mo1.9O9
11197,Co0.2Mo1.8O9
11198,Co0.4Mo1.6O9
11199,Co0.15Mo2.85O4
11200,Co0.3Mo2.7O4
11201,Co0.6Mo2.4O4
11202,Co0.15Mo2.85O5
11203,Co0.3Mo2.7O5
11204,Co0.6Mo2.4O5
11205,Co0.15Mo2.85O7
11206,Co0.3Mo2.7O7
11207,Co0.6Mo2.4O7
11208,Co0.15Mo2.85O8
11209,Co0.3Mo2.7O8
11210,Co0.6Mo2.4O8
11211,Co0.15Mo2.85O10
11212,Co0.3Mo2.7O10
11213,Co0.6Mo2.4O10
11214,Co0.2Mo3.8O5
11215,Co0.4Mo3.6O5
11216,Co0.8Mo3.2O5
11217,Co0.2Mo3.8O7
11218,Co0.4Mo3.6O7
11219,Co0.8Mo3.2O7
11220,Co0.2Mo3.8O9
11221,Co0.4Mo3.6O9
11222,Co0.8Mo3.2O9
11223,Co0.25Mo4.75O6
11224,Co0.5Mo4.5O6
11225,CoMoO6
11226,Co0.25Mo4.75O7
11227,Co0.5Mo4.5O7
11228,CoMoO7
11229,Co0.25Mo4.75O8
11230,Co0.5Mo4.5O8
11231,CoMoO8
11232,Co0.25Mo4.75O9
11233,Co0.5Mo4.5O9
11234,CoMoO9
11235,Co0.3Mo5.7O7
11236,Co0.6Mo5.4O7
11237,Co1.2Mo4.8O7
11238,Co0.35Mo6.65O8
11239,Co0.7Mo6.3O8
11240,Co1.4Mo5.6O8
11241,Co0.35Mo6.65O9
11242,Co0.7Mo6.3O9
11243,Co1.4Mo5.6O9
11244,Co0.35Mo6.65O10
11245,Co0.7Mo6.3O10
11246,Co1.4Mo5.6O10
11247,Co0.4Mo7.6O9
11248,Co0.8Mo7.2O9
11249,Co1.6Mo6.4O9
11250,Co0.45Mo8.55O10
11251,Co0.9Mo8.1O10
11252,Co1.8Mo7.2O10
11253,Ni0.05Mo0.95O
11254,Ni0.1Mo0.9O
11255,Ni0.2Mo0.8O
11256,Ni0.05Mo0.95O2
11257,Ni0.1Mo0.9O2
11258,Ni0.2Mo0.8O2
11259,Ni0.05Mo0.95O3
11260,Ni0.1Mo0.9O3
11261,Ni0.2Mo0.8O3
11262,Ni0.05Mo0.95O4
11263,Ni0.1Mo0.9O4
11264,Ni0.2Mo0.8O4
11265,Ni0.05Mo0.95O5
11266,Ni0.1Mo0.9O5
11267,Ni0.2Mo0.8O5
11268,Ni0.05Mo0.95O6
11269,Ni0.1Mo0.9O6
11270,Ni0.2Mo0.8O6
11271,Ni0.05Mo0.95O7
11272,Ni0.1Mo0.9O7
11273,Ni0.2Mo0.8O7
11274,Ni0.05Mo0.95O8
11275,Ni0.1Mo0.9O8
11276,Ni0.2Mo0.8O8
11277,Ni0.05Mo0.95O9
11278,Ni0.1Mo0.9O9
11279,Ni0.2Mo0.8O9
11280,Ni0.05Mo0.95O10
11281,Ni0.1Mo0.9O10
11282,Ni0.2Mo0.8O10
11283,Ni0.1Mo1.9O3
11284,Ni0.2Mo1.8O3
11285,Ni0.4Mo1.6O3
11286,Ni0.1Mo1.9O5
11287,Ni0.2Mo1.8O5
11288,Ni0.4Mo1.6O5
11289,Ni0.1Mo1.9O7
11290,Ni0.2Mo1.8O7
11291,Ni0.4Mo1.6O7
11292,Ni0.1Mo1.9O9
11293,Ni0.2Mo1.8O9
11294,Ni0.4Mo1.6O9
11295,Ni0.15Mo2.85O4
11296,Ni0.3Mo2.7O4
11297,Ni0.6Mo2.4O4
11298,Ni0.15Mo2.85O5
11299,Ni0.3Mo2.7O5
11300,Ni0.6Mo2.4O5
11301,Ni0.15Mo2.85O7
11302,Ni0.3Mo2.7O7
11303,Ni0.6Mo2.4O7
11304,Ni0.15Mo2.85O8
11305,Ni0.3Mo2.7O8
11306,Ni0.6Mo2.4O8
11307,Ni0.15Mo2.85O10
11308,Ni0.3Mo2.7O10
11309,Ni0.6Mo2.4O10
11310,Ni0.2Mo3.8O5
11311,Ni0.4Mo3.6O5
11312,Ni0.8Mo3.2O5
11313,Ni0.2Mo3.8O7
11314,Ni0.4Mo3.6O7
11315,Ni0.8Mo3.2O7
11316,Ni0.2Mo3.8O9
11317,Ni0.4Mo3.6O9
11318,Ni0.8Mo3.2O9
11319,Ni0.25Mo4.75O6
11320,Ni0.5Mo4.5O6
11321,NiMoO6
11322,Ni0.25Mo4.75O7
11323,Ni0.5Mo4.5O7
11324,NiMoO7
11325,Ni0.25Mo4.75O8
11326,Ni0.5Mo4.5O8
11327,NiMoO8
11328,Ni0.25Mo4.75O9
11329,Ni0.5Mo4.5O9
11330,NiMoO9
11331,Ni0.3Mo5.7O7
11332,Ni0.6Mo5.4O7
11333,Ni1.2Mo4.8O7
11334,Ni0.35Mo6.65O8
11335,Ni0.7Mo6.3O8
11336,Ni1.4Mo5.6O8
11337,Ni0.35Mo6.65O9
11338,Ni0.7Mo6.3O9
11339,Ni1.4Mo5.6O9
11340,Ni0.35Mo6.65O10
11341,Ni0.7Mo6.3O10
11342,Ni1.4Mo5.6O10
11343,Ni0.4Mo7.6O9
11344,Ni0.8Mo7.2O9
11345,Ni1.6Mo6.4O9
11346,Ni0.45Mo8.55O10
11347,Ni0.9Mo8.1O10
11348,Ni1.8Mo7.2O10
11349,Ru0.05Mo0.95O
11350,Ru0.1Mo0.9O
11351,Ru0.2Mo0.8O
11352,Ru0.05Mo0.95O2
11353,Ru0.1Mo0.9O2
11354,Ru0.2Mo0.8O2
11355,Ru0.05Mo0.95O3
11356,Ru0.1Mo0.9O3
11357,Ru0.2Mo0.8O3
11358,Ru0.05Mo0.95O4
11359,Ru0.1Mo0.9O4
11360,Ru0.2Mo0.8O4
11361,Ru0.05Mo0.95O5
11362,Ru0.1Mo0.9O5
11363,Ru0.2Mo0.8O5
11364,Ru0.05Mo0.95O6
11365,Ru0.1Mo0.9O6
11366,Ru0.2Mo0.8O6
11367,Ru0.05Mo0.95O7
11368,Ru0.1Mo0.9O7
11369,Ru0.2Mo0.8O7
11370,Ru0.05Mo0.95O8
11371,Ru0.1Mo0.9O8
11372,Ru0.2Mo0.8O8
11373,Ru0.05Mo0.95O9
11374,Ru0.1Mo0.9O9
11375,Ru0.2Mo0.8O9
11376,Ru0.05Mo0.95O10
11377,Ru0.1Mo0.9O10
11378,Ru0.2Mo0.8O10
11379,Ru0.1Mo1.9O3
11380,Ru0.2Mo1.8O3
11381,Ru0.4Mo1.6O3
11382,Ru0.1Mo1.9O5
11383,Ru0.2Mo1.8O5
11384,Ru0.4Mo1.6O5
11385,Ru0.1Mo1.9O7
11386,Ru0.2Mo1.8O7
11387,Ru0.4Mo1.6O7
11388,Ru0.1Mo1.9O9
11389,Ru0.2Mo1.8O9
11390,Ru0.4Mo1.6O9
11391,Ru0.15Mo2.85O4
11392,Ru0.3Mo2.7O4
11393,Ru0.6Mo2.4O4
11394,Ru0.15Mo2.85O5
11395,Ru0.3Mo2.7O5
11396,Ru0.6Mo2.4O5
11397,Ru0.15Mo2.85O7
11398,Ru0.3Mo2.7O7
11399,Ru0.6Mo2.4O7
11400,Ru0.15Mo2.85O8
11401,Ru0.3Mo2.7O8
11402,Ru0.6Mo2.4O8
11403,Ru0.15Mo2.85O10
11404,Ru0.3Mo2.7O10
11405,Ru0.6Mo2.4O10
11406,Ru0.2Mo3.8O5
11407,Ru0.4Mo3.6O5
11408,Ru0.8Mo3.2O5
11409,Ru0.2Mo3.8O7
11410,Ru0.4Mo3.6O7
11411,Ru0.8Mo3.2O7
11412,Ru0.2Mo3.8O9
11413,Ru0.4Mo3.6O9
11414,Ru0.8Mo3.2O9
11415,Ru0.25Mo4.75O6
11416,Ru0.5Mo4.5O6
11417,RuMoO6
11418,Ru0.25Mo4.75O7
11419,Ru0.5Mo4.5O7
11420,RuMoO7
11421,Ru0.25Mo4.75O8
11422,Ru0.5Mo4.5O8
11423,RuMoO8
11424,Ru0.25Mo4.75O9
11425,Ru0.5Mo4.5O9
11426,RuMoO9
11427,Ru0.3Mo5.7O7
11428,Ru0.6Mo5.4O7
11429,Ru1.2Mo4.8O7
11430,Ru0.35Mo6.65O8
11431,Ru0.7Mo6.3O8
11432,Ru1.4Mo5.6O8
11433,Ru0.35Mo6.65O9
11434,Ru0.7Mo6.3O9
11435,Ru1.4Mo5.6O9
11436,Ru0.35Mo6.65O10
11437,Ru0.7Mo6.3O10
11438,Ru1.4Mo5.6O10
11439,Ru0.4Mo7.6O9
11440,Ru0.8Mo7.2O9
11441,Ru1.6Mo6.4O9
11442,Ru0.45Mo8.55O10
11443,Ru0.9Mo8.1O10
11444,Ru1.8Mo7.2O10
11445,Pd0.05Mo0.95O
11446,Pd0.1Mo0.9O
11447,Pd0.2Mo0.8O
11448,Pd0.05Mo0.95O2
11449,Pd0.1Mo0.9O2
11450,Pd0.2Mo0.8O2
11451,Pd0.05Mo0.95O3
11452,Pd0.1Mo0.9O3
11453,Pd0.2Mo0.8O3
11454,Pd0.05Mo0.95O4
11455,Pd0.1Mo0.9O4
11456,Pd0.2Mo0.8O4
11457,Pd0.05Mo0.95O5
11458,Pd0.1Mo0.9O5
11459,Pd0.2Mo0.8O5
11460,Pd0.05Mo0.95O6
11461,Pd0.1Mo0.9O6
11462,Pd0.2Mo0.8O6
11463,Pd0.05Mo0.95O7
11464,Pd0.1Mo0.9O7
11465,Pd0.2Mo0.8O7
11466,Pd0.05Mo0.95O8
11467,Pd0.1Mo0.9O8
11468,Pd0.2Mo0.8O8
11469,Pd0.05Mo0.95O9
11470,Pd0.1Mo0.9O9
11471,Pd0.2Mo0.8O9
11472,Pd0.05Mo0.95O10
11473,Pd0.1Mo0.9O10
11474,Pd0.2Mo0.8O10
11475,Pd0.1Mo1.9O3
11476,Pd0.2Mo1.8O3
11477,Pd0.4Mo1.6O3
11478,Pd0.1Mo1.9O5
11479,Pd0.2Mo1.8O5
11480,Pd0.4Mo1.6O5
11481,Pd0.1Mo1.9O7
11482,Pd0.2Mo1.8O7
11483,Pd0.4Mo1.6O7
11484,Pd0.1Mo1.9O9
11485,Pd0.2Mo1.8O9
11486,Pd0.4Mo1.6O9
11487,Pd0.15Mo2.85O4
11488,Pd0.3Mo2.7O4
11489,Pd0.6Mo2.4O4
11490,Pd0.15Mo2.85O5
11491,Pd0.3Mo2.7O5
11492,Pd0.6Mo2.4O5
11493,Pd0.15Mo2.85O7
11494,Pd0.3Mo2.7O7
11495,Pd0.6Mo2.4O7
11496,Pd0.15Mo2.85O8
11497,Pd0.3Mo2.7O8
11498,Pd0.6Mo2.4O8
11499,Pd0.15Mo2.85O10
11500,Pd0.3Mo2.7O10
11501,Pd0.6Mo2.4O10
11502,Pd0.2Mo3.8O5
11503,Pd0.4Mo3.6O5
11504,Pd0.8Mo3.2O5
11505,Pd0.2Mo3.8O7
11506,Pd0.4Mo3.6O7
11507,Pd0.8Mo3.2O7
11508,Pd0.2Mo3.8O9
11509,Pd0.4Mo3.6O9
11510,Pd0.8Mo3.2O9
11511,Pd0.25Mo4.75O6
11512,Pd0.5Mo4.5O6
11513,PdMoO6
11514,Pd0.25Mo4.75O7
11515,Pd0.5Mo4.5O7
11516,PdMoO7
11517,Pd0.25Mo4.75O8
11518,Pd0.5Mo4.5O8
11519,PdMoO8
11520,Pd0.25Mo4.75O9
11521,Pd0.5Mo4.5O9
11522,PdMoO9
11523,Pd0.3Mo5.7O7
11524,Pd0.6Mo5.4O7
11525,Pd1.2Mo4.8O7
11526,Pd0.35Mo6.65O8
11527,Pd0.7Mo6.3O8
11528,Pd1.4Mo5.6O8
11529,Pd0.35Mo6.65O9
11530,Pd0.7Mo6.3O9
11531,Pd1.4Mo5.6O9
11532,Pd0.35Mo6.65O10
11533,Pd0.7Mo6.3O10
11534,Pd1.4Mo5.6O10
11535,Pd0.4Mo7.6O9
11536,Pd0.8Mo7.2O9
11537,Pd1.6Mo6.4O9
11538,Pd0.45Mo8.55O10
11539,Pd0.9Mo8.1O10
11540,Pd1.8Mo7.2O10
11541,Ag0.05Mo0.95O
11542,Ag0.1Mo0.9O
11543,Ag0.2Mo0.8O
11544,Ag0.05Mo0.95O2
11545,Ag0.1Mo0.9O2
11546,Ag0.2Mo0.8O2
11547,Ag0.05Mo0.95O3
11548,Ag0.1Mo0.9O3
11549,Ag0.2Mo0.8O3
11550,Ag0.05Mo0.95O4
11551,Ag0.1Mo0.9O4
11552,Ag0.2Mo0.8O4
11553,Ag0.05Mo0.95O5
11554,Ag0.1Mo0.9O5
11555,Ag0.2Mo0.8O5
11556,Ag0.05Mo0.95O6
11557,Ag0.1Mo0.9O6
11558,Ag0.2Mo0.8O6
11559,Ag0.05Mo0.95O7
11560,Ag0.1Mo0.9O7
11561,Ag0.2Mo0.8O7
11562,Ag0.05Mo0.95O8
11563,Ag0.1Mo0.9O8
11564,Ag0.2Mo0.8O8
11565,Ag0.05Mo0.95O9
11566,Ag0.1Mo0.9O9
11567,Ag0.2Mo0.8O9
11568,Ag0.05Mo0.95O10
11569,Ag0.1Mo0.9O10
11570,Ag0.2Mo0.8O10
11571,Ag0.1Mo1.9O3
11572,Ag0.2Mo1.8O3
11573,Ag0.4Mo1.6O3
11574,Ag0.1Mo1.9O5
11575,Ag0.2Mo1.8O5
11576,Ag0.4Mo1.6O5
11577,Ag0.1Mo1.9O7
11578,Ag0.2Mo1.8O7
11579,Ag0.4Mo1.6O7
11580,Ag0.1Mo1.9O9
11581,Ag0.2Mo1.8O9
11582,Ag0.4Mo1.6O9
11583,Ag0.15Mo2.85O4
11584,Ag0.3Mo2.7O4
11585,Ag0.6Mo2.4O4
11586,Ag0.15Mo2.85O5
11587,Ag0.3Mo2.7O5
11588,Ag0.6Mo2.4O5
11589,Ag0.15Mo2.85O7
11590,Ag0.3Mo2.7O7
11591,Ag0.6Mo2.4O7
11592,Ag0.15Mo2.85O8
11593,Ag0.3Mo2.7O8
11594,Ag0.6Mo2.4O8
11595,Ag0.15Mo2.85O10
11596,Ag0.3Mo2.7O10
11597,Ag0.6Mo2.4O10
11598,Ag0.2Mo3.8O5
11599,Ag0.4Mo3.6O5
11600,Ag0.8Mo3.2O5
11601,Ag0.2Mo3.8O7
11602,Ag0.4Mo3.6O7
11603,Ag0.8Mo3.2O7
11604,Ag0.2Mo3.8O9
11605,Ag0.4Mo3.6O9
11606,Ag0.8Mo3.2O9
11607,Ag0.25Mo4.75O6
11608,Ag0.5Mo4.5O6
11609,AgMoO6
11610,Ag0.25Mo4.75O7
11611,Ag0.5Mo4.5O7
11612,AgMoO7
11613,Ag0.25Mo4.75O8
11614,Ag0.5Mo4.5O8
11615,AgMoO8
11616,Ag0.25Mo4.75O9
11617,Ag0.5Mo4.5O9
11618,AgMoO9
11619,Ag0.3Mo5.7O7
11620,Ag0.6Mo5.4O7
11621,Ag1.2Mo4.8O7
11622,Ag0.35Mo6.65O8
11623,Ag0.7Mo6.3O8
11624,Ag1.4Mo5.6O8
11625,Ag0.35Mo6.65O9
11626,Ag0.7Mo6.3O9
11627,Ag1.4Mo5.6O9
11628,Ag0.35Mo6.65O10
11629,Ag0.7Mo6.3O10
11630,Ag1.4Mo5.6O10
11631,Ag0.4Mo7.6O9
11632,Ag0.8Mo7.2O9
11633,Ag1.6Mo6.4O9
11634,Ag0.45Mo8.55O10
11635,Ag0.9Mo8.1O10
11636,Ag1.8Mo7.2O10
11637,Pt0.05Mo0.95O
11638,Pt0.1Mo0.9O
11639,Pt0.2Mo0.8O
11640,Pt0.05Mo0.95O2
11641,Pt0.1Mo0.9O2
11642,Pt0.2Mo0.8O2
11643,Pt0.05Mo0.95O3
11644,Pt0.1Mo0.9O3
11645,Pt0.2Mo0.8O3
11646,Pt0.05Mo0.95O4
11647,Pt0.1Mo0.9O4
11648,Pt0.2Mo0.8O4
11649,Pt0.05Mo0.95O5
11650,Pt0.1Mo0.9O5
11651,Pt0.2Mo0.8O5
11652,Pt0.05Mo0.95O6
11653,Pt0.1Mo0.9O6
11654,Pt0.2Mo0.8O6
11655,Pt0.05Mo0.95O7
11656,Pt0.1Mo0.9O7
11657,Pt0.2Mo0.8O7
11658,Pt0.05Mo0.95O8
11659,Pt0.1Mo0.9O8
11660,Pt0.2Mo0.8O8
11661,Pt0.05Mo0.95O9
11662,Pt0.1Mo0.9O9
11663,Pt0.2Mo0.8O9
11664,Pt0.05Mo0.95O10
11665,Pt0.1Mo0.9O10
11666,Pt0.2Mo0.8O10
11667,Pt0.1Mo1.9O3
11668,Pt0.2Mo1.8O3
11669,Pt0.4Mo1.6O3
11670,Pt0.1Mo1.9O5
11671,Pt0.2Mo1.8O5
11672,Pt0.4Mo1.6O5
11673,Pt0.1Mo1.9O7
11674,Pt0.2Mo1.8O7
11675,Pt0.4Mo1.6O7
11676,Pt0.1Mo1.9O9
11677,Pt0.2Mo1.8O9
11678,Pt0.4Mo1.6O9
11679,Pt0.15Mo2.85O4
11680,Pt0.3Mo2.7O4
11681,Pt0.6Mo2.4O4
11682,Pt0.15Mo2.85O5
11683,Pt0.3Mo2.7O5
11684,Pt0.6Mo2.4O5
11685,Pt0.15Mo2.85O7
11686,Pt0.3Mo2.7O7
11687,Pt0.6Mo2.4O7
11688,Pt0.15Mo2.85O8
11689,Pt0.3Mo2.7O8
11690,Pt0.6Mo2.4O8
11691,Pt0.15Mo2.85O10
11692,Pt0.3Mo2.7O10
11693,Pt0.6Mo2.4O10
11694,Pt0.2Mo3.8O5
11695,Pt0.4Mo3.6O5
11696,Pt0.8Mo3.2O5
11697,Pt0.2Mo3.8O7
11698,Pt0.4Mo3.6O7
11699,Pt0.8Mo3.2O7
11700,Pt0.2Mo3.8O9
11701,Pt0.4Mo3.6O9
11702,Pt0.8Mo3.2O9
11703,Pt0.25Mo4.75O6
11704,Pt0.5Mo4.5O6
11705,PtMoO6
11706,Pt0.25Mo4.75O7
11707,Pt0.5Mo4.5O7
11708,PtMoO7
11709,Pt0.25Mo4.75O8
11710,Pt0.5Mo4.5O8
11711,PtMoO8
11712,Pt0.25Mo4.75O9
11713,Pt0.5Mo4.5O9
11714,PtMoO9
11715,Pt0.3Mo5.7O7
11716,Pt0.6Mo5.4O7
11717,Pt1.2Mo4.8O7
11718,Pt0.35Mo6.65O8
11719,Pt0.7Mo6.3O8
11720,Pt1.4Mo5.6O8
11721,Pt0.35Mo6.65O9
11722,Pt0.7Mo6.3O9
11723,Pt1.4Mo5.6O9
11724,Pt0.35Mo6.65O10
11725,Pt0.7Mo6.3O10
11726,Pt1.4Mo5.6O10
11727,Pt0.4Mo7.6O9
11728,Pt0.8Mo7.2O9
11729,Pt1.6Mo6.4O9
11730,Pt0.45Mo8.55O10
11731,Pt0.9Mo8.1O10
11732,Pt1.8Mo7.2O10
11733,Mn0.05Ru0.95O
11734,Mn0.1Ru0.9O
11735,Mn0.2Ru0.8O
11736,Mn0.05Ru0.95O2
11737,Mn0.1Ru0.9O2
11738,Mn0.2Ru0.8O2
11739,Mn0.05Ru0.95O3
11740,Mn0.1Ru0.9O3
11741,Mn0.2Ru0.8O3
11742,Mn0.05Ru0.95O4
11743,Mn0.1Ru0.9O4
11744,Mn0.2Ru0.8O4
11745,Mn0.05Ru0.95O5
11746,Mn0.1Ru0.9O5
11747,Mn0.2Ru0.8O5
11748,Mn0.05Ru0.95O6
11749,Mn0.1Ru0.9O6
11750,Mn0.2Ru0.8O6
11751,Mn0.05Ru0.95O7
11752,Mn0.1Ru0.9O7
11753,Mn0.2Ru0.8O7
11754,Mn0.05Ru0.95O8
11755,Mn0.1Ru0.9O8
11756,Mn0.2Ru0.8O8
11757,Mn0.05Ru0.95O9
11758,Mn0.1Ru0.9O9
11759,Mn0.2Ru0.8O9
11760,Mn0.05Ru0.95O10
11761,Mn0.1Ru0.9O10
11762,Mn0.2Ru0.8O10
11763,Mn0.1Ru1.9O3
11764,Mn0.2Ru1.8O3
11765,Mn0.4Ru1.6O3
11766,Mn0.1Ru1.9O5
11767,Mn0.2Ru1.8O5
11768,Mn0.4Ru1.6O5
11769,Mn0.1Ru1.9O7
11770,Mn0.2Ru1.8O7
11771,Mn0.4Ru1.6O7
11772,Mn0.1Ru1.9O9
11773,Mn0.2Ru1.8O9
11774,Mn0.4Ru1.6O9
11775,Mn0.15Ru2.85O4
11776,Mn0.3Ru2.7O4
11777,Mn0.6Ru2.4O4
11778,Mn0.15Ru2.85O5
11779,Mn0.3Ru2.7O5
11780,Mn0.6Ru2.4O5
11781,Mn0.15Ru2.85O7
11782,Mn0.3Ru2.7O7
11783,Mn0.6Ru2.4O7
11784,Mn0.15Ru2.85O8
11785,Mn0.3Ru2.7O8
11786,Mn0.6Ru2.4O8
11787,Mn0.15Ru2.85O10
11788,Mn0.3Ru2.7O10
11789,Mn0.6Ru2.4O10
11790,Mn0.2Ru3.8O5
11791,Mn0.4Ru3.6O5
11792,Mn0.8Ru3.2O5
11793,Mn0.2Ru3.8O7
11794,Mn0.4Ru3.6O7
11795,Mn0.8Ru3.2O7
11796,Mn0.2Ru3.8O9
11797,Mn0.4Ru3.6O9
11798,Mn0.8Ru3.2O9
11799,Mn0.25Ru4.75O6
11800,Mn0.5Ru4.5O6
11801,MnRuO6
11802,Mn0.25Ru4.75O7
11803,Mn0.5Ru4.5O7
11804,MnRuO7
11805,Mn0.25Ru4.75O8
11806,Mn0.5Ru4.5O8
11807,MnRuO8
11808,Mn0.25Ru4.75O9
11809,Mn0.5Ru4.5O9
11810,MnRuO9
11811,Mn0.3Ru5.7O7
11812,Mn0.6Ru5.4O7
11813,Mn1.2Ru4.8O7
11814,Mn0.35Ru6.65O8
11815,Mn0.7Ru6.3O8
11816,Mn1.4Ru5.6O8
11817,Mn0.35Ru6.65O9
11818,Mn0.7Ru6.3O9
11819,Mn1.4Ru5.6O9
11820,Mn0.35Ru6.65O10
11821,Mn0.7Ru6.3O10
11822,Mn1.4Ru5.6O10
11823,Mn0.4Ru7.6O9
11824,Mn0.8Ru7.2O9
11825,Mn1.6Ru6.4O9
11826,Mn0.45Ru8.55O10
11827,Mn0.9Ru8.1O10
11828,Mn1.8Ru7.2O10
11829,Fe0.05Ru0.95O
11830,Fe0.1Ru0.9O
11831,Fe0.2Ru0.8O
11832,Fe0.05Ru0.95O2
11833,Fe0.1Ru0.9O2
11834,Fe0.2Ru0.8O2
11835,Fe0.05Ru0.95O3
11836,Fe0.1Ru0.9O3
11837,Fe0.2Ru0.8O3
11838,Fe0.05Ru0.95O4
11839,Fe0.1Ru0.9O4
11840,Fe0.2Ru0.8O4
11841,Fe0.05Ru0.95O5
11842,Fe0.1Ru0.9O5
11843,Fe0.2Ru0.8O5
11844,Fe0.05Ru0.95O6
11845,Fe0.1Ru0.9O6
11846,Fe0.2Ru0.8O6
11847,Fe0.05Ru0.95O7
11848,Fe0.1Ru0.9O7
11849,Fe0.2Ru0.8O7
11850,Fe0.05Ru0.95O8
11851,Fe0.1Ru0.9O8
11852,Fe0.2Ru0.8O8
11853,Fe0.05Ru0.95O9
11854,Fe0.1Ru0.9O9
11855,Fe0.2Ru0.8O9
11856,Fe0.05Ru0.95O10
11857,Fe0.1Ru0.9O10
11858,Fe0.2Ru0.8O10
11859,Fe0.1Ru1.9O3
11860,Fe0.2Ru1.8O3
11861,Fe0.4Ru1.6O3
11862,Fe0.1Ru1.9O5
11863,Fe0.2Ru1.8O5
11864,Fe0.4Ru1.6O5
11865,Fe0.1Ru1.9O7
11866,Fe0.2Ru1.8O7
11867,Fe0.4Ru1.6O7
11868,Fe0.1Ru1.9O9
11869,Fe0.2Ru1.8O9
11870,Fe0.4Ru1.6O9
11871,Fe0.15Ru2.85O4
11872,Fe0.3Ru2.7O4
11873,Fe0.6Ru2.4O4
11874,Fe0.15Ru2.85O5
11875,Fe0.3Ru2.7O5
11876,Fe0.6Ru2.4O5
11877,Fe0.15Ru2.85O7
11878,Fe0.3Ru2.7O7
11879,Fe0.6Ru2.4O7
11880,Fe0.15Ru2.85O8
11881,Fe0.3Ru2.7O8
11882,Fe0.6Ru2.4O8
11883,Fe0.15Ru2.85O10
11884,Fe0.3Ru2.7O10
11885,Fe0.6Ru2.4O10
11886,Fe0.2Ru3.8O5
11887,Fe0.4Ru3.6O5
11888,Fe0.8Ru3.2O5
11889,Fe0.2Ru3.8O7
11890,Fe0.4Ru3.6O7
11891,Fe0.8Ru3.2O7
11892,Fe0.2Ru3.8O9
11893,Fe0.4Ru3.6O9
11894,Fe0.8Ru3.2O9
11895,Fe0.25Ru4.75O6
11896,Fe0.5Ru4.5O6
11897,FeRuO6
11898,Fe0.25Ru4.75O7
11899,Fe0.5Ru4.5O7
11900,FeRuO7
11901,Fe0.25Ru4.75O8
11902,Fe0.5Ru4.5O8
11903,FeRuO8
11904,Fe0.25Ru4.75O9
11905,Fe0.5Ru4.5O9
11906,FeRuO9
11907,Fe0.3Ru5.7O7
11908,Fe0.6Ru5.4O7
11909,Fe1.2Ru4.8O7
11910,Fe0.35Ru6.65O8
11911,Fe0.7Ru6.3O8
11912,Fe1.4Ru5.6O8
11913,Fe0.35Ru6.65O9
11914,Fe0.7Ru6.3O9
11915,Fe1.4Ru5.6O9
11916,Fe0.35Ru6.65O10
11917,Fe0.7Ru6.3O10
11918,Fe1.4Ru5.6O10
11919,Fe0.4Ru7.6O9
11920,Fe0.8Ru7.2O9
11921,Fe1.6Ru6.4O9
11922,Fe0.45Ru8.55O10
11923,Fe0.9Ru8.1O10
11924,Fe1.8Ru7.2O10
11925,Co0.05Ru0.95O
11926,Co0.1Ru0.9O
11927,Co0.2Ru0.8O
11928,Co0.05Ru0.95O2
11929,Co0.1Ru0.9O2
11930,Co0.2Ru0.8O2
11931,Co0.05Ru0.95O3
11932,Co0.1Ru0.9O3
11933,Co0.2Ru0.8O3
11934,Co0.05Ru0.95O4
11935,Co0.1Ru0.9O4
11936,Co0.2Ru0.8O4
11937,Co0.05Ru0.95O5
11938,Co0.1Ru0.9O5
11939,Co0.2Ru0.8O5
11940,Co0.05Ru0.95O6
11941,Co0.1Ru0.9O6
11942,Co0.2Ru0.8O6
11943,Co0.05Ru0.95O7
11944,Co0.1Ru0.9O7
11945,Co0.2Ru0.8O7
11946,Co0.05Ru0.95O8
11947,Co0.1Ru0.9O8
11948,Co0.2Ru0.8O8
11949,Co0.05Ru0.95O9
11950,Co0.1Ru0.9O9
11951,Co0.2Ru0.8O9
11952,Co0.05Ru0.95O10
11953,Co0.1Ru0.9O10
11954,Co0.2Ru0.8O10
11955,Co0.1Ru1.9O3
11956,Co0.2Ru1.8O3
11957,Co0.4Ru1.6O3
11958,Co0.1Ru1.9O5
11959,Co0.2Ru1.8O5
11960,Co0.4Ru1.6O5
11961,Co0.1Ru1.9O7
11962,Co0.2Ru1.8O7
11963,Co0.4Ru1.6O7
11964,Co0.1Ru1.9O9
11965,Co0.2Ru1.8O9
11966,Co0.4Ru1.6O9
11967,Co0.15Ru2.85O4
11968,Co0.3Ru2.7O4
11969,Co0.6Ru2.4O4
11970,Co0.15Ru2.85O5
11971,Co0.3Ru2.7O5
11972,Co0.6Ru2.4O5
11973,Co0.15Ru2.85O7
11974,Co0.3Ru2.7O7
11975,Co0.6Ru2.4O7
11976,Co0.15Ru2.85O8
11977,Co0.3Ru2.7O8
11978,Co0.6Ru2.4O8
11979,Co0.15Ru2.85O10
11980,Co0.3Ru2.7O10
11981,Co0.6Ru2.4O10
11982,Co0.2Ru3.8O5
11983,Co0.4Ru3.6O5
11984,Co0.8Ru3.2O5
11985,Co0.2Ru3.8O7
11986,Co0.4Ru3.6O7
11987,Co0.8Ru3.2O7
11988,Co0.2Ru3.8O9
11989,Co0.4Ru3.6O9
11990,Co0.8Ru3.2O9
11991,Co0.25Ru4.75O6
11992,Co0.5Ru4.5O6
11993,CoRuO6
11994,Co0.25Ru4.75O7
11995,Co0.5Ru4.5O7
11996,CoRuO7
11997,Co0.25Ru4.75O8
11998,Co0.5Ru4.5O8
11999,CoRuO8
12000,Co0.25Ru4.75O9
12001,Co0.5Ru4.5O9
12002,CoRuO9
12003,Co0.3Ru5.7O7
12004,Co0.6Ru5.4O7
12005,Co1.2Ru4.8O7
12006,Co0.35Ru6.65O8
12007,Co0.7Ru6.3O8
12008,Co1.4Ru5.6O8
12009,Co0.35Ru6.65O9
12010,Co0.7Ru6.3O9
12011,Co1.4Ru5.6O9
12012,Co0.35Ru6.65O10
12013,Co0.7Ru6.3O10
12014,Co1.4Ru5.6O10
12015,Co0.4Ru7.6O9
12016,Co0.8Ru7.2O9
12017,Co1.6Ru6.4O9
12018,Co0.45Ru8.55O10
12019,Co0.9Ru8.1O10
12020,Co1.8Ru7.2O10
12021,Ni0.05Ru0.95O
12022,Ni0.1Ru0.9O
12023,Ni0.2Ru0.8O
12024,Ni0.05Ru0.95O2
12025,Ni0.1Ru0.9O2
12026,Ni0.2Ru0.8O2
12027,Ni0.05Ru0.95O3
12028,Ni0.1Ru0.9O3
12029,Ni0.2Ru0.8O3
12030,Ni0.05Ru0.95O4
12031,Ni0.1Ru0.9O4
12032,Ni0.2Ru0.8O4
12033,Ni0.05Ru0.95O5
12034,Ni0.1Ru0.9O5
12035,Ni0.2Ru0.8O5
12036,Ni0.05Ru0.95O6
12037,Ni0.1Ru0.9O6
12038,Ni0.2Ru0.8O6
12039,Ni0.05Ru0.95O7
12040,Ni0.1Ru0.9O7
12041,Ni0.2Ru0.8O7
12042,Ni0.05Ru0.95O8
12043,Ni0.1Ru0.9O8
12044,Ni0.2Ru0.8O8
12045,Ni0.05Ru0.95O9
12046,Ni0.1Ru0.9O9
12047,Ni0.2Ru0.8O9
12048,Ni0.05Ru0.95O10
12049,Ni0.1Ru0.9O10
12050,Ni0.2Ru0.8O10
12051,Ni0.1Ru1.9O3
12052,Ni0.2Ru1.8O3
12053,Ni0.4Ru1.6O3
12054,Ni0.1Ru1.9O5
12055,Ni0.2Ru1.8O5
12056,Ni0.4Ru1.6O5
12057,Ni0.1Ru1.9O7
12058,Ni0.2Ru1.8O7
12059,Ni0.4Ru1.6O7
12060,Ni0.1Ru1.9O9
12061,Ni0.2Ru1.8O9
12062,Ni0.4Ru1.6O9
12063,Ni0.15Ru2.85O4
12064,Ni0.3Ru2.7O4
12065,Ni0.6Ru2.4O4
12066,Ni0.15Ru2.85O5
12067,Ni0.3Ru2.7O5
12068,Ni0.6Ru2.4O5
12069,Ni0.15Ru2.85O7
12070,Ni0.3Ru2.7O7
12071,Ni0.6Ru2.4O7
12072,Ni0.15Ru2.85O8
12073,Ni0.3Ru2.7O8
12074,Ni0.6Ru2.4O8
12075,Ni0.15Ru2.85O10
12076,Ni0.3Ru2.7O10
12077,Ni0.6Ru2.4O10
12078,Ni0.2Ru3.8O5
12079,Ni0.4Ru3.6O5
12080,Ni0.8Ru3.2O5
12081,Ni0.2Ru3.8O7
12082,Ni0.4Ru3.6O7
12083,Ni0.8Ru3.2O7
12084,Ni0.2Ru3.8O9
12085,Ni0.4Ru3.6O9
12086,Ni0.8Ru3.2O9
12087,Ni0.25Ru4.75O6
12088,Ni0.5Ru4.5O6
12089,NiRuO6
12090,Ni0.25Ru4.75O7
12091,Ni0.5Ru4.5O7
12092,NiRuO7
12093,Ni0.25Ru4.75O8
12094,Ni0.5Ru4.5O8
12095,NiRuO8
12096,Ni0.25Ru4.75O9
12097,Ni0.5Ru4.5O9
12098,NiRuO9
12099,Ni0.3Ru5.7O7
12100,Ni0.6Ru5.4O7
12101,Ni1.2Ru4.8O7
12102,Ni0.35Ru6.65O8
12103,Ni0.7Ru6.3O8
12104,Ni1.4Ru5.6O8
12105,Ni0.35Ru6.65O9
12106,Ni0.7Ru6.3O9
12107,Ni1.4Ru5.6O9
12108,Ni0.35Ru6.65O10
12109,Ni0.7Ru6.3O10
12110,Ni1.4Ru5.6O10
12111,Ni0.4Ru7.6O9
12112,Ni0.8Ru7.2O9
12113,Ni1.6Ru6.4O9
12114,Ni0.45Ru8.55O10
12115,Ni0.9Ru8.1O10
12116,Ni1.8Ru7.2O10
12117,Pd0.05Ru0.95O
12118,Pd0.1Ru0.9O
12119,Pd0.2Ru0.8O
12120,Pd0.05Ru0.95O2
12121,Pd0.1Ru0.9O2
12122,Pd0.2Ru0.8O2
12123,Pd0.05Ru0.95O3
12124,Pd0.1Ru0.9O3
12125,Pd0.2Ru0.8O3
12126,Pd0.05Ru0.95O4
12127,Pd0.1Ru0.9O4
12128,Pd0.2Ru0.8O4
12129,Pd0.05Ru0.95O5
12130,Pd0.1Ru0.9O5
12131,Pd0.2Ru0.8O5
12132,Pd0.05Ru0.95O6
12133,Pd0.1Ru0.9O6
12134,Pd0.2Ru0.8O6
12135,Pd0.05Ru0.95O7
12136,Pd0.1Ru0.9O7
12137,Pd0.2Ru0.8O7
12138,Pd0.05Ru0.95O8
12139,Pd0.1Ru0.9O8
12140,Pd0.2Ru0.8O8
12141,Pd0.05Ru0.95O9
12142,Pd0.1Ru0.9O9
12143,Pd0.2Ru0.8O9
12144,Pd0.05Ru0.95O10
12145,Pd0.1Ru0.9O10
12146,Pd0.2Ru0.8O10
12147,Pd0.1Ru1.9O3
12148,Pd0.2Ru1.8O3
12149,Pd0.4Ru1.6O3
12150,Pd0.1Ru1.9O5
12151,Pd0.2Ru1.8O5
12152,Pd0.4Ru1.6O5
12153,Pd0.1Ru1.9O7
12154,Pd0.2Ru1.8O7
12155,Pd0.4Ru1.6O7
12156,Pd0.1Ru1.9O9
12157,Pd0.2Ru1.8O9
12158,Pd0.4Ru1.6O9
12159,Pd0.15Ru2.85O4
12160,Pd0.3Ru2.7O4
12161,Pd0.6Ru2.4O4
12162,Pd0.15Ru2.85O5
12163,Pd0.3Ru2.7O5
12164,Pd0.6Ru2.4O5
12165,Pd0.15Ru2.85O7
12166,Pd0.3Ru2.7O7
12167,Pd0.6Ru2.4O7
12168,Pd0.15Ru2.85O8
12169,Pd0.3Ru2.7O8
12170,Pd0.6Ru2.4O8
12171,Pd0.15Ru2.85O10
12172,Pd0.3Ru2.7O10
12173,Pd0.6Ru2.4O10
12174,Pd0.2Ru3.8O5
12175,Pd0.4Ru3.6O5
12176,Pd0.8Ru3.2O5
12177,Pd0.2Ru3.8O7
12178,Pd0.4Ru3.6O7
12179,Pd0.8Ru3.2O7
12180,Pd0.2Ru3.8O9
12181,Pd0.4Ru3.6O9
12182,Pd0.8Ru3.2O9
12183,Pd0.25Ru4.75O6
12184,Pd0.5Ru4.5O6
12185,PdRuO6
12186,Pd0.25Ru4.75O7
12187,Pd0.5Ru4.5O7
12188,PdRuO7
12189,Pd0.25Ru4.75O8
12190,Pd0.5Ru4.5O8
12191,PdRuO8
12192,Pd0.25Ru4.75O9
12193,Pd0.5Ru4.5O9
12194,PdRuO9
12195,Pd0.3Ru5.7O7
12196,Pd0.6Ru5.4O7
12197,Pd1.2Ru4.8O7
12198,Pd0.35Ru6.65O8
12199,Pd0.7Ru6.3O8
12200,Pd1.4Ru5.6O8
12201,Pd0.35Ru6.65O9
12202,Pd0.7Ru6.3O9
12203,Pd1.4Ru5.6O9
12204,Pd0.35Ru6.65O10
12205,Pd0.7Ru6.3O10
12206,Pd1.4Ru5.6O10
12207,Pd0.4Ru7.6O9
12208,Pd0.8Ru7.2O9
12209,Pd1.6Ru6.4O9
12210,Pd0.45Ru8.55O10
12211,Pd0.9Ru8.1O10
12212,Pd1.8Ru7.2O10
12213,Ag0.05Ru0.95O
12214,Ag0.1Ru0.9O
12215,Ag0.2Ru0.8O
12216,Ag0.05Ru0.95O2
12217,Ag0.1Ru0.9O2
12218,Ag0.2Ru0.8O2
12219,Ag0.05Ru0.95O3
12220,Ag0.1Ru0.9O3
12221,Ag0.2Ru0.8O3
12222,Ag0.05Ru0.95O4
12223,Ag0.1Ru0.9O4
12224,Ag0.2Ru0.8O4
12225,Ag0.05Ru0.95O5
12226,Ag0.1Ru0.9O5
12227,Ag0.2Ru0.8O5
12228,Ag0.05Ru0.95O6
12229,Ag0.1Ru0.9O6
12230,Ag0.2Ru0.8O6
12231,Ag0.05Ru0.95O7
12232,Ag0.1Ru0.9O7
12233,Ag0.2Ru0.8O7
12234,Ag0.05Ru0.95O8
12235,Ag0.1Ru0.9O8
12236,Ag0.2Ru0.8O8
12237,Ag0.05Ru0.95O9
12238,Ag0.1Ru0.9O9
12239,Ag0.2Ru0.8O9
12240,Ag0.05Ru0.95O10
12241,Ag0.1Ru0.9O10
12242,Ag0.2Ru0.8O10
12243,Ag0.1Ru1.9O3
12244,Ag0.2Ru1.8O3
12245,Ag0.4Ru1.6O3
12246,Ag0.1Ru1.9O5
12247,Ag0.2Ru1.8O5
12248,Ag0.4Ru1.6O5
12249,Ag0.1Ru1.9O7
12250,Ag0.2Ru1.8O7
12251,Ag0.4Ru1.6O7
12252,Ag0.1Ru1.9O9
12253,Ag0.2Ru1.8O9
12254,Ag0.4Ru1.6O9
12255,Ag0.15Ru2.85O4
12256,Ag0.3Ru2.7O4
12257,Ag0.6Ru2.4O4
12258,Ag0.15Ru2.85O5
12259,Ag0.3Ru2.7O5
12260,Ag0.6Ru2.4O5
12261,Ag0.15Ru2.85O7
12262,Ag0.3Ru2.7O7
12263,Ag0.6Ru2.4O7
12264,Ag0.15Ru2.85O8
12265,Ag0.3Ru2.7O8
12266,Ag0.6Ru2.4O8
12267,Ag0.15Ru2.85O10
12268,Ag0.3Ru2.7O10
12269,Ag0.6Ru2.4O10
12270,Ag0.2Ru3.8O5
12271,Ag0.4Ru3.6O5
12272,Ag0.8Ru3.2O5
12273,Ag0.2Ru3.8O7
12274,Ag0.4Ru3.6O7
12275,Ag0.8Ru3.2O7
12276,Ag0.2Ru3.8O9
12277,Ag0.4Ru3.6O9
12278,Ag0.8Ru3.2O9
12279,Ag0.25Ru4.75O6
12280,Ag0.5Ru4.5O6
12281,AgRuO6
12282,Ag0.25Ru4.75O7
12283,Ag0.5Ru4.5O7
12284,AgRuO7
12285,Ag0.25Ru4.75O8
12286,Ag0.5Ru4.5O8
12287,AgRuO8
12288,Ag0.25Ru4.75O9
12289,Ag0.5Ru4.5O9
12290,AgRuO9
12291,Ag0.3Ru5.7O7
12292,Ag0.6Ru5.4O7
12293,Ag1.2Ru4.8O7
12294,Ag0.35Ru6.65O8
12295,Ag0.7Ru6.3O8
12296,Ag1.4Ru5.6O8
12297,Ag0.35Ru6.65O9
12298,Ag0.7Ru6.3O9
12299,Ag1.4Ru5.6O9
12300,Ag0.35Ru6.65O10
12301,Ag0.7Ru6.3O10
12302,Ag1.4Ru5.6O10
12303,Ag0.4Ru7.6O9
12304,Ag0.8Ru7.2O9
12305,Ag1.6Ru6.4O9
12306,Ag0.45Ru8.55O10
12307,Ag0.9Ru8.1O10
12308,Ag1.8Ru7.2O10
12309,Pt0.05Ru0.95O
12310,Pt0.1Ru0.9O
12311,Pt0.2Ru0.8O
12312,Pt0.05Ru0.95O2
12313,Pt0.1Ru0.9O2
12314,Pt0.2Ru0.8O2
12315,Pt0.05Ru0.95O3
12316,Pt0.1Ru0.9O3
12317,Pt0.2Ru0.8O3
12318,Pt0.05Ru0.95O4
12319,Pt0.1Ru0.9O4
12320,Pt0.2Ru0.8O4
12321,Pt0.05Ru0.95O5
12322,Pt0.1Ru0.9O5
12323,Pt0.2Ru0.8O5
12324,Pt0.05Ru0.95O6
12325,Pt0.1Ru0.9O6
12326,Pt0.2Ru0.8O6
12327,Pt0.05Ru0.95O7
12328,Pt0.1Ru0.9O7
12329,Pt0.2Ru0.8O7
12330,Pt0.05Ru0.95O8
12331,Pt0.1Ru0.9O8
12332,Pt0.2Ru0.8O8
12333,Pt0.05Ru0.95O9
12334,Pt0.1Ru0.9O9
12335,Pt0.2Ru0.8O9
12336,Pt0.05Ru0.95O10
12337,Pt0.1Ru0.9O10
12338,Pt0.2Ru0.8O10
12339,Pt0.1Ru1.9O3
12340,Pt0.2Ru1.8O3
12341,Pt0.4Ru1.6O3
12342,Pt0.1Ru1.9O5
12343,Pt0.2Ru1.8O5
12344,Pt0.4Ru1.6O5
12345,Pt0.1Ru1.9O7
12346,Pt0.2Ru1.8O7
12347,Pt0.4Ru1.6O7
12348,Pt0.1Ru1.9O9
12349,Pt0.2Ru1.8O9
12350,Pt0.4Ru1.6O9
12351,Pt0.15Ru2.85O4
12352,Pt0.3Ru2.7O4
12353,Pt0.6Ru2.4O4
12354,Pt0.15Ru2.85O5
12355,Pt0.3Ru2.7O5
12356,Pt0.6Ru2.4O5
12357,Pt0.15Ru2.85O7
12358,Pt0.3Ru2.7O7
12359,Pt0.6Ru2.4O7
12360,Pt0.15Ru2.85O8
12361,Pt0.3Ru2.7O8
12362,Pt0.6Ru2.4O8
12363,Pt0.15Ru2.85O10
12364,Pt0.3Ru2.7O10
12365,Pt0.6Ru2.4O10
12366,Pt0.2Ru3.8O5
12367,Pt0.4Ru3.6O5
12368,Pt0.8Ru3.2O5
12369,Pt0.2Ru3.8O7
12370,Pt0.4Ru3.6O7
12371,Pt0.8Ru3.2O7
12372,Pt0.2Ru3.8O9
12373,Pt0.4Ru3.6O9
12374,Pt0.8Ru3.2O9
12375,Pt0.25Ru4.75O6
12376,Pt0.5Ru4.5O6
12377,PtRuO6
12378,Pt0.25Ru4.75O7
12379,Pt0.5Ru4.5O7
12380,PtRuO7
12381,Pt0.25Ru4.75O8
12382,Pt0.5Ru4.5O8
12383,PtRuO8
12384,Pt0.25Ru4.75O9
12385,Pt0.5Ru4.5O9
12386,PtRuO9
12387,Pt0.3Ru5.7O7
12388,Pt0.6Ru5.4O7
12389,Pt1.2Ru4.8O7
12390,Pt0.35Ru6.65O8
12391,Pt0.7Ru6.3O8
12392,Pt1.4Ru5.6O8
12393,Pt0.35Ru6.65O9
12394,Pt0.7Ru6.3O9
12395,Pt1.4Ru5.6O9
12396,Pt0.35Ru6.65O10
12397,Pt0.7Ru6.3O10
12398,Pt1.4Ru5.6O10
12399,Pt0.4Ru7.6O9
12400,Pt0.8Ru7.2O9
12401,Pt1.6Ru6.4O9
12402,Pt0.45Ru8.55O10
12403,Pt0.9Ru8.1O10
12404,Pt1.8Ru7.2O10
12405,Mn0.05Rh0.95O
12406,Mn0.1Rh0.9O
12407,Mn0.2Rh0.8O
12408,Mn0.05Rh0.95O2
12409,Mn0.1Rh0.9O2
12410,Mn0.2Rh0.8O2
12411,Mn0.05Rh0.95O3
12412,Mn0.1Rh0.9O3
12413,Mn0.2Rh0.8O3
12414,Mn0.05Rh0.95O4
12415,Mn0.1Rh0.9O4
12416,Mn0.2Rh0.8O4
12417,Mn0.05Rh0.95O5
12418,Mn0.1Rh0.9O5
12419,Mn0.2Rh0.8O5
12420,Mn0.05Rh0.95O6
12421,Mn0.1Rh0.9O6
12422,Mn0.2Rh0.8O6
12423,Mn0.05Rh0.95O7
12424,Mn0.1Rh0.9O7
12425,Mn0.2Rh0.8O7
12426,Mn0.05Rh0.95O8
12427,Mn0.1Rh0.9O8
12428,Mn0.2Rh0.8O8
12429,Mn0.05Rh0.95O9
12430,Mn0.1Rh0.9O9
12431,Mn0.2Rh0.8O9
12432,Mn0.05Rh0.95O10
12433,Mn0.1Rh0.9O10
12434,Mn0.2Rh0.8O10
12435,Mn0.1Rh1.9O3
12436,Mn0.2Rh1.8O3
12437,Mn0.4Rh1.6O3
12438,Mn0.1Rh1.9O5
12439,Mn0.2Rh1.8O5
12440,Mn0.4Rh1.6O5
12441,Mn0.1Rh1.9O7
12442,Mn0.2Rh1.8O7
12443,Mn0.4Rh1.6O7
12444,Mn0.1Rh1.9O9
12445,Mn0.2Rh1.8O9
12446,Mn0.4Rh1.6O9
12447,Mn0.15Rh2.85O4
12448,Mn0.3Rh2.7O4
12449,Mn0.6Rh2.4O4
12450,Mn0.15Rh2.85O5
12451,Mn0.3Rh2.7O5
12452,Mn0.6Rh2.4O5
12453,Mn0.15Rh2.85O7
12454,Mn0.3Rh2.7O7
12455,Mn0.6Rh2.4O7
12456,Mn0.15Rh2.85O8
12457,Mn0.3Rh2.7O8
12458,Mn0.6Rh2.4O8
12459,Mn0.15Rh2.85O10
12460,Mn0.3Rh2.7O10
12461,Mn0.6Rh2.4O10
12462,Mn0.2Rh3.8O5
12463,Mn0.4Rh3.6O5
12464,Mn0.8Rh3.2O5
12465,Mn0.2Rh3.8O7
12466,Mn0.4Rh3.6O7
12467,Mn0.8Rh3.2O7
12468,Mn0.2Rh3.8O9
12469,Mn0.4Rh3.6O9
12470,Mn0.8Rh3.2O9
12471,Mn0.25Rh4.75O6
12472,Mn0.5Rh4.5O6
12473,MnRhO6
12474,Mn0.25Rh4.75O7
12475,Mn0.5Rh4.5O7
12476,MnRhO7
12477,Mn0.25Rh4.75O8
12478,Mn0.5Rh4.5O8
12479,MnRhO8
12480,Mn0.25Rh4.75O9
12481,Mn0.5Rh4.5O9
12482,MnRhO9
12483,Mn0.3Rh5.7O7
12484,Mn0.6Rh5.4O7
12485,Mn1.2Rh4.8O7
12486,Mn0.35Rh6.65O8
12487,Mn0.7Rh6.3O8
12488,Mn1.4Rh5.6O8
12489,Mn0.35Rh6.65O9
12490,Mn0.7Rh6.3O9
12491,Mn1.4Rh5.6O9
12492,Mn0.35Rh6.65O10
12493,Mn0.7Rh6.3O10
12494,Mn1.4Rh5.6O10
12495,Mn0.4Rh7.6O9
12496,Mn0.8Rh7.2O9
12497,Mn1.6Rh6.4O9
12498,Mn0.45Rh8.55O10
12499,Mn0.9Rh8.1O10
12500,Mn1.8Rh7.2O10
12501,Fe0.05Rh0.95O
12502,Fe0.1Rh0.9O
12503,Fe0.2Rh0.8O
12504,Fe0.05Rh0.95O2
12505,Fe0.1Rh0.9O2
12506,Fe0.2Rh0.8O2
12507,Fe0.05Rh0.95O3
12508,Fe0.1Rh0.9O3
12509,Fe0.2Rh0.8O3
12510,Fe0.05Rh0.95O4
12511,Fe0.1Rh0.9O4
12512,Fe0.2Rh0.8O4
12513,Fe0.05Rh0.95O5
12514,Fe0.1Rh0.9O5
12515,Fe0.2Rh0.8O5
12516,Fe0.05Rh0.95O6
12517,Fe0.1Rh0.9O6
12518,Fe0.2Rh0.8O6
12519,Fe0.05Rh0.95O7
12520,Fe0.1Rh0.9O7
12521,Fe0.2Rh0.8O7
12522,Fe0.05Rh0.95O8
12523,Fe0.1Rh0.9O8
12524,Fe0.2Rh0.8O8
12525,Fe0.05Rh0.95O9
12526,Fe0.1Rh0.9O9
12527,Fe0.2Rh0.8O9
12528,Fe0.05Rh0.95O10
12529,Fe0.1Rh0.9O10
12530,Fe0.2Rh0.8O10
12531,Fe0.1Rh1.9O3
12532,Fe0.2Rh1.8O3
12533,Fe0.4Rh1.6O3
12534,Fe0.1Rh1.9O5
12535,Fe0.2Rh1.8O5
12536,Fe0.4Rh1.6O5
12537,Fe0.1Rh1.9O7
12538,Fe0.2Rh1.8O7
12539,Fe0.4Rh1.6O7
12540,Fe0.1Rh1.9O9
12541,Fe0.2Rh1.8O9
12542,Fe0.4Rh1.6O9
12543,Fe0.15Rh2.85O4
12544,Fe0.3Rh2.7O4
12545,Fe0.6Rh2.4O4
12546,Fe0.15Rh2.85O5
12547,Fe0.3Rh2.7O5
12548,Fe0.6Rh2.4O5
12549,Fe0.15Rh2.85O7
12550,Fe0.3Rh2.7O7
12551,Fe0.6Rh2.4O7
12552,Fe0.15Rh2.85O8
12553,Fe0.3Rh2.7O8
12554,Fe0.6Rh2.4O8
12555,Fe0.15Rh2.85O10
12556,Fe0.3Rh2.7O10
12557,Fe0.6Rh2.4O10
12558,Fe0.2Rh3.8O5
12559,Fe0.4Rh3.6O5
12560,Fe0.8Rh3.2O5
12561,Fe0.2Rh3.8O7
12562,Fe0.4Rh3.6O7
12563,Fe0.8Rh3.2O7
12564,Fe0.2Rh3.8O9
12565,Fe0.4Rh3.6O9
12566,Fe0.8Rh3.2O9
12567,Fe0.25Rh4.75O6
12568,Fe0.5Rh4.5O6
12569,FeRhO6
12570,Fe0.25Rh4.75O7
12571,Fe0.5Rh4.5O7
12572,FeRhO7
12573,Fe0.25Rh4.75O8
12574,Fe0.5Rh4.5O8
12575,FeRhO8
12576,Fe0.25Rh4.75O9
12577,Fe0.5Rh4.5O9
12578,FeRhO9
12579,Fe0.3Rh5.7O7
12580,Fe0.6Rh5.4O7
12581,Fe1.2Rh4.8O7
12582,Fe0.35Rh6.65O8
12583,Fe0.7Rh6.3O8
12584,Fe1.4Rh5.6O8
12585,Fe0.35Rh6.65O9
12586,Fe0.7Rh6.3O9
12587,Fe1.4Rh5.6O9
12588,Fe0.35Rh6.65O10
12589,Fe0.7Rh6.3O10
12590,Fe1.4Rh5.6O10
12591,Fe0.4Rh7.6O9
12592,Fe0.8Rh7.2O9
12593,Fe1.6Rh6.4O9
12594,Fe0.45Rh8.55O10
12595,Fe0.9Rh8.1O10
12596,Fe1.8Rh7.2O10
12597,Co0.05Rh0.95O
12598,Co0.1Rh0.9O
12599,Co0.2Rh0.8O
12600,Co0.05Rh0.95O2
12601,Co0.1Rh0.9O2
12602,Co0.2Rh0.8O2
12603,Co0.05Rh0.95O3
12604,Co0.1Rh0.9O3
12605,Co0.2Rh0.8O3
12606,Co0.05Rh0.95O4
12607,Co0.1Rh0.9O4
12608,Co0.2Rh0.8O4
12609,Co0.05Rh0.95O5
12610,Co0.1Rh0.9O5
12611,Co0.2Rh0.8O5
12612,Co0.05Rh0.95O6
12613,Co0.1Rh0.9O6
12614,Co0.2Rh0.8O6
12615,Co0.05Rh0.95O7
12616,Co0.1Rh0.9O7
12617,Co0.2Rh0.8O7
12618,Co0.05Rh0.95O8
12619,Co0.1Rh0.9O8
12620,Co0.2Rh0.8O8
12621,Co0.05Rh0.95O9
12622,Co0.1Rh0.9O9
12623,Co0.2Rh0.8O9
12624,Co0.05Rh0.95O10
12625,Co0.1Rh0.9O10
12626,Co0.2Rh0.8O10
12627,Co0.1Rh1.9O3
12628,Co0.2Rh1.8O3
12629,Co0.4Rh1.6O3
12630,Co0.1Rh1.9O5
12631,Co0.2Rh1.8O5
12632,Co0.4Rh1.6O5
12633,Co0.1Rh1.9O7
12634,Co0.2Rh1.8O7
12635,Co0.4Rh1.6O7
12636,Co0.1Rh1.9O9
12637,Co0.2Rh1.8O9
12638,Co0.4Rh1.6O9
12639,Co0.15Rh2.85O4
12640,Co0.3Rh2.7O4
12641,Co0.6Rh2.4O4
12642,Co0.15Rh2.85O5
12643,Co0.3Rh2.7O5
12644,Co0.6Rh2.4O5
12645,Co0.15Rh2.85O7
12646,Co0.3Rh2.7O7
12647,Co0.6Rh2.4O7
12648,Co0.15Rh2.85O8
12649,Co0.3Rh2.7O8
12650,Co0.6Rh2.4O8
12651,Co0.15Rh2.85O10
12652,Co0.3Rh2.7O10
12653,Co0.6Rh2.4O10
12654,Co0.2Rh3.8O5
12655,Co0.4Rh3.6O5
12656,Co0.8Rh3.2O5
12657,Co0.2Rh3.8O7
12658,Co0.4Rh3.6O7
12659,Co0.8Rh3.2O7
12660,Co0.2Rh3.8O9
12661,Co0.4Rh3.6O9
12662,Co0.8Rh3.2O9
12663,Co0.25Rh4.75O6
12664,Co0.5Rh4.5O6
12665,CoRhO6
12666,Co0.25Rh4.75O7
12667,Co0.5Rh4.5O7
12668,CoRhO7
12669,Co0.25Rh4.75O8
12670,Co0.5Rh4.5O8
12671,CoRhO8
12672,Co0.25Rh4.75O9
12673,Co0.5Rh4.5O9
12674,CoRhO9
12675,Co0.3Rh5.7O7
12676,Co0.6Rh5.4O7
12677,Co1.2Rh4.8O7
12678,Co0.35Rh6.65O8
12679,Co0.7Rh6.3O8
12680,Co1.4Rh5.6O8
12681,Co0.35Rh6.65O9
12682,Co0.7Rh6.3O9
12683,Co1.4Rh5.6O9
12684,Co0.35Rh6.65O10
12685,Co0.7Rh6.3O10
12686,Co1.4Rh5.6O10
12687,Co0.4Rh7.6O9
12688,Co0.8Rh7.2O9
12689,Co1.6Rh6.4O9
12690,Co0.45Rh8.55O10
12691,Co0.9Rh8.1O10
12692,Co1.8Rh7.2O10
12693,Ni0.05Rh0.95O
12694,Ni0.1Rh0.9O
12695,Ni0.2Rh0.8O
12696,Ni0.05Rh0.95O2
12697,Ni0.1Rh0.9O2
12698,Ni0.2Rh0.8O2
12699,Ni0.05Rh0.95O3
12700,Ni0.1Rh0.9O3
12701,Ni0.2Rh0.8O3
12702,Ni0.05Rh0.95O4
12703,Ni0.1Rh0.9O4
12704,Ni0.2Rh0.8O4
12705,Ni0.05Rh0.95O5
12706,Ni0.1Rh0.9O5
12707,Ni0.2Rh0.8O5
12708,Ni0.05Rh0.95O6
12709,Ni0.1Rh0.9O6
12710,Ni0.2Rh0.8O6
12711,Ni0.05Rh0.95O7
12712,Ni0.1Rh0.9O7
12713,Ni0.2Rh0.8O7
12714,Ni0.05Rh0.95O8
12715,Ni0.1Rh0.9O8
12716,Ni0.2Rh0.8O8
12717,Ni0.05Rh0.95O9
12718,Ni0.1Rh0.9O9
12719,Ni0.2Rh0.8O9
12720,Ni0.05Rh0.95O10
12721,Ni0.1Rh0.9O10
12722,Ni0.2Rh0.8O10
12723,Ni0.1Rh1.9O3
12724,Ni0.2Rh1.8O3
12725,Ni0.4Rh1.6O3
12726,Ni0.1Rh1.9O5
12727,Ni0.2Rh1.8O5
12728,Ni0.4Rh1.6O5
12729,Ni0.1Rh1.9O7
12730,Ni0.2Rh1.8O7
12731,Ni0.4Rh1.6O7
12732,Ni0.1Rh1.9O9
12733,Ni0.2Rh1.8O9
12734,Ni0.4Rh1.6O9
12735,Ni0.15Rh2.85O4
12736,Ni0.3Rh2.7O4
12737,Ni0.6Rh2.4O4
12738,Ni0.15Rh2.85O5
12739,Ni0.3Rh2.7O5
12740,Ni0.6Rh2.4O5
12741,Ni0.15Rh2.85O7
12742,Ni0.3Rh2.7O7
12743,Ni0.6Rh2.4O7
12744,Ni0.15Rh2.85O8
12745,Ni0.3Rh2.7O8
12746,Ni0.6Rh2.4O8
12747,Ni0.15Rh2.85O10
12748,Ni0.3Rh2.7O10
12749,Ni0.6Rh2.4O10
12750,Ni0.2Rh3.8O5
12751,Ni0.4Rh3.6O5
12752,Ni0.8Rh3.2O5
12753,Ni0.2Rh3.8O7
12754,Ni0.4Rh3.6O7
12755,Ni0.8Rh3.2O7
12756,Ni0.2Rh3.8O9
12757,Ni0.4Rh3.6O9
12758,Ni0.8Rh3.2O9
12759,Ni0.25Rh4.75O6
12760,Ni0.5Rh4.5O6
12761,NiRhO6
12762,Ni0.25Rh4.75O7
12763,Ni0.5Rh4.5O7
12764,NiRhO7
12765,Ni0.25Rh4.75O8
12766,Ni0.5Rh4.5O8
12767,NiRhO8
12768,Ni0.25Rh4.75O9
12769,Ni0.5Rh4.5O9
12770,NiRhO9
12771,Ni0.3Rh5.7O7
12772,Ni0.6Rh5.4O7
12773,Ni1.2Rh4.8O7
12774,Ni0.35Rh6.65O8
12775,Ni0.7Rh6.3O8
12776,Ni1.4Rh5.6O8
12777,Ni0.35Rh6.65O9
12778,Ni0.7Rh6.3O9
12779,Ni1.4Rh5.6O9
12780,Ni0.35Rh6.65O10
12781,Ni0.7Rh6.3O10
12782,Ni1.4Rh5.6O10
12783,Ni0.4Rh7.6O9
12784,Ni0.8Rh7.2O9
12785,Ni1.6Rh6.4O9
12786,Ni0.45Rh8.55O10
12787,Ni0.9Rh8.1O10
12788,Ni1.8Rh7.2O10
12789,Ru0.05Rh0.95O
12790,Ru0.1Rh0.9O
12791,Ru0.2Rh0.8O
12792,Ru0.05Rh0.95O2
12793,Ru0.1Rh0.9O2
12794,Ru0.2Rh0.8O2
12795,Ru0.05Rh0.95O3
12796,Ru0.1Rh0.9O3
12797,Ru0.2Rh0.8O3
12798,Ru0.05Rh0.95O4
12799,Ru0.1Rh0.9O4
12800,Ru0.2Rh0.8O4
12801,Ru0.05Rh0.95O5
12802,Ru0.1Rh0.9O5
12803,Ru0.2Rh0.8O5
12804,Ru0.05Rh0.95O6
12805,Ru0.1Rh0.9O6
12806,Ru0.2Rh0.8O6
12807,Ru0.05Rh0.95O7
12808,Ru0.1Rh0.9O7
12809,Ru0.2Rh0.8O7
12810,Ru0.05Rh0.95O8
12811,Ru0.1Rh0.9O8
12812,Ru0.2Rh0.8O8
12813,Ru0.05Rh0.95O9
12814,Ru0.1Rh0.9O9
12815,Ru0.2Rh0.8O9
12816,Ru0.05Rh0.95O10
12817,Ru0.1Rh0.9O10
12818,Ru0.2Rh0.8O10
12819,Ru0.1Rh1.9O3
12820,Ru0.2Rh1.8O3
12821,Ru0.4Rh1.6O3
12822,Ru0.1Rh1.9O5
12823,Ru0.2Rh1.8O5
12824,Ru0.4Rh1.6O5
12825,Ru0.1Rh1.9O7
12826,Ru0.2Rh1.8O7
12827,Ru0.4Rh1.6O7
12828,Ru0.1Rh1.9O9
12829,Ru0.2Rh1.8O9
12830,Ru0.4Rh1.6O9
12831,Ru0.15Rh2.85O4
12832,Ru0.3Rh2.7O4
12833,Ru0.6Rh2.4O4
12834,Ru0.15Rh2.85O5
12835,Ru0.3Rh2.7O5
12836,Ru0.6Rh2.4O5
12837,Ru0.15Rh2.85O7
12838,Ru0.3Rh2.7O7
12839,Ru0.6Rh2.4O7
12840,Ru0.15Rh2.85O8
12841,Ru0.3Rh2.7O8
12842,Ru0.6Rh2.4O8
12843,Ru0.15Rh2.85O10
12844,Ru0.3Rh2.7O10
12845,Ru0.6Rh2.4O10
12846,Ru0.2Rh3.8O5
12847,Ru0.4Rh3.6O5
12848,Ru0.8Rh3.2O5
12849,Ru0.2Rh3.8O7
12850,Ru0.4Rh3.6O7
12851,Ru0.8Rh3.2O7
12852,Ru0.2Rh3.8O9
12853,Ru0.4Rh3.6O9
12854,Ru0.8Rh3.2O9
12855,Ru0.25Rh4.75O6
12856,Ru0.5Rh4.5O6
12857,RuRhO6
12858,Ru0.25Rh4.75O7
12859,Ru0.5Rh4.5O7
12860,RuRhO7
12861,Ru0.25Rh4.75O8
12862,Ru0.5Rh4.5O8
12863,RuRhO8
12864,Ru0.25Rh4.75O9
12865,Ru0.5Rh4.5O9
12866,RuRhO9
12867,Ru0.3Rh5.7O7
12868,Ru0.6Rh5.4O7
12869,Ru1.2Rh4.8O7
12870,Ru0.35Rh6.65O8
12871,Ru0.7Rh6.3O8
12872,Ru1.4Rh5.6O8
12873,Ru0.35Rh6.65O9
12874,Ru0.7Rh6.3O9
12875,Ru1.4Rh5.6O9
12876,Ru0.35Rh6.65O10
12877,Ru0.7Rh6.3O10
12878,Ru1.4Rh5.6O10
12879,Ru0.4Rh7.6O9
12880,Ru0.8Rh7.2O9
12881,Ru1.6Rh6.4O9
12882,Ru0.45Rh8.55O10
12883,Ru0.9Rh8.1O10
12884,Ru1.8Rh7.2O10
12885,Pd0.05Rh0.95O
12886,Pd0.1Rh0.9O
12887,Pd0.2Rh0.8O
12888,Pd0.05Rh0.95O2
12889,Pd0.1Rh0.9O2
12890,Pd0.2Rh0.8O2
12891,Pd0.05Rh0.95O3
12892,Pd0.1Rh0.9O3
12893,Pd0.2Rh0.8O3
12894,Pd0.05Rh0.95O4
12895,Pd0.1Rh0.9O4
12896,Pd0.2Rh0.8O4
12897,Pd0.05Rh0.95O5
12898,Pd0.1Rh0.9O5
12899,Pd0.2Rh0.8O5
12900,Pd0.05Rh0.95O6
12901,Pd0.1Rh0.9O6
12902,Pd0.2Rh0.8O6
12903,Pd0.05Rh0.95O7
12904,Pd0.1Rh0.9O7
12905,Pd0.2Rh0.8O7
12906,Pd0.05Rh0.95O8
12907,Pd0.1Rh0.9O8
12908,Pd0.2Rh0.8O8
12909,Pd0.05Rh0.95O9
12910,Pd0.1Rh0.9O9
12911,Pd0.2Rh0.8O9
12912,Pd0.05Rh0.95O10
12913,Pd0.1Rh0.9O10
12914,Pd0.2Rh0.8O10
12915,Pd0.1Rh1.9O3
12916,Pd0.2Rh1.8O3
12917,Pd0.4Rh1.6O3
12918,Pd0.1Rh1.9O5
12919,Pd0.2Rh1.8O5
12920,Pd0.4Rh1.6O5
12921,Pd0.1Rh1.9O7
12922,Pd0.2Rh1.8O7
12923,Pd0.4Rh1.6O7
12924,Pd0.1Rh1.9O9
12925,Pd0.2Rh1.8O9
12926,Pd0.4Rh1.6O9
12927,Pd0.15Rh2.85O4
12928,Pd0.3Rh2.7O4
12929,Pd0.6Rh2.4O4
12930,Pd0.15Rh2.85O5
12931,Pd0.3Rh2.7O5
12932,Pd0.6Rh2.4O5
12933,Pd0.15Rh2.85O7
12934,Pd0.3Rh2.7O7
12935,Pd0.6Rh2.4O7
12936,Pd0.15Rh2.85O8
12937,Pd0.3Rh2.7O8
12938,Pd0.6Rh2.4O8
12939,Pd0.15Rh2.85O10
12940,Pd0.3Rh2.7O10
12941,Pd0.6Rh2.4O10
12942,Pd0.2Rh3.8O5
12943,Pd0.4Rh3.6O5
12944,Pd0.8Rh3.2O5
12945,Pd0.2Rh3.8O7
12946,Pd0.4Rh3.6O7
12947,Pd0.8Rh3.2O7
12948,Pd0.2Rh3.8O9
12949,Pd0.4Rh3.6O9
12950,Pd0.8Rh3.2O9
12951,Pd0.25Rh4.75O6
12952,Pd0.5Rh4.5O6
12953,PdRhO6
12954,Pd0.25Rh4.75O7
12955,Pd0.5Rh4.5O7
12956,PdRhO7
12957,Pd0.25Rh4.75O8
12958,Pd0.5Rh4.5O8
12959,PdRhO8
12960,Pd0.25Rh4.75O9
12961,Pd0.5Rh4.5O9
12962,PdRhO9
12963,Pd0.3Rh5.7O7
12964,Pd0.6Rh5.4O7
12965,Pd1.2Rh4.8O7
12966,Pd0.35Rh6.65O8
12967,Pd0.7Rh6.3O8
12968,Pd1.4Rh5.6O8
12969,Pd0.35Rh6.65O9
12970,Pd0.7Rh6.3O9
12971,Pd1.4Rh5.6O9
12972,Pd0.35Rh6.65O10
12973,Pd0.7Rh6.3O10
12974,Pd1.4Rh5.6O10
12975,Pd0.4Rh7.6O9
12976,Pd0.8Rh7.2O9
12977,Pd1.6Rh6.4O9
12978,Pd0.45Rh8.55O10
12979,Pd0.9Rh8.1O10
12980,Pd1.8Rh7.2O10
12981,Ag0.05Rh0.95O
12982,Ag0.1Rh0.9O
12983,Ag0.2Rh0.8O
12984,Ag0.05Rh0.95O2
12985,Ag0.1Rh0.9O2
12986,Ag0.2Rh0.8O2
12987,Ag0.05Rh0.95O3
12988,Ag0.1Rh0.9O3
12989,Ag0.2Rh0.8O3
12990,Ag0.05Rh0.95O4
12991,Ag0.1Rh0.9O4
12992,Ag0.2Rh0.8O4
12993,Ag0.05Rh0.95O5
12994,Ag0.1Rh0.9O5
12995,Ag0.2Rh0.8O5
12996,Ag0.05Rh0.95O6
12997,Ag0.1Rh0.9O6
12998,Ag0.2Rh0.8O6
12999,Ag0.05Rh0.95O7
13000,Ag0.1Rh0.9O7
13001,Ag0.2Rh0.8O7
13002,Ag0.05Rh0.95O8
13003,Ag0.1Rh0.9O8
13004,Ag0.2Rh0.8O8
13005,Ag0.05Rh0.95O9
13006,Ag0.1Rh0.9O9
13007,Ag0.2Rh0.8O9
13008,Ag0.05Rh0.95O10
13009,Ag0.1Rh0.9O10
13010,Ag0.2Rh0.8O10
13011,Ag0.1Rh1.9O3
13012,Ag0.2Rh1.8O3
13013,Ag0.4Rh1.6O3
13014,Ag0.1Rh1.9O5
13015,Ag0.2Rh1.8O5
13016,Ag0.4Rh1.6O5
13017,Ag0.1Rh1.9O7
13018,Ag0.2Rh1.8O7
13019,Ag0.4Rh1.6O7
13020,Ag0.1Rh1.9O9
13021,Ag0.2Rh1.8O9
13022,Ag0.4Rh1.6O9
13023,Ag0.15Rh2.85O4
13024,Ag0.3Rh2.7O4
13025,Ag0.6Rh2.4O4
13026,Ag0.15Rh2.85O5
13027,Ag0.3Rh2.7O5
13028,Ag0.6Rh2.4O5
13029,Ag0.15Rh2.85O7
13030,Ag0.3Rh2.7O7
13031,Ag0.6Rh2.4O7
13032,Ag0.15Rh2.85O8
13033,Ag0.3Rh2.7O8
13034,Ag0.6Rh2.4O8
13035,Ag0.15Rh2.85O10
13036,Ag0.3Rh2.7O10
13037,Ag0.6Rh2.4O10
13038,Ag0.2Rh3.8O5
13039,Ag0.4Rh3.6O5
13040,Ag0.8Rh3.2O5
13041,Ag0.2Rh3.8O7
13042,Ag0.4Rh3.6O7
13043,Ag0.8Rh3.2O7
13044,Ag0.2Rh3.8O9
13045,Ag0.4Rh3.6O9
13046,Ag0.8Rh3.2O9
13047,Ag0.25Rh4.75O6
13048,Ag0.5Rh4.5O6
13049,AgRhO6
13050,Ag0.25Rh4.75O7
13051,Ag0.5Rh4.5O7
13052,AgRhO7
13053,Ag0.25Rh4.75O8
13054,Ag0.5Rh4.5O8
13055,AgRhO8
13056,Ag0.25Rh4.75O9
13057,Ag0.5Rh4.5O9
13058,AgRhO9
13059,Ag0.3Rh5.7O7
13060,Ag0.6Rh5.4O7
13061,Ag1.2Rh4.8O7
13062,Ag0.35Rh6.65O8
13063,Ag0.7Rh6.3O8
13064,Ag1.4Rh5.6O8
13065,Ag0.35Rh6.65O9
13066,Ag0.7Rh6.3O9
13067,Ag1.4Rh5.6O9
13068,Ag0.35Rh6.65O10
13069,Ag0.7Rh6.3O10
13070,Ag1.4Rh5.6O10
13071,Ag0.4Rh7.6O9
13072,Ag0.8Rh7.2O9
13073,Ag1.6Rh6.4O9
13074,Ag0.45Rh8.55O10
13075,Ag0.9Rh8.1O10
13076,Ag1.8Rh7.2O10
13077,Pt0.05Rh0.95O
13078,Pt0.1Rh0.9O
13079,Pt0.2Rh0.8O
13080,Pt0.05Rh0.95O2
13081,Pt0.1Rh0.9O2
13082,Pt0.2Rh0.8O2
13083,Pt0.05Rh0.95O3
13084,Pt0.1Rh0.9O3
13085,Pt0.2Rh0.8O3
13086,Pt0.05Rh0.95O4
13087,Pt0.1Rh0.9O4
13088,Pt0.2Rh0.8O4
13089,Pt0.05Rh0.95O5
13090,Pt0.1Rh0.9O5
13091,Pt0.2Rh0.8O5
13092,Pt0.05Rh0.95O6
13093,Pt0.1Rh0.9O6
13094,Pt0.2Rh0.8O6
13095,Pt0.05Rh0.95O7
13096,Pt0.1Rh0.9O7
13097,Pt0.2Rh0.8O7
13098,Pt0.05Rh0.95O8
13099,Pt0.1Rh0.9O8
13100,Pt0.2Rh0.8O8
13101,Pt0.05Rh0.95O9
13102,Pt0.1Rh0.9O9
13103,Pt0.2Rh0.8O9
13104,Pt0.05Rh0.95O10
13105,Pt0.1Rh0.9O10
13106,Pt0.2Rh0.8O10
13107,Pt0.1Rh1.9O3
13108,Pt0.2Rh1.8O3
13109,Pt0.4Rh1.6O3
13110,Pt0.1Rh1.9O5
13111,Pt0.2Rh1.8O5
13112,Pt0.4Rh1.6O5
13113,Pt0.1Rh1.9O7
13114,Pt0.2Rh1.8O7
13115,Pt0.4Rh1.6O7
13116,Pt0.1Rh1.9O9
13117,Pt0.2Rh1.8O9
13118,Pt0.4Rh1.6O9
13119,Pt0.15Rh2.85O4
13120,Pt0.3Rh2.7O4
13121,Pt0.6Rh2.4O4
13122,Pt0.15Rh2.85O5
13123,Pt0.3Rh2.7O5
13124,Pt0.6Rh2.4O5
13125,Pt0.15Rh2.85O7
13126,Pt0.3Rh2.7O7
13127,Pt0.6Rh2.4O7
13128,Pt0.15Rh2.85O8
13129,Pt0.3Rh2.7O8
13130,Pt0.6Rh2.4O8
13131,Pt0.15Rh2.85O10
13132,Pt0.3Rh2.7O10
13133,Pt0.6Rh2.4O10
13134,Pt0.2Rh3.8O5
13135,Pt0.4Rh3.6O5
13136,Pt0.8Rh3.2O5
13137,Pt0.2Rh3.8O7
13138,Pt0.4Rh3.6O7
13139,Pt0.8Rh3.2O7
13140,Pt0.2Rh3.8O9
13141,Pt0.4Rh3.6O9
13142,Pt0.8Rh3.2O9
13143,Pt0.25Rh4.75O6
13144,Pt0.5Rh4.5O6
13145,PtRhO6
13146,Pt0.25Rh4.75O7
13147,Pt0.5Rh4.5O7
13148,PtRhO7
13149,Pt0.25Rh4.75O8
13150,Pt0.5Rh4.5O8
13151,PtRhO8
13152,Pt0.25Rh4.75O9
13153,Pt0.5Rh4.5O9
13154,PtRhO9
13155,Pt0.3Rh5.7O7
13156,Pt0.6Rh5.4O7
13157,Pt1.2Rh4.8O7
13158,Pt0.35Rh6.65O8
13159,Pt0.7Rh6.3O8
13160,Pt1.4Rh5.6O8
13161,Pt0.35Rh6.65O9
13162,Pt0.7Rh6.3O9
13163,Pt1.4Rh5.6O9
13164,Pt0.35Rh6.65O10
13165,Pt0.7Rh6.3O10
13166,Pt1.4Rh5.6O10
13167,Pt0.4Rh7.6O9
13168,Pt0.8Rh7.2O9
13169,Pt1.6Rh6.4O9
13170,Pt0.45Rh8.55O10
13171,Pt0.9Rh8.1O10
13172,Pt1.8Rh7.2O10
13173,Mn0.05Pd0.95O
13174,Mn0.1Pd0.9O
13175,Mn0.2Pd0.8O
13176,Mn0.05Pd0.95O2
13177,Mn0.1Pd0.9O2
13178,Mn0.2Pd0.8O2
13179,Mn0.05Pd0.95O3
13180,Mn0.1Pd0.9O3
13181,Mn0.2Pd0.8O3
13182,Mn0.05Pd0.95O4
13183,Mn0.1Pd0.9O4
13184,Mn0.2Pd0.8O4
13185,Mn0.05Pd0.95O5
13186,Mn0.1Pd0.9O5
13187,Mn0.2Pd0.8O5
13188,Mn0.05Pd0.95O6
13189,Mn0.1Pd0.9O6
13190,Mn0.2Pd0.8O6
13191,Mn0.05Pd0.95O7
13192,Mn0.1Pd0.9O7
13193,Mn0.2Pd0.8O7
13194,Mn0.05Pd0.95O8
13195,Mn0.1Pd0.9O8
13196,Mn0.2Pd0.8O8
13197,Mn0.05Pd0.95O9
13198,Mn0.1Pd0.9O9
13199,Mn0.2Pd0.8O9
13200,Mn0.05Pd0.95O10
13201,Mn0.1Pd0.9O10
13202,Mn0.2Pd0.8O10
13203,Mn0.1Pd1.9O3
13204,Mn0.2Pd1.8O3
13205,Mn0.4Pd1.6O3
13206,Mn0.1Pd1.9O5
13207,Mn0.2Pd1.8O5
13208,Mn0.4Pd1.6O5
13209,Mn0.1Pd1.9O7
13210,Mn0.2Pd1.8O7
13211,Mn0.4Pd1.6O7
13212,Mn0.1Pd1.9O9
13213,Mn0.2Pd1.8O9
13214,Mn0.4Pd1.6O9
13215,Mn0.15Pd2.85O4
13216,Mn0.3Pd2.7O4
13217,Mn0.6Pd2.4O4
13218,Mn0.15Pd2.85O5
13219,Mn0.3Pd2.7O5
13220,Mn0.6Pd2.4O5
13221,Mn0.15Pd2.85O7
13222,Mn0.3Pd2.7O7
13223,Mn0.6Pd2.4O7
13224,Mn0.15Pd2.85O8
13225,Mn0.3Pd2.7O8
13226,Mn0.6Pd2.4O8
13227,Mn0.15Pd2.85O10
13228,Mn0.3Pd2.7O10
13229,Mn0.6Pd2.4O10
13230,Mn0.2Pd3.8O5
13231,Mn0.4Pd3.6O5
13232,Mn0.8Pd3.2O5
13233,Mn0.2Pd3.8O7
13234,Mn0.4Pd3.6O7
13235,Mn0.8Pd3.2O7
13236,Mn0.2Pd3.8O9
13237,Mn0.4Pd3.6O9
13238,Mn0.8Pd3.2O9
13239,Mn0.25Pd4.75O6
13240,Mn0.5Pd4.5O6
13241,MnPdO6
13242,Mn0.25Pd4.75O7
13243,Mn0.5Pd4.5O7
13244,MnPdO7
13245,Mn0.25Pd4.75O8
13246,Mn0.5Pd4.5O8
13247,MnPdO8
13248,Mn0.25Pd4.75O9
13249,Mn0.5Pd4.5O9
13250,MnPdO9
13251,Mn0.3Pd5.7O7
13252,Mn0.6Pd5.4O7
13253,Mn1.2Pd4.8O7
13254,Mn0.35Pd6.65O8
13255,Mn0.7Pd6.3O8
13256,Mn1.4Pd5.6O8
13257,Mn0.35Pd6.65O9
13258,Mn0.7Pd6.3O9
13259,Mn1.4Pd5.6O9
13260,Mn0.35Pd6.65O10
13261,Mn0.7Pd6.3O10
13262,Mn1.4Pd5.6O10
13263,Mn0.4Pd7.6O9
13264,Mn0.8Pd7.2O9
13265,Mn1.6Pd6.4O9
13266,Mn0.45Pd8.55O10
13267,Mn0.9Pd8.1O10
13268,Mn1.8Pd7.2O10
13269,Fe0.05Pd0.95O
13270,Fe0.1Pd0.9O
13271,Fe0.2Pd0.8O
13272,Fe0.05Pd0.95O2
13273,Fe0.1Pd0.9O2
13274,Fe0.2Pd0.8O2
13275,Fe0.05Pd0.95O3
13276,Fe0.1Pd0.9O3
13277,Fe0.2Pd0.8O3
13278,Fe0.05Pd0.95O4
13279,Fe0.1Pd0.9O4
13280,Fe0.2Pd0.8O4
13281,Fe0.05Pd0.95O5
13282,Fe0.1Pd0.9O5
13283,Fe0.2Pd0.8O5
13284,Fe0.05Pd0.95O6
13285,Fe0.1Pd0.9O6
13286,Fe0.2Pd0.8O6
13287,Fe0.05Pd0.95O7
13288,Fe0.1Pd0.9O7
13289,Fe0.2Pd0.8O7
13290,Fe0.05Pd0.95O8
13291,Fe0.1Pd0.9O8
13292,Fe0.2Pd0.8O8
13293,Fe0.05Pd0.95O9
13294,Fe0.1Pd0.9O9
13295,Fe0.2Pd0.8O9
13296,Fe0.05Pd0.95O10
13297,Fe0.1Pd0.9O10
13298,Fe0.2Pd0.8O10
13299,Fe0.1Pd1.9O3
13300,Fe0.2Pd1.8O3
13301,Fe0.4Pd1.6O3
13302,Fe0.1Pd1.9O5
13303,Fe0.2Pd1.8O5
13304,Fe0.4Pd1.6O5
13305,Fe0.1Pd1.9O7
13306,Fe0.2Pd1.8O7
13307,Fe0.4Pd1.6O7
13308,Fe0.1Pd1.9O9
13309,Fe0.2Pd1.8O9
13310,Fe0.4Pd1.6O9
13311,Fe0.15Pd2.85O4
13312,Fe0.3Pd2.7O4
13313,Fe0.6Pd2.4O4
13314,Fe0.15Pd2.85O5
13315,Fe0.3Pd2.7O5
13316,Fe0.6Pd2.4O5
13317,Fe0.15Pd2.85O7
13318,Fe0.3Pd2.7O7
13319,Fe0.6Pd2.4O7
13320,Fe0.15Pd2.85O8
13321,Fe0.3Pd2.7O8
13322,Fe0.6Pd2.4O8
13323,Fe0.15Pd2.85O10
13324,Fe0.3Pd2.7O10
13325,Fe0.6Pd2.4O10
13326,Fe0.2Pd3.8O5
13327,Fe0.4Pd3.6O5
13328,Fe0.8Pd3.2O5
13329,Fe0.2Pd3.8O7
13330,Fe0.4Pd3.6O7
13331,Fe0.8Pd3.2O7
13332,Fe0.2Pd3.8O9
13333,Fe0.4Pd3.6O9
13334,Fe0.8Pd3.2O9
13335,Fe0.25Pd4.75O6
13336,Fe0.5Pd4.5O6
13337,FePdO6
13338,Fe0.25Pd4.75O7
13339,Fe0.5Pd4.5O7
13340,FePdO7
13341,Fe0.25Pd4.75O8
13342,Fe0.5Pd4.5O8
13343,FePdO8
13344,Fe0.25Pd4.75O9
13345,Fe0.5Pd4.5O9
13346,FePdO9
13347,Fe0.3Pd5.7O7
13348,Fe0.6Pd5.4O7
13349,Fe1.2Pd4.8O7
13350,Fe0.35Pd6.65O8
13351,Fe0.7Pd6.3O8
13352,Fe1.4Pd5.6O8
13353,Fe0.35Pd6.65O9
13354,Fe0.7Pd6.3O9
13355,Fe1.4Pd5.6O9
13356,Fe0.35Pd6.65O10
13357,Fe0.7Pd6.3O10
13358,Fe1.4Pd5.6O10
13359,Fe0.4Pd7.6O9
13360,Fe0.8Pd7.2O9
13361,Fe1.6Pd6.4O9
13362,Fe0.45Pd8.55O10
13363,Fe0.9Pd8.1O10
13364,Fe1.8Pd7.2O10
13365,Co0.05Pd0.95O
13366,Co0.1Pd0.9O
13367,Co0.2Pd0.8O
13368,Co0.05Pd0.95O2
13369,Co0.1Pd0.9O2
13370,Co0.2Pd0.8O2
13371,Co0.05Pd0.95O3
13372,Co0.1Pd0.9O3
13373,Co0.2Pd0.8O3
13374,Co0.05Pd0.95O4
13375,Co0.1Pd0.9O4
13376,Co0.2Pd0.8O4
13377,Co0.05Pd0.95O5
13378,Co0.1Pd0.9O5
13379,Co0.2Pd0.8O5
13380,Co0.05Pd0.95O6
13381,Co0.1Pd0.9O6
13382,Co0.2Pd0.8O6
13383,Co0.05Pd0.95O7
13384,Co0.1Pd0.9O7
13385,Co0.2Pd0.8O7
13386,Co0.05Pd0.95O8
13387,Co0.1Pd0.9O8
13388,Co0.2Pd0.8O8
13389,Co0.05Pd0.95O9
13390,Co0.1Pd0.9O9
13391,Co0.2Pd0.8O9
13392,Co0.05Pd0.95O10
13393,Co0.1Pd0.9O10
13394,Co0.2Pd0.8O10
13395,Co0.1Pd1.9O3
13396,Co0.2Pd1.8O3
13397,Co0.4Pd1.6O3
13398,Co0.1Pd1.9O5
13399,Co0.2Pd1.8O5
13400,Co0.4Pd1.6O5
13401,Co0.1Pd1.9O7
13402,Co0.2Pd1.8O7
13403,Co0.4Pd1.6O7
13404,Co0.1Pd1.9O9
13405,Co0.2Pd1.8O9
13406,Co0.4Pd1.6O9
13407,Co0.15Pd2.85O4
13408,Co0.3Pd2.7O4
13409,Co0.6Pd2.4O4
13410,Co0.15Pd2.85O5
13411,Co0.3Pd2.7O5
13412,Co0.6Pd2.4O5
13413,Co0.15Pd2.85O7
13414,Co0.3Pd2.7O7
13415,Co0.6Pd2.4O7
13416,Co0.15Pd2.85O8
13417,Co0.3Pd2.7O8
13418,Co0.6Pd2.4O8
13419,Co0.15Pd2.85O10
13420,Co0.3Pd2.7O10
13421,Co0.6Pd2.4O10
13422,Co0.2Pd3.8O5
13423,Co0.4Pd3.6O5
13424,Co0.8Pd3.2O5
13425,Co0.2Pd3.8O7
13426,Co0.4Pd3.6O7
13427,Co0.8Pd3.2O7
13428,Co0.2Pd3.8O9
13429,Co0.4Pd3.6O9
13430,Co0.8Pd3.2O9
13431,Co0.25Pd4.75O6
13432,Co0.5Pd4.5O6
13433,CoPdO6
13434,Co0.25Pd4.75O7
13435,Co0.5Pd4.5O7
13436,CoPdO7
13437,Co0.25Pd4.75O8
13438,Co0.5Pd4.5O8
13439,CoPdO8
13440,Co0.25Pd4.75O9
13441,Co0.5Pd4.5O9
13442,CoPdO9
13443,Co0.3Pd5.7O7
13444,Co0.6Pd5.4O7
13445,Co1.2Pd4.8O7
13446,Co0.35Pd6.65O8
13447,Co0.7Pd6.3O8
13448,Co1.4Pd5.6O8
13449,Co0.35Pd6.65O9
13450,Co0.7Pd6.3O9
13451,Co1.4Pd5.6O9
13452,Co0.35Pd6.65O10
13453,Co0.7Pd6.3O10
13454,Co1.4Pd5.6O10
13455,Co0.4Pd7.6O9
13456,Co0.8Pd7.2O9
13457,Co1.6Pd6.4O9
13458,Co0.45Pd8.55O10
13459,Co0.9Pd8.1O10
13460,Co1.8Pd7.2O10
13461,Ni0.05Pd0.95O
13462,Ni0.1Pd0.9O
13463,Ni0.2Pd0.8O
13464,Ni0.05Pd0.95O2
13465,Ni0.1Pd0.9O2
13466,Ni0.2Pd0.8O2
13467,Ni0.05Pd0.95O3
13468,Ni0.1Pd0.9O3
13469,Ni0.2Pd0.8O3
13470,Ni0.05Pd0.95O4
13471,Ni0.1Pd0.9O4
13472,Ni0.2Pd0.8O4
13473,Ni0.05Pd0.95O5
13474,Ni0.1Pd0.9O5
13475,Ni0.2Pd0.8O5
13476,Ni0.05Pd0.95O6
13477,Ni0.1Pd0.9O6
13478,Ni0.2Pd0.8O6
13479,Ni0.05Pd0.95O7
13480,Ni0.1Pd0.9O7
13481,Ni0.2Pd0.8O7
13482,Ni0.05Pd0.95O8
13483,Ni0.1Pd0.9O8
13484,Ni0.2Pd0.8O8
13485,Ni0.05Pd0.95O9
13486,Ni0.1Pd0.9O9
13487,Ni0.2Pd0.8O9
13488,Ni0.05Pd0.95O10
13489,Ni0.1Pd0.9O10
13490,Ni0.2Pd0.8O10
13491,Ni0.1Pd1.9O3
13492,Ni0.2Pd1.8O3
13493,Ni0.4Pd1.6O3
13494,Ni0.1Pd1.9O5
13495,Ni0.2Pd1.8O5
13496,Ni0.4Pd1.6O5
13497,Ni0.1Pd1.9O7
13498,Ni0.2Pd1.8O7
13499,Ni0.4Pd1.6O7
13500,Ni0.1Pd1.9O9
13501,Ni0.2Pd1.8O9
13502,Ni0.4Pd1.6O9
13503,Ni0.15Pd2.85O4
13504,Ni0.3Pd2.7O4
13505,Ni0.6Pd2.4O4
13506,Ni0.15Pd2.85O5
13507,Ni0.3Pd2.7O5
13508,Ni0.6Pd2.4O5
13509,Ni0.15Pd2.85O7
13510,Ni0.3Pd2.7O7
13511,Ni0.6Pd2.4O7
13512,Ni0.15Pd2.85O8
13513,Ni0.3Pd2.7O8
13514,Ni0.6Pd2.4O8
13515,Ni0.15Pd2.85O10
13516,Ni0.3Pd2.7O10
13517,Ni0.6Pd2.4O10
13518,Ni0.2Pd3.8O5
13519,Ni0.4Pd3.6O5
13520,Ni0.8Pd3.2O5
13521,Ni0.2Pd3.8O7
13522,Ni0.4Pd3.6O7
13523,Ni0.8Pd3.2O7
13524,Ni0.2Pd3.8O9
13525,Ni0.4Pd3.6O9
13526,Ni0.8Pd3.2O9
13527,Ni0.25Pd4.75O6
13528,Ni0.5Pd4.5O6
13529,NiPdO6
13530,Ni0.25Pd4.75O7
13531,Ni0.5Pd4.5O7
13532,NiPdO7
13533,Ni0.25Pd4.75O8
13534,Ni0.5Pd4.5O8
13535,NiPdO8
13536,Ni0.25Pd4.75O9
13537,Ni0.5Pd4.5O9
13538,NiPdO9
13539,Ni0.3Pd5.7O7
13540,Ni0.6Pd5.4O7
13541,Ni1.2Pd4.8O7
13542,Ni0.35Pd6.65O8
13543,Ni0.7Pd6.3O8
13544,Ni1.4Pd5.6O8
13545,Ni0.35Pd6.65O9
13546,Ni0.7Pd6.3O9
13547,Ni1.4Pd5.6O9
13548,Ni0.35Pd6.65O10
13549,Ni0.7Pd6.3O10
13550,Ni1.4Pd5.6O10
13551,Ni0.4Pd7.6O9
13552,Ni0.8Pd7.2O9
13553,Ni1.6Pd6.4O9
13554,Ni0.45Pd8.55O10
13555,Ni0.9Pd8.1O10
13556,Ni1.8Pd7.2O10
13557,Ru0.05Pd0.95O
13558,Ru0.1Pd0.9O
13559,Ru0.2Pd0.8O
13560,Ru0.05Pd0.95O2
13561,Ru0.1Pd0.9O2
13562,Ru0.2Pd0.8O2
13563,Ru0.05Pd0.95O3
13564,Ru0.1Pd0.9O3
13565,Ru0.2Pd0.8O3
13566,Ru0.05Pd0.95O4
13567,Ru0.1Pd0.9O4
13568,Ru0.2Pd0.8O4
13569,Ru0.05Pd0.95O5
13570,Ru0.1Pd0.9O5
13571,Ru0.2Pd0.8O5
13572,Ru0.05Pd0.95O6
13573,Ru0.1Pd0.9O6
13574,Ru0.2Pd0.8O6
13575,Ru0.05Pd0.95O7
13576,Ru0.1Pd0.9O7
13577,Ru0.2Pd0.8O7
13578,Ru0.05Pd0.95O8
13579,Ru0.1Pd0.9O8
13580,Ru0.2Pd0.8O8
13581,Ru0.05Pd0.95O9
13582,Ru0.1Pd0.9O9
13583,Ru0.2Pd0.8O9
13584,Ru0.05Pd0.95O10
13585,Ru0.1Pd0.9O10
13586,Ru0.2Pd0.8O10
13587,Ru0.1Pd1.9O3
13588,Ru0.2Pd1.8O3
13589,Ru0.4Pd1.6O3
13590,Ru0.1Pd1.9O5
13591,Ru0.2Pd1.8O5
13592,Ru0.4Pd1.6O5
13593,Ru0.1Pd1.9O7
13594,Ru0.2Pd1.8O7
13595,Ru0.4Pd1.6O7
13596,Ru0.1Pd1.9O9
13597,Ru0.2Pd1.8O9
13598,Ru0.4Pd1.6O9
13599,Ru0.15Pd2.85O4
13600,Ru0.3Pd2.7O4
13601,Ru0.6Pd2.4O4
13602,Ru0.15Pd2.85O5
13603,Ru0.3Pd2.7O5
13604,Ru0.6Pd2.4O5
13605,Ru0.15Pd2.85O7
13606,Ru0.3Pd2.7O7
13607,Ru0.6Pd2.4O7
13608,Ru0.15Pd2.85O8
13609,Ru0.3Pd2.7O8
13610,Ru0.6Pd2.4O8
13611,Ru0.15Pd2.85O10
13612,Ru0.3Pd2.7O10
13613,Ru0.6Pd2.4O10
13614,Ru0.2Pd3.8O5
13615,Ru0.4Pd3.6O5
13616,Ru0.8Pd3.2O5
13617,Ru0.2Pd3.8O7
13618,Ru0.4Pd3.6O7
13619,Ru0.8Pd3.2O7
13620,Ru0.2Pd3.8O9
13621,Ru0.4Pd3.6O9
13622,Ru0.8Pd3.2O9
13623,Ru0.25Pd4.75O6
13624,Ru0.5Pd4.5O6
13625,RuPdO6
13626,Ru0.25Pd4.75O7
13627,Ru0.5Pd4.5O7
13628,RuPdO7
13629,Ru0.25Pd4.75O8
13630,Ru0.5Pd4.5O8
13631,RuPdO8
13632,Ru0.25Pd4.75O9
13633,Ru0.5Pd4.5O9
13634,RuPdO9
13635,Ru0.3Pd5.7O7
13636,Ru0.6Pd5.4O7
13637,Ru1.2Pd4.8O7
13638,Ru0.35Pd6.65O8
13639,Ru0.7Pd6.3O8
13640,Ru1.4Pd5.6O8
13641,Ru0.35Pd6.65O9
13642,Ru0.7Pd6.3O9
13643,Ru1.4Pd5.6O9
13644,Ru0.35Pd6.65O10
13645,Ru0.7Pd6.3O10
13646,Ru1.4Pd5.6O10
13647,Ru0.4Pd7.6O9
13648,Ru0.8Pd7.2O9
13649,Ru1.6Pd6.4O9
13650,Ru0.45Pd8.55O10
13651,Ru0.9Pd8.1O10
13652,Ru1.8Pd7.2O10
13653,Ag0.05Pd0.95O
13654,Ag0.1Pd0.9O
13655,Ag0.2Pd0.8O
13656,Ag0.05Pd0.95O2
13657,Ag0.1Pd0.9O2
13658,Ag0.2Pd0.8O2
13659,Ag0.05Pd0.95O3
13660,Ag0.1Pd0.9O3
13661,Ag0.2Pd0.8O3
13662,Ag0.05Pd0.95O4
13663,Ag0.1Pd0.9O4
13664,Ag0.2Pd0.8O4
13665,Ag0.05Pd0.95O5
13666,Ag0.1Pd0.9O5
13667,Ag0.2Pd0.8O5
13668,Ag0.05Pd0.95O6
13669,Ag0.1Pd0.9O6
13670,Ag0.2Pd0.8O6
13671,Ag0.05Pd0.95O7
13672,Ag0.1Pd0.9O7
13673,Ag0.2Pd0.8O7
13674,Ag0.05Pd0.95O8
13675,Ag0.1Pd0.9O8
13676,Ag0.2Pd0.8O8
13677,Ag0.05Pd0.95O9
13678,Ag0.1Pd0.9O9
13679,Ag0.2Pd0.8O9
13680,Ag0.05Pd0.95O10
13681,Ag0.1Pd0.9O10
13682,Ag0.2Pd0.8O10
13683,Ag0.1Pd1.9O3
13684,Ag0.2Pd1.8O3
13685,Ag0.4Pd1.6O3
13686,Ag0.1Pd1.9O5
13687,Ag0.2Pd1.8O5
13688,Ag0.4Pd1.6O5
13689,Ag0.1Pd1.9O7
13690,Ag0.2Pd1.8O7
13691,Ag0.4Pd1.6O7
13692,Ag0.1Pd1.9O9
13693,Ag0.2Pd1.8O9
13694,Ag0.4Pd1.6O9
13695,Ag0.15Pd2.85O4
13696,Ag0.3Pd2.7O4
13697,Ag0.6Pd2.4O4
13698,Ag0.15Pd2.85O5
13699,Ag0.3Pd2.7O5
13700,Ag0.6Pd2.4O5
13701,Ag0.15Pd2.85O7
13702,Ag0.3Pd2.7O7
13703,Ag0.6Pd2.4O7
13704,Ag0.15Pd2.85O8
13705,Ag0.3Pd2.7O8
13706,Ag0.6Pd2.4O8
13707,Ag0.15Pd2.85O10
13708,Ag0.3Pd2.7O10
13709,Ag0.6Pd2.4O10
13710,Ag0.2Pd3.8O5
13711,Ag0.4Pd3.6O5
13712,Ag0.8Pd3.2O5
13713,Ag0.2Pd3.8O7
13714,Ag0.4Pd3.6O7
13715,Ag0.8Pd3.2O7
13716,Ag0.2Pd3.8O9
13717,Ag0.4Pd3.6O9
13718,Ag0.8Pd3.2O9
13719,Ag0.25Pd4.75O6
13720,Ag0.5Pd4.5O6
13721,AgPdO6
13722,Ag0.25Pd4.75O7
13723,Ag0.5Pd4.5O7
13724,AgPdO7
13725,Ag0.25Pd4.75O8
13726,Ag0.5Pd4.5O8
13727,AgPdO8
13728,Ag0.25Pd4.75O9
13729,Ag0.5Pd4.5O9
13730,AgPdO9
13731,Ag0.3Pd5.7O7
13732,Ag0.6Pd5.4O7
13733,Ag1.2Pd4.8O7
13734,Ag0.35Pd6.65O8
13735,Ag0.7Pd6.3O8
13736,Ag1.4Pd5.6O8
13737,Ag0.35Pd6.65O9
13738,Ag0.7Pd6.3O9
13739,Ag1.4Pd5.6O9
13740,Ag0.35Pd6.65O10
13741,Ag0.7Pd6.3O10
13742,Ag1.4Pd5.6O10
13743,Ag0.4Pd7.6O9
13744,Ag0.8Pd7.2O9
13745,Ag1.6Pd6.4O9
13746,Ag0.45Pd8.55O10
13747,Ag0.9Pd8.1O10
13748,Ag1.8Pd7.2O10
13749,Pt0.05Pd0.95O
13750,Pt0.1Pd0.9O
13751,Pt0.2Pd0.8O
13752,Pt0.05Pd0.95O2
13753,Pt0.1Pd0.9O2
13754,Pt0.2Pd0.8O2
13755,Pt0.05Pd0.95O3
13756,Pt0.1Pd0.9O3
13757,Pt0.2Pd0.8O3
13758,Pt0.05Pd0.95O4
13759,Pt0.1Pd0.9O4
13760,Pt0.2Pd0.8O4
13761,Pt0.05Pd0.95O5
13762,Pt0.1Pd0.9O5
13763,Pt0.2Pd0.8O5
13764,Pt0.05Pd0.95O6
13765,Pt0.1Pd0.9O6
13766,Pt0.2Pd0.8O6
13767,Pt0.05Pd0.95O7
13768,Pt0.1Pd0.9O7
13769,Pt0.2Pd0.8O7
13770,Pt0.05Pd0.95O8
13771,Pt0.1Pd0.9O8
13772,Pt0.2Pd0.8O8
13773,Pt0.05Pd0.95O9
13774,Pt0.1Pd0.9O9
13775,Pt0.2Pd0.8O9
13776,Pt0.05Pd0.95O10
13777,Pt0.1Pd0.9O10
13778,Pt0.2Pd0.8O10
13779,Pt0.1Pd1.9O3
13780,Pt0.2Pd1.8O3
13781,Pt0.4Pd1.6O3
13782,Pt0.1Pd1.9O5
13783,Pt0.2Pd1.8O5
13784,Pt0.4Pd1.6O5
13785,Pt0.1Pd1.9O7
13786,Pt0.2Pd1.8O7
13787,Pt0.4Pd1.6O7
13788,Pt0.1Pd1.9O9
13789,Pt0.2Pd1.8O9
13790,Pt0.4Pd1.6O9
13791,Pt0.15Pd2.85O4
13792,Pt0.3Pd2.7O4
13793,Pt0.6Pd2.4O4
13794,Pt0.15Pd2.85O5
13795,Pt0.3Pd2.7O5
13796,Pt0.6Pd2.4O5
13797,Pt0.15Pd2.85O7
13798,Pt0.3Pd2.7O7
13799,Pt0.6Pd2.4O7
13800,Pt0.15Pd2.85O8
13801,Pt0.3Pd2.7O8
13802,Pt0.6Pd2.4O8
13803,Pt0.15Pd2.85O10
13804,Pt0.3Pd2.7O10
13805,Pt0.6Pd2.4O10
13806,Pt0.2Pd3.8O5
13807,Pt0.4Pd3.6O5
13808,Pt0.8Pd3.2O5
13809,Pt0.2Pd3.8O7
13810,Pt0.4Pd3.6O7
13811,Pt0.8Pd3.2O7
13812,Pt0.2Pd3.8O9
13813,Pt0.4Pd3.6O9
13814,Pt0.8Pd3.2O9
13815,Pt0.25Pd4.75O6
13816,Pt0.5Pd4.5O6
13817,PtPdO6
13818,Pt0.25Pd4.75O7
13819,Pt0.5Pd4.5O7
13820,PtPdO7
13821,Pt0.25Pd4.75O8
13822,Pt0.5Pd4.5O8
13823,PtPdO8
13824,Pt0.25Pd4.75O9
13825,Pt0.5Pd4.5O9
13826,PtPdO9
13827,Pt0.3Pd5.7O7
13828,Pt0.6Pd5.4O7
13829,Pt1.2Pd4.8O7
13830,Pt0.35Pd6.65O8
13831,Pt0.7Pd6.3O8
13832,Pt1.4Pd5.6O8
13833,Pt0.35Pd6.65O9
13834,Pt0.7Pd6.3O9
13835,Pt1.4Pd5.6O9
13836,Pt0.35Pd6.65O10
13837,Pt0.7Pd6.3O10
13838,Pt1.4Pd5.6O10
13839,Pt0.4Pd7.6O9
13840,Pt0.8Pd7.2O9
13841,Pt1.6Pd6.4O9
13842,Pt0.45Pd8.55O10
13843,Pt0.9Pd8.1O10
13844,Pt1.8Pd7.2O10
13845,Mn0.05Ag0.95O
13846,Mn0.1Ag0.9O
13847,Mn0.2Ag0.8O
13848,Mn0.05Ag0.95O2
13849,Mn0.1Ag0.9O2
13850,Mn0.2Ag0.8O2
13851,Mn0.05Ag0.95O3
13852,Mn0.1Ag0.9O3
13853,Mn0.2Ag0.8O3
13854,Mn0.05Ag0.95O4
13855,Mn0.1Ag0.9O4
13856,Mn0.2Ag0.8O4
13857,Mn0.05Ag0.95O5
13858,Mn0.1Ag0.9O5
13859,Mn0.2Ag0.8O5
13860,Mn0.05Ag0.95O6
13861,Mn0.1Ag0.9O6
13862,Mn0.2Ag0.8O6
13863,Mn0.05Ag0.95O7
13864,Mn0.1Ag0.9O7
13865,Mn0.2Ag0.8O7
13866,Mn0.05Ag0.95O8
13867,Mn0.1Ag0.9O8
13868,Mn0.2Ag0.8O8
13869,Mn0.05Ag0.95O9
13870,Mn0.1Ag0.9O9
13871,Mn0.2Ag0.8O9
13872,Mn0.05Ag0.95O10
13873,Mn0.1Ag0.9O10
13874,Mn0.2Ag0.8O10
13875,Mn0.1Ag1.9O3
13876,Mn0.2Ag1.8O3
13877,Mn0.4Ag1.6O3
13878,Mn0.1Ag1.9O5
13879,Mn0.2Ag1.8O5
13880,Mn0.4Ag1.6O5
13881,Mn0.1Ag1.9O7
13882,Mn0.2Ag1.8O7
13883,Mn0.4Ag1.6O7
13884,Mn0.1Ag1.9O9
13885,Mn0.2Ag1.8O9
13886,Mn0.4Ag1.6O9
13887,Mn0.15Ag2.85O4
13888,Mn0.3Ag2.7O4
13889,Mn0.6Ag2.4O4
13890,Mn0.15Ag2.85O5
13891,Mn0.3Ag2.7O5
13892,Mn0.6Ag2.4O5
13893,Mn0.15Ag2.85O7
13894,Mn0.3Ag2.7O7
13895,Mn0.6Ag2.4O7
13896,Mn0.15Ag2.85O8
13897,Mn0.3Ag2.7O8
13898,Mn0.6Ag2.4O8
13899,Mn0.15Ag2.85O10
13900,Mn0.3Ag2.7O10
13901,Mn0.6Ag2.4O10
13902,Mn0.2Ag3.8O5
13903,Mn0.4Ag3.6O5
13904,Mn0.8Ag3.2O5
13905,Mn0.2Ag3.8O7
13906,Mn0.4Ag3.6O7
13907,Mn0.8Ag3.2O7
13908,Mn0.2Ag3.8O9
13909,Mn0.4Ag3.6O9
13910,Mn0.8Ag3.2O9
13911,Mn0.25Ag4.75O6
13912,Mn0.5Ag4.5O6
13913,MnAgO6
13914,Mn0.25Ag4.75O7
13915,Mn0.5Ag4.5O7
13916,MnAgO7
13917,Mn0.25Ag4.75O8
13918,Mn0.5Ag4.5O8
13919,MnAgO8
13920,Mn0.25Ag4.75O9
13921,Mn0.5Ag4.5O9
13922,MnAgO9
13923,Mn0.3Ag5.7O7
13924,Mn0.6Ag5.4O7
13925,Mn1.2Ag4.8O7
13926,Mn0.35Ag6.65O8
13927,Mn0.7Ag6.3O8
13928,Mn1.4Ag5.6O8
13929,Mn0.35Ag6.65O9
13930,Mn0.7Ag6.3O9
13931,Mn1.4Ag5.6O9
13932,Mn0.35Ag6.65O10
13933,Mn0.7Ag6.3O10
13934,Mn1.4Ag5.6O10
13935,Mn0.4Ag7.6O9
13936,Mn0.8Ag7.2O9
13937,Mn1.6Ag6.4O9
13938,Mn0.45Ag8.55O10
13939,Mn0.9Ag8.1O10
13940,Mn1.8Ag7.2O10
13941,Fe0.05Ag0.95O
13942,Fe0.1Ag0.9O
13943,Fe0.2Ag0.8O
13944,Fe0.05Ag0.95O2
13945,Fe0.1Ag0.9O2
13946,Fe0.2Ag0.8O2
13947,Fe0.05Ag0.95O3
13948,Fe0.1Ag0.9O3
13949,Fe0.2Ag0.8O3
13950,Fe0.05Ag0.95O4
13951,Fe0.1Ag0.9O4
13952,Fe0.2Ag0.8O4
13953,Fe0.05Ag0.95O5
13954,Fe0.1Ag0.9O5
13955,Fe0.2Ag0.8O5
13956,Fe0.05Ag0.95O6
13957,Fe0.1Ag0.9O6
13958,Fe0.2Ag0.8O6
13959,Fe0.05Ag0.95O7
13960,Fe0.1Ag0.9O7
13961,Fe0.2Ag0.8O7
13962,Fe0.05Ag0.95O8
13963,Fe0.1Ag0.9O8
13964,Fe0.2Ag0.8O8
13965,Fe0.05Ag0.95O9
13966,Fe0.1Ag0.9O9
13967,Fe0.2Ag0.8O9
13968,Fe0.05Ag0.95O10
13969,Fe0.1Ag0.9O10
13970,Fe0.2Ag0.8O10
13971,Fe0.1Ag1.9O3
13972,Fe0.2Ag1.8O3
13973,Fe0.4Ag1.6O3
13974,Fe0.1Ag1.9O5
13975,Fe0.2Ag1.8O5
13976,Fe0.4Ag1.6O5
13977,Fe0.1Ag1.9O7
13978,Fe0.2Ag1.8O7
13979,Fe0.4Ag1.6O7
13980,Fe0.1Ag1.9O9
13981,Fe0.2Ag1.8O9
13982,Fe0.4Ag1.6O9
13983,Fe0.15Ag2.85O4
13984,Fe0.3Ag2.7O4
13985,Fe0.6Ag2.4O4
13986,Fe0.15Ag2.85O5
13987,Fe0.3Ag2.7O5
13988,Fe0.6Ag2.4O5
13989,Fe0.15Ag2.85O7
13990,Fe0.3Ag2.7O7
13991,Fe0.6Ag2.4O7
13992,Fe0.15Ag2.85O8
13993,Fe0.3Ag2.7O8
13994,Fe0.6Ag2.4O8
13995,Fe0.15Ag2.85O10
13996,Fe0.3Ag2.7O10
13997,Fe0.6Ag2.4O10
13998,Fe0.2Ag3.8O5
13999,Fe0.4Ag3.6O5
14000,Fe0.8Ag3.2O5
14001,Fe0.2Ag3.8O7
14002,Fe0.4Ag3.6O7
14003,Fe0.8Ag3.2O7
14004,Fe0.2Ag3.8O9
14005,Fe0.4Ag3.6O9
14006,Fe0.8Ag3.2O9
14007,Fe0.25Ag4.75O6
14008,Fe0.5Ag4.5O6
14009,FeAgO6
14010,Fe0.25Ag4.75O7
14011,Fe0.5Ag4.5O7
14012,FeAgO7
14013,Fe0.25Ag4.75O8
14014,Fe0.5Ag4.5O8
14015,FeAgO8
14016,Fe0.25Ag4.75O9
14017,Fe0.5Ag4.5O9
14018,FeAgO9
14019,Fe0.3Ag5.7O7
14020,Fe0.6Ag5.4O7
14021,Fe1.2Ag4.8O7
14022,Fe0.35Ag6.65O8
14023,Fe0.7Ag6.3O8
14024,Fe1.4Ag5.6O8
14025,Fe0.35Ag6.65O9
14026,Fe0.7Ag6.3O9
14027,Fe1.4Ag5.6O9
14028,Fe0.35Ag6.65O10
14029,Fe0.7Ag6.3O10
14030,Fe1.4Ag5.6O10
14031,Fe0.4Ag7.6O9
14032,Fe0.8Ag7.2O9
14033,Fe1.6Ag6.4O9
14034,Fe0.45Ag8.55O10
14035,Fe0.9Ag8.1O10
14036,Fe1.8Ag7.2O10
14037,Co0.05Ag0.95O
14038,Co0.1Ag0.9O
14039,Co0.2Ag0.8O
14040,Co0.05Ag0.95O2
14041,Co0.1Ag0.9O2
14042,Co0.2Ag0.8O2
14043,Co0.05Ag0.95O3
14044,Co0.1Ag0.9O3
14045,Co0.2Ag0.8O3
14046,Co0.05Ag0.95O4
14047,Co0.1Ag0.9O4
14048,Co0.2Ag0.8O4
14049,Co0.05Ag0.95O5
14050,Co0.1Ag0.9O5
14051,Co0.2Ag0.8O5
14052,Co0.05Ag0.95O6
14053,Co0.1Ag0.9O6
14054,Co0.2Ag0.8O6
14055,Co0.05Ag0.95O7
14056,Co0.1Ag0.9O7
14057,Co0.2Ag0.8O7
14058,Co0.05Ag0.95O8
14059,Co0.1Ag0.9O8
14060,Co0.2Ag0.8O8
14061,Co0.05Ag0.95O9
14062,Co0.1Ag0.9O9
14063,Co0.2Ag0.8O9
14064,Co0.05Ag0.95O10
14065,Co0.1Ag0.9O10
14066,Co0.2Ag0.8O10
14067,Co0.1Ag1.9O3
14068,Co0.2Ag1.8O3
14069,Co0.4Ag1.6O3
14070,Co0.1Ag1.9O5
14071,Co0.2Ag1.8O5
14072,Co0.4Ag1.6O5
14073,Co0.1Ag1.9O7
14074,Co0.2Ag1.8O7
14075,Co0.4Ag1.6O7
14076,Co0.1Ag1.9O9
14077,Co0.2Ag1.8O9
14078,Co0.4Ag1.6O9
14079,Co0.15Ag2.85O4
14080,Co0.3Ag2.7O4
14081,Co0.6Ag2.4O4
14082,Co0.15Ag2.85O5
14083,Co0.3Ag2.7O5
14084,Co0.6Ag2.4O5
14085,Co0.15Ag2.85O7
14086,Co0.3Ag2.7O7
14087,Co0.6Ag2.4O7
14088,Co0.15Ag2.85O8
14089,Co0.3Ag2.7O8
14090,Co0.6Ag2.4O8
14091,Co0.15Ag2.85O10
14092,Co0.3Ag2.7O10
14093,Co0.6Ag2.4O10
14094,Co0.2Ag3.8O5
14095,Co0.4Ag3.6O5
14096,Co0.8Ag3.2O5
14097,Co0.2Ag3.8O7
14098,Co0.4Ag3.6O7
14099,Co0.8Ag3.2O7
14100,Co0.2Ag3.8O9
14101,Co0.4Ag3.6O9
14102,Co0.8Ag3.2O9
14103,Co0.25Ag4.75O6
14104,Co0.5Ag4.5O6
14105,CoAgO6
14106,Co0.25Ag4.75O7
14107,Co0.5Ag4.5O7
14108,CoAgO7
14109,Co0.25Ag4.75O8
14110,Co0.5Ag4.5O8
14111,CoAgO8
14112,Co0.25Ag4.75O9
14113,Co0.5Ag4.5O9
14114,CoAgO9
14115,Co0.3Ag5.7O7
14116,Co0.6Ag5.4O7
14117,Co1.2Ag4.8O7
14118,Co0.35Ag6.65O8
14119,Co0.7Ag6.3O8
14120,Co1.4Ag5.6O8
14121,Co0.35Ag6.65O9
14122,Co0.7Ag6.3O9
14123,Co1.4Ag5.6O9
14124,Co0.35Ag6.65O10
14125,Co0.7Ag6.3O10
14126,Co1.4Ag5.6O10
14127,Co0.4Ag7.6O9
14128,Co0.8Ag7.2O9
14129,Co1.6Ag6.4O9
14130,Co0.45Ag8.55O10
14131,Co0.9Ag8.1O10
14132,Co1.8Ag7.2O10
14133,Ni0.05Ag0.95O
14134,Ni0.1Ag0.9O
14135,Ni0.2Ag0.8O
14136,Ni0.05Ag0.95O2
14137,Ni0.1Ag0.9O2
14138,Ni0.2Ag0.8O2
14139,Ni0.05Ag0.95O3
14140,Ni0.1Ag0.9O3
14141,Ni0.2Ag0.8O3
14142,Ni0.05Ag0.95O4
14143,Ni0.1Ag0.9O4
14144,Ni0.2Ag0.8O4
14145,Ni0.05Ag0.95O5
14146,Ni0.1Ag0.9O5
14147,Ni0.2Ag0.8O5
14148,Ni0.05Ag0.95O6
14149,Ni0.1Ag0.9O6
14150,Ni0.2Ag0.8O6
14151,Ni0.05Ag0.95O7
14152,Ni0.1Ag0.9O7
14153,Ni0.2Ag0.8O7
14154,Ni0.05Ag0.95O8
14155,Ni0.1Ag0.9O8
14156,Ni0.2Ag0.8O8
14157,Ni0.05Ag0.95O9
14158,Ni0.1Ag0.9O9
14159,Ni0.2Ag0.8O9
14160,Ni0.05Ag0.95O10
14161,Ni0.1Ag0.9O10
14162,Ni0.2Ag0.8O10
14163,Ni0.1Ag1.9O3
14164,Ni0.2Ag1.8O3
14165,Ni0.4Ag1.6O3
14166,Ni0.1Ag1.9O5
14167,Ni0.2Ag1.8O5
14168,Ni0.4Ag1.6O5
14169,Ni0.1Ag1.9O7
14170,Ni0.2Ag1.8O7
14171,Ni0.4Ag1.6O7
14172,Ni0.1Ag1.9O9
14173,Ni0.2Ag1.8O9
14174,Ni0.4Ag1.6O9
14175,Ni0.15Ag2.85O4
14176,Ni0.3Ag2.7O4
14177,Ni0.6Ag2.4O4
14178,Ni0.15Ag2.85O5
14179,Ni0.3Ag2.7O5
14180,Ni0.6Ag2.4O5
14181,Ni0.15Ag2.85O7
14182,Ni0.3Ag2.7O7
14183,Ni0.6Ag2.4O7
14184,Ni0.15Ag2.85O8
14185,Ni0.3Ag2.7O8
14186,Ni0.6Ag2.4O8
14187,Ni0.15Ag2.85O10
14188,Ni0.3Ag2.7O10
14189,Ni0.6Ag2.4O10
14190,Ni0.2Ag3.8O5
14191,Ni0.4Ag3.6O5
14192,Ni0.8Ag3.2O5
14193,Ni0.2Ag3.8O7
14194,Ni0.4Ag3.6O7
14195,Ni0.8Ag3.2O7
14196,Ni0.2Ag3.8O9
14197,Ni0.4Ag3.6O9
14198,Ni0.8Ag3.2O9
14199,Ni0.25Ag4.75O6
14200,Ni0.5Ag4.5O6
14201,NiAgO6
14202,Ni0.25Ag4.75O7
14203,Ni0.5Ag4.5O7
14204,NiAgO7
14205,Ni0.25Ag4.75O8
14206,Ni0.5Ag4.5O8
14207,NiAgO8
14208,Ni0.25Ag4.75O9
14209,Ni0.5Ag4.5O9
14210,NiAgO9
14211,Ni0.3Ag5.7O7
14212,Ni0.6Ag5.4O7
14213,Ni1.2Ag4.8O7
14214,Ni0.35Ag6.65O8
14215,Ni0.7Ag6.3O8
14216,Ni1.4Ag5.6O8
14217,Ni0.35Ag6.65O9
14218,Ni0.7Ag6.3O9
14219,Ni1.4Ag5.6O9
14220,Ni0.35Ag6.65O10
14221,Ni0.7Ag6.3O10
14222,Ni1.4Ag5.6O10
14223,Ni0.4Ag7.6O9
14224,Ni0.8Ag7.2O9
14225,Ni1.6Ag6.4O9
14226,Ni0.45Ag8.55O10
14227,Ni0.9Ag8.1O10
14228,Ni1.8Ag7.2O10
14229,Ru0.05Ag0.95O
14230,Ru0.1Ag0.9O
14231,Ru0.2Ag0.8O
14232,Ru0.05Ag0.95O2
14233,Ru0.1Ag0.9O2
14234,Ru0.2Ag0.8O2
14235,Ru0.05Ag0.95O3
14236,Ru0.1Ag0.9O3
14237,Ru0.2Ag0.8O3
14238,Ru0.05Ag0.95O4
14239,Ru0.1Ag0.9O4
14240,Ru0.2Ag0.8O4
14241,Ru0.05Ag0.95O5
14242,Ru0.1Ag0.9O5
14243,Ru0.2Ag0.8O5
14244,Ru0.05Ag0.95O6
14245,Ru0.1Ag0.9O6
14246,Ru0.2Ag0.8O6
14247,Ru0.05Ag0.95O7
14248,Ru0.1Ag0.9O7
14249,Ru0.2Ag0.8O7
14250,Ru0.05Ag0.95O8
14251,Ru0.1Ag0.9O8
14252,Ru0.2Ag0.8O8
14253,Ru0.05Ag0.95O9
14254,Ru0.1Ag0.9O9
14255,Ru0.2Ag0.8O9
14256,Ru0.05Ag0.95O10
14257,Ru0.1Ag0.9O10
14258,Ru0.2Ag0.8O10
14259,Ru0.1Ag1.9O3
14260,Ru0.2Ag1.8O3
14261,Ru0.4Ag1.6O3
14262,Ru0.1Ag1.9O5
14263,Ru0.2Ag1.8O5
14264,Ru0.4Ag1.6O5
14265,Ru0.1Ag1.9O7
14266,Ru0.2Ag1.8O7
14267,Ru0.4Ag1.6O7
14268,Ru0.1Ag1.9O9
14269,Ru0.2Ag1.8O9
14270,Ru0.4Ag1.6O9
14271,Ru0.15Ag2.85O4
14272,Ru0.3Ag2.7O4
14273,Ru0.6Ag2.4O4
14274,Ru0.15Ag2.85O5
14275,Ru0.3Ag2.7O5
14276,Ru0.6Ag2.4O5
14277,Ru0.15Ag2.85O7
14278,Ru0.3Ag2.7O7
14279,Ru0.6Ag2.4O7
14280,Ru0.15Ag2.85O8
14281,Ru0.3Ag2.7O8
14282,Ru0.6Ag2.4O8
14283,Ru0.15Ag2.85O10
14284,Ru0.3Ag2.7O10
14285,Ru0.6Ag2.4O10
14286,Ru0.2Ag3.8O5
14287,Ru0.4Ag3.6O5
14288,Ru0.8Ag3.2O5
14289,Ru0.2Ag3.8O7
14290,Ru0.4Ag3.6O7
14291,Ru0.8Ag3.2O7
14292,Ru0.2Ag3.8O9
14293,Ru0.4Ag3.6O9
14294,Ru0.8Ag3.2O9
14295,Ru0.25Ag4.75O6
14296,Ru0.5Ag4.5O6
14297,RuAgO6
14298,Ru0.25Ag4.75O7
14299,Ru0.5Ag4.5O7
14300,RuAgO7
14301,Ru0.25Ag4.75O8
14302,Ru0.5Ag4.5O8
14303,RuAgO8
14304,Ru0.25Ag4.75O9
14305,Ru0.5Ag4.5O9
14306,RuAgO9
14307,Ru0.3Ag5.7O7
14308,Ru0.6Ag5.4O7
14309,Ru1.2Ag4.8O7
14310,Ru0.35Ag6.65O8
14311,Ru0.7Ag6.3O8
14312,Ru1.4Ag5.6O8
14313,Ru0.35Ag6.65O9
14314,Ru0.7Ag6.3O9
14315,Ru1.4Ag5.6O9
14316,Ru0.35Ag6.65O10
14317,Ru0.7Ag6.3O10
14318,Ru1.4Ag5.6O10
14319,Ru0.4Ag7.6O9
14320,Ru0.8Ag7.2O9
14321,Ru1.6Ag6.4O9
14322,Ru0.45Ag8.55O10
14323,Ru0.9Ag8.1O10
14324,Ru1.8Ag7.2O10
14325,Pd0.05Ag0.95O
14326,Pd0.1Ag0.9O
14327,Pd0.2Ag0.8O
14328,Pd0.05Ag0.95O2
14329,Pd0.1Ag0.9O2
14330,Pd0.2Ag0.8O2
14331,Pd0.05Ag0.95O3
14332,Pd0.1Ag0.9O3
14333,Pd0.2Ag0.8O3
14334,Pd0.05Ag0.95O4
14335,Pd0.1Ag0.9O4
14336,Pd0.2Ag0.8O4
14337,Pd0.05Ag0.95O5
14338,Pd0.1Ag0.9O5
14339,Pd0.2Ag0.8O5
14340,Pd0.05Ag0.95O6
14341,Pd0.1Ag0.9O6
14342,Pd0.2Ag0.8O6
14343,Pd0.05Ag0.95O7
14344,Pd0.1Ag0.9O7
14345,Pd0.2Ag0.8O7
14346,Pd0.05Ag0.95O8
14347,Pd0.1Ag0.9O8
14348,Pd0.2Ag0.8O8
14349,Pd0.05Ag0.95O9
14350,Pd0.1Ag0.9O9
14351,Pd0.2Ag0.8O9
14352,Pd0.05Ag0.95O10
14353,Pd0.1Ag0.9O10
14354,Pd0.2Ag0.8O10
14355,Pd0.1Ag1.9O3
14356,Pd0.2Ag1.8O3
14357,Pd0.4Ag1.6O3
14358,Pd0.1Ag1.9O5
14359,Pd0.2Ag1.8O5
14360,Pd0.4Ag1.6O5
14361,Pd0.1Ag1.9O7
14362,Pd0.2Ag1.8O7
14363,Pd0.4Ag1.6O7
14364,Pd0.1Ag1.9O9
14365,Pd0.2Ag1.8O9
14366,Pd0.4Ag1.6O9
14367,Pd0.15Ag2.85O4
14368,Pd0.3Ag2.7O4
14369,Pd0.6Ag2.4O4
14370,Pd0.15Ag2.85O5
14371,Pd0.3Ag2.7O5
14372,Pd0.6Ag2.4O5
14373,Pd0.15Ag2.85O7
14374,Pd0.3Ag2.7O7
14375,Pd0.6Ag2.4O7
14376,Pd0.15Ag2.85O8
14377,Pd0.3Ag2.7O8
14378,Pd0.6Ag2.4O8
14379,Pd0.15Ag2.85O10
14380,Pd0.3Ag2.7O10
14381,Pd0.6Ag2.4O10
14382,Pd0.2Ag3.8O5
14383,Pd0.4Ag3.6O5
14384,Pd0.8Ag3.2O5
14385,Pd0.2Ag3.8O7
14386,Pd0.4Ag3.6O7
14387,Pd0.8Ag3.2O7
14388,Pd0.2Ag3.8O9
14389,Pd0.4Ag3.6O9
14390,Pd0.8Ag3.2O9
14391,Pd0.25Ag4.75O6
14392,Pd0.5Ag4.5O6
14393,PdAgO6
14394,Pd0.25Ag4.75O7
14395,Pd0.5Ag4.5O7
14396,PdAgO7
14397,Pd0.25Ag4.75O8
14398,Pd0.5Ag4.5O8
14399,PdAgO8
14400,Pd0.25Ag4.75O9
14401,Pd0.5Ag4.5O9
14402,PdAgO9
14403,Pd0.3Ag5.7O7
14404,Pd0.6Ag5.4O7
14405,Pd1.2Ag4.8O7
14406,Pd0.35Ag6.65O8
14407,Pd0.7Ag6.3O8
14408,Pd1.4Ag5.6O8
14409,Pd0.35Ag6.65O9
14410,Pd0.7Ag6.3O9
14411,Pd1.4Ag5.6O9
14412,Pd0.35Ag6.65O10
14413,Pd0.7Ag6.3O10
14414,Pd1.4Ag5.6O10
14415,Pd0.4Ag7.6O9
14416,Pd0.8Ag7.2O9
14417,Pd1.6Ag6.4O9
14418,Pd0.45Ag8.55O10
14419,Pd0.9Ag8.1O10
14420,Pd1.8Ag7.2O10
14421,Pt0.05Ag0.95O
14422,Pt0.1Ag0.9O
14423,Pt0.2Ag0.8O
14424,Pt0.05Ag0.95O2
14425,Pt0.1Ag0.9O2
14426,Pt0.2Ag0.8O2
14427,Pt0.05Ag0.95O3
14428,Pt0.1Ag0.9O3
14429,Pt0.2Ag0.8O3
14430,Pt0.05Ag0.95O4
14431,Pt0.1Ag0.9O4
14432,Pt0.2Ag0.8O4
14433,Pt0.05Ag0.95O5
14434,Pt0.1Ag0.9O5
14435,Pt0.2Ag0.8O5
14436,Pt0.05Ag0.95O6
14437,Pt0.1Ag0.9O6
14438,Pt0.2Ag0.8O6
14439,Pt0.05Ag0.95O7
14440,Pt0.1Ag0.9O7
14441,Pt0.2Ag0.8O7
14442,Pt0.05Ag0.95O8
14443,Pt0.1Ag0.9O8
14444,Pt0.2Ag0.8O8
14445,Pt0.05Ag0.95O9
14446,Pt0.1Ag0.9O9
14447,Pt0.2Ag0.8O9
14448,Pt0.05Ag0.95O10
14449,Pt0.1Ag0.9O10
14450,Pt0.2Ag0.8O10
14451,Pt0.1Ag1.9O3
14452,Pt0.2Ag1.8O3
14453,Pt0.4Ag1.6O3
14454,Pt0.1Ag1.9O5
14455,Pt0.2Ag1.8O5
14456,Pt0.4Ag1.6O5
14457,Pt0.1Ag1.9O7
14458,Pt0.2Ag1.8O7
14459,Pt0.4Ag1.6O7
14460,Pt0.1Ag1.9O9
14461,Pt0.2Ag1.8O9
14462,Pt0.4Ag1.6O9
14463,Pt0.15Ag2.85O4
14464,Pt0.3Ag2.7O4
14465,Pt0.6Ag2.4O4
14466,Pt0.15Ag2.85O5
14467,Pt0.3Ag2.7O5
14468,Pt0.6Ag2.4O5
14469,Pt0.15Ag2.85O7
14470,Pt0.3Ag2.7O7
14471,Pt0.6Ag2.4O7
14472,Pt0.15Ag2.85O8
14473,Pt0.3Ag2.7O8
14474,Pt0.6Ag2.4O8
14475,Pt0.15Ag2.85O10
14476,Pt0.3Ag2.7O10
14477,Pt0.6Ag2.4O10
14478,Pt0.2Ag3.8O5
14479,Pt0.4Ag3.6O5
14480,Pt0.8Ag3.2O5
14481,Pt0.2Ag3.8O7
14482,Pt0.4Ag3.6O7
14483,Pt0.8Ag3.2O7
14484,Pt0.2Ag3.8O9
14485,Pt0.4Ag3.6O9
14486,Pt0.8Ag3.2O9
14487,Pt0.25Ag4.75O6
14488,Pt0.5Ag4.5O6
14489,PtAgO6
14490,Pt0.25Ag4.75O7
14491,Pt0.5Ag4.5O7
14492,PtAgO7
14493,Pt0.25Ag4.75O8
14494,Pt0.5Ag4.5O8
14495,PtAgO8
14496,Pt0.25Ag4.75O9
14497,Pt0.5Ag4.5O9
14498,PtAgO9
14499,Pt0.3Ag5.7O7
14500,Pt0.6Ag5.4O7
14501,Pt1.2Ag4.8O7
14502,Pt0.35Ag6.65O8
14503,Pt0.7Ag6.3O8
14504,Pt1.4Ag5.6O8
14505,Pt0.35Ag6.65O9
14506,Pt0.7Ag6.3O9
14507,Pt1.4Ag5.6O9
14508,Pt0.35Ag6.65O10
14509,Pt0.7Ag6.3O10
14510,Pt1.4Ag5.6O10
14511,Pt0.4Ag7.6O9
14512,Pt0.8Ag7.2O9
14513,Pt1.6Ag6.4O9
14514,Pt0.45Ag8.55O10
14515,Pt0.9Ag8.1O10
14516,Pt1.8Ag7.2O10
14517,Mn0.05Cd0.95O
14518,Mn0.1Cd0.9O
14519,Mn0.2Cd0.8O
14520,Mn0.05Cd0.95O2
14521,Mn0.1Cd0.9O2
14522,Mn0.2Cd0.8O2
14523,Mn0.05Cd0.95O3
14524,Mn0.1Cd0.9O3
14525,Mn0.2Cd0.8O3
14526,Mn0.05Cd0.95O4
14527,Mn0.1Cd0.9O4
14528,Mn0.2Cd0.8O4
14529,Mn0.05Cd0.95O5
14530,Mn0.1Cd0.9O5
14531,Mn0.2Cd0.8O5
14532,Mn0.05Cd0.95O6
14533,Mn0.1Cd0.9O6
14534,Mn0.2Cd0.8O6
14535,Mn0.05Cd0.95O7
14536,Mn0.1Cd0.9O7
14537,Mn0.2Cd0.8O7
14538,Mn0.05Cd0.95O8
14539,Mn0.1Cd0.9O8
14540,Mn0.2Cd0.8O8
14541,Mn0.05Cd0.95O9
14542,Mn0.1Cd0.9O9
14543,Mn0.2Cd0.8O9
14544,Mn0.05Cd0.95O10
14545,Mn0.1Cd0.9O10
14546,Mn0.2Cd0.8O10
14547,Mn0.1Cd1.9O3
14548,Mn0.2Cd1.8O3
14549,Mn0.4Cd1.6O3
14550,Mn0.1Cd1.9O5
14551,Mn0.2Cd1.8O5
14552,Mn0.4Cd1.6O5
14553,Mn0.1Cd1.9O7
14554,Mn0.2Cd1.8O7
14555,Mn0.4Cd1.6O7
14556,Mn0.1Cd1.9O9
14557,Mn0.2Cd1.8O9
14558,Mn0.4Cd1.6O9
14559,Mn0.15Cd2.85O4
14560,Mn0.3Cd2.7O4
14561,Mn0.6Cd2.4O4
14562,Mn0.15Cd2.85O5
14563,Mn0.3Cd2.7O5
14564,Mn0.6Cd2.4O5
14565,Mn0.15Cd2.85O7
14566,Mn0.3Cd2.7O7
14567,Mn0.6Cd2.4O7
14568,Mn0.15Cd2.85O8
14569,Mn0.3Cd2.7O8
14570,Mn0.6Cd2.4O8
14571,Mn0.15Cd2.85O10
14572,Mn0.3Cd2.7O10
14573,Mn0.6Cd2.4O10
14574,Mn0.2Cd3.8O5
14575,Mn0.4Cd3.6O5
14576,Mn0.8Cd3.2O5
14577,Mn0.2Cd3.8O7
14578,Mn0.4Cd3.6O7
14579,Mn0.8Cd3.2O7
14580,Mn0.2Cd3.8O9
14581,Mn0.4Cd3.6O9
14582,Mn0.8Cd3.2O9
14583,Mn0.25Cd4.75O6
14584,Mn0.5Cd4.5O6
14585,MnCdO6
14586,Mn0.25Cd4.75O7
14587,Mn0.5Cd4.5O7
14588,MnCdO7
14589,Mn0.25Cd4.75O8
14590,Mn0.5Cd4.5O8
14591,MnCdO8
14592,Mn0.25Cd4.75O9
14593,Mn0.5Cd4.5O9
14594,MnCdO9
14595,Mn0.3Cd5.7O7
14596,Mn0.6Cd5.4O7
14597,Mn1.2Cd4.8O7
14598,Mn0.35Cd6.65O8
14599,Mn0.7Cd6.3O8
14600,Mn1.4Cd5.6O8
14601,Mn0.35Cd6.65O9
14602,Mn0.7Cd6.3O9
14603,Mn1.4Cd5.6O9
14604,Mn0.35Cd6.65O10
14605,Mn0.7Cd6.3O10
14606,Mn1.4Cd5.6O10
14607,Mn0.4Cd7.6O9
14608,Mn0.8Cd7.2O9
14609,Mn1.6Cd6.4O9
14610,Mn0.45Cd8.55O10
14611,Mn0.9Cd8.1O10
14612,Mn1.8Cd7.2O10
14613,Fe0.05Cd0.95O
14614,Fe0.1Cd0.9O
14615,Fe0.2Cd0.8O
14616,Fe0.05Cd0.95O2
14617,Fe0.1Cd0.9O2
14618,Fe0.2Cd0.8O2
14619,Fe0.05Cd0.95O3
14620,Fe0.1Cd0.9O3
14621,Fe0.2Cd0.8O3
14622,Fe0.05Cd0.95O4
14623,Fe0.1Cd0.9O4
14624,Fe0.2Cd0.8O4
14625,Fe0.05Cd0.95O5
14626,Fe0.1Cd0.9O5
14627,Fe0.2Cd0.8O5
14628,Fe0.05Cd0.95O6
14629,Fe0.1Cd0.9O6
14630,Fe0.2Cd0.8O6
14631,Fe0.05Cd0.95O7
14632,Fe0.1Cd0.9O7
14633,Fe0.2Cd0.8O7
14634,Fe0.05Cd0.95O8
14635,Fe0.1Cd0.9O8
14636,Fe0.2Cd0.8O8
14637,Fe0.05Cd0.95O9
14638,Fe0.1Cd0.9O9
14639,Fe0.2Cd0.8O9
14640,Fe0.05Cd0.95O10
14641,Fe0.1Cd0.9O10
14642,Fe0.2Cd0.8O10
14643,Fe0.1Cd1.9O3
14644,Fe0.2Cd1.8O3
14645,Fe0.4Cd1.6O3
14646,Fe0.1Cd1.9O5
14647,Fe0.2Cd1.8O5
14648,Fe0.4Cd1.6O5
14649,Fe0.1Cd1.9O7
14650,Fe0.2Cd1.8O7
14651,Fe0.4Cd1.6O7
14652,Fe0.1Cd1.9O9
14653,Fe0.2Cd1.8O9
14654,Fe0.4Cd1.6O9
14655,Fe0.15Cd2.85O4
14656,Fe0.3Cd2.7O4
14657,Fe0.6Cd2.4O4
14658,Fe0.15Cd2.85O5
14659,Fe0.3Cd2.7O5
14660,Fe0.6Cd2.4O5
14661,Fe0.15Cd2.85O7
14662,Fe0.3Cd2.7O7
14663,Fe0.6Cd2.4O7
14664,Fe0.15Cd2.85O8
14665,Fe0.3Cd2.7O8
14666,Fe0.6Cd2.4O8
14667,Fe0.15Cd2.85O10
14668,Fe0.3Cd2.7O10
14669,Fe0.6Cd2.4O10
14670,Fe0.2Cd3.8O5
14671,Fe0.4Cd3.6O5
14672,Fe0.8Cd3.2O5
14673,Fe0.2Cd3.8O7
14674,Fe0.4Cd3.6O7
14675,Fe0.8Cd3.2O7
14676,Fe0.2Cd3.8O9
14677,Fe0.4Cd3.6O9
14678,Fe0.8Cd3.2O9
14679,Fe0.25Cd4.75O6
14680,Fe0.5Cd4.5O6
14681,FeCdO6
14682,Fe0.25Cd4.75O7
14683,Fe0.5Cd4.5O7
14684,FeCdO7
14685,Fe0.25Cd4.75O8
14686,Fe0.5Cd4.5O8
14687,FeCdO8
14688,Fe0.25Cd4.75O9
14689,Fe0.5Cd4.5O9
14690,FeCdO9
14691,Fe0.3Cd5.7O7
14692,Fe0.6Cd5.4O7
14693,Fe1.2Cd4.8O7
14694,Fe0.35Cd6.65O8
14695,Fe0.7Cd6.3O8
14696,Fe1.4Cd5.6O8
14697,Fe0.35Cd6.65O9
14698,Fe0.7Cd6.3O9
14699,Fe1.4Cd5.6O9
14700,Fe0.35Cd6.65O10
14701,Fe0.7Cd6.3O10
14702,Fe1.4Cd5.6O10
14703,Fe0.4Cd7.6O9
14704,Fe0.8Cd7.2O9
14705,Fe1.6Cd6.4O9
14706,Fe0.45Cd8.55O10
14707,Fe0.9Cd8.1O10
14708,Fe1.8Cd7.2O10
14709,Co0.05Cd0.95O
14710,Co0.1Cd0.9O
14711,Co0.2Cd0.8O
14712,Co0.05Cd0.95O2
14713,Co0.1Cd0.9O2
14714,Co0.2Cd0.8O2
14715,Co0.05Cd0.95O3
14716,Co0.1Cd0.9O3
14717,Co0.2Cd0.8O3
14718,Co0.05Cd0.95O4
14719,Co0.1Cd0.9O4
14720,Co0.2Cd0.8O4
14721,Co0.05Cd0.95O5
14722,Co0.1Cd0.9O5
14723,Co0.2Cd0.8O5
14724,Co0.05Cd0.95O6
14725,Co0.1Cd0.9O6
14726,Co0.2Cd0.8O6
14727,Co0.05Cd0.95O7
14728,Co0.1Cd0.9O7
14729,Co0.2Cd0.8O7
14730,Co0.05Cd0.95O8
14731,Co0.1Cd0.9O8
14732,Co0.2Cd0.8O8
14733,Co0.05Cd0.95O9
14734,Co0.1Cd0.9O9
14735,Co0.2Cd0.8O9
14736,Co0.05Cd0.95O10
14737,Co0.1Cd0.9O10
14738,Co0.2Cd0.8O10
14739,Co0.1Cd1.9O3
14740,Co0.2Cd1.8O3
14741,Co0.4Cd1.6O3
14742,Co0.1Cd1.9O5
14743,Co0.2Cd1.8O5
14744,Co0.4Cd1.6O5
14745,Co0.1Cd1.9O7
14746,Co0.2Cd1.8O7
14747,Co0.4Cd1.6O7
14748,Co0.1Cd1.9O9
14749,Co0.2Cd1.8O9
14750,Co0.4Cd1.6O9
14751,Co0.15Cd2.85O4
14752,Co0.3Cd2.7O4
14753,Co0.6Cd2.4O4
14754,Co0.15Cd2.85O5
14755,Co0.3Cd2.7O5
14756,Co0.6Cd2.4O5
14757,Co0.15Cd2.85O7
14758,Co0.3Cd2.7O7
14759,Co0.6Cd2.4O7
14760,Co0.15Cd2.85O8
14761,Co0.3Cd2.7O8
14762,Co0.6Cd2.4O8
14763,Co0.15Cd2.85O10
14764,Co0.3Cd2.7O10
14765,Co0.6Cd2.4O10
14766,Co0.2Cd3.8O5
14767,Co0.4Cd3.6O5
14768,Co0.8Cd3.2O5
14769,Co0.2Cd3.8O7
14770,Co0.4Cd3.6O7
14771,Co0.8Cd3.2O7
14772,Co0.2Cd3.8O9
14773,Co0.4Cd3.6O9
14774,Co0.8Cd3.2O9
14775,Co0.25Cd4.75O6
14776,Co0.5Cd4.5O6
14777,CoCdO6
14778,Co0.25Cd4.75O7
14779,Co0.5Cd4.5O7
14780,CoCdO7
14781,Co0.25Cd4.75O8
14782,Co0.5Cd4.5O8
14783,CoCdO8
14784,Co0.25Cd4.75O9
14785,Co0.5Cd4.5O9
14786,CoCdO9
14787,Co0.3Cd5.7O7
14788,Co0.6Cd5.4O7
14789,Co1.2Cd4.8O7
14790,Co0.35Cd6.65O8
14791,Co0.7Cd6.3O8
14792,Co1.4Cd5.6O8
14793,Co0.35Cd6.65O9
14794,Co0.7Cd6.3O9
14795,Co1.4Cd5.6O9
14796,Co0.35Cd6.65O10
14797,Co0.7Cd6.3O10
14798,Co1.4Cd5.6O10
14799,Co0.4Cd7.6O9
14800,Co0.8Cd7.2O9
14801,Co1.6Cd6.4O9
14802,Co0.45Cd8.55O10
14803,Co0.9Cd8.1O10
14804,Co1.8Cd7.2O10
14805,Ni0.05Cd0.95O
14806,Ni0.1Cd0.9O
14807,Ni0.2Cd0.8O
14808,Ni0.05Cd0.95O2
14809,Ni0.1Cd0.9O2
14810,Ni0.2Cd0.8O2
14811,Ni0.05Cd0.95O3
14812,Ni0.1Cd0.9O3
14813,Ni0.2Cd0.8O3
14814,Ni0.05Cd0.95O4
14815,Ni0.1Cd0.9O4
14816,Ni0.2Cd0.8O4
14817,Ni0.05Cd0.95O5
14818,Ni0.1Cd0.9O5
14819,Ni0.2Cd0.8O5
14820,Ni0.05Cd0.95O6
14821,Ni0.1Cd0.9O6
14822,Ni0.2Cd0.8O6
14823,Ni0.05Cd0.95O7
14824,Ni0.1Cd0.9O7
14825,Ni0.2Cd0.8O7
14826,Ni0.05Cd0.95O8
14827,Ni0.1Cd0.9O8
14828,Ni0.2Cd0.8O8
14829,Ni0.05Cd0.95O9
14830,Ni0.1Cd0.9O9
14831,Ni0.2Cd0.8O9
14832,Ni0.05Cd0.95O10
14833,Ni0.1Cd0.9O10
14834,Ni0.2Cd0.8O10
14835,Ni0.1Cd1.9O3
14836,Ni0.2Cd1.8O3
14837,Ni0.4Cd1.6O3
14838,Ni0.1Cd1.9O5
14839,Ni0.2Cd1.8O5
14840,Ni0.4Cd1.6O5
14841,Ni0.1Cd1.9O7
14842,Ni0.2Cd1.8O7
14843,Ni0.4Cd1.6O7
14844,Ni0.1Cd1.9O9
14845,Ni0.2Cd1.8O9
14846,Ni0.4Cd1.6O9
14847,Ni0.15Cd2.85O4
14848,Ni0.3Cd2.7O4
14849,Ni0.6Cd2.4O4
14850,Ni0.15Cd2.85O5
14851,Ni0.3Cd2.7O5
14852,Ni0.6Cd2.4O5
14853,Ni0.15Cd2.85O7
14854,Ni0.3Cd2.7O7
14855,Ni0.6Cd2.4O7
14856,Ni0.15Cd2.85O8
14857,Ni0.3Cd2.7O8
14858,Ni0.6Cd2.4O8
14859,Ni0.15Cd2.85O10
14860,Ni0.3Cd2.7O10
14861,Ni0.6Cd2.4O10
14862,Ni0.2Cd3.8O5
14863,Ni0.4Cd3.6O5
14864,Ni0.8Cd3.2O5
14865,Ni0.2Cd3.8O7
14866,Ni0.4Cd3.6O7
14867,Ni0.8Cd3.2O7
14868,Ni0.2Cd3.8O9
14869,Ni0.4Cd3.6O9
14870,Ni0.8Cd3.2O9
14871,Ni0.25Cd4.75O6
14872,Ni0.5Cd4.5O6
14873,NiCdO6
14874,Ni0.25Cd4.75O7
14875,Ni0.5Cd4.5O7
14876,NiCdO7
14877,Ni0.25Cd4.75O8
14878,Ni0.5Cd4.5O8
14879,NiCdO8
14880,Ni0.25Cd4.75O9
14881,Ni0.5Cd4.5O9
14882,NiCdO9
14883,Ni0.3Cd5.7O7
14884,Ni0.6Cd5.4O7
14885,Ni1.2Cd4.8O7
14886,Ni0.35Cd6.65O8
14887,Ni0.7Cd6.3O8
14888,Ni1.4Cd5.6O8
14889,Ni0.35Cd6.65O9
14890,Ni0.7Cd6.3O9
14891,Ni1.4Cd5.6O9
14892,Ni0.35Cd6.65O10
14893,Ni0.7Cd6.3O10
14894,Ni1.4Cd5.6O10
14895,Ni0.4Cd7.6O9
14896,Ni0.8Cd7.2O9
14897,Ni1.6Cd6.4O9
14898,Ni0.45Cd8.55O10
14899,Ni0.9Cd8.1O10
14900,Ni1.8Cd7.2O10
14901,Ru0.05Cd0.95O
14902,Ru0.1Cd0.9O
14903,Ru0.2Cd0.8O
14904,Ru0.05Cd0.95O2
14905,Ru0.1Cd0.9O2
14906,Ru0.2Cd0.8O2
14907,Ru0.05Cd0.95O3
14908,Ru0.1Cd0.9O3
14909,Ru0.2Cd0.8O3
14910,Ru0.05Cd0.95O4
14911,Ru0.1Cd0.9O4
14912,Ru0.2Cd0.8O4
14913,Ru0.05Cd0.95O5
14914,Ru0.1Cd0.9O5
14915,Ru0.2Cd0.8O5
14916,Ru0.05Cd0.95O6
14917,Ru0.1Cd0.9O6
14918,Ru0.2Cd0.8O6
14919,Ru0.05Cd0.95O7
14920,Ru0.1Cd0.9O7
14921,Ru0.2Cd0.8O7
14922,Ru0.05Cd0.95O8
14923,Ru0.1Cd0.9O8
14924,Ru0.2Cd0.8O8
14925,Ru0.05Cd0.95O9
14926,Ru0.1Cd0.9O9
14927,Ru0.2Cd0.8O9
14928,Ru0.05Cd0.95O10
14929,Ru0.1Cd0.9O10
14930,Ru0.2Cd0.8O10
14931,Ru0.1Cd1.9O3
14932,Ru0.2Cd1.8O3
14933,Ru0.4Cd1.6O3
14934,Ru0.1Cd1.9O5
14935,Ru0.2Cd1.8O5
14936,Ru0.4Cd1.6O5
14937,Ru0.1Cd1.9O7
14938,Ru0.2Cd1.8O7
14939,Ru0.4Cd1.6O7
14940,Ru0.1Cd1.9O9
14941,Ru0.2Cd1.8O9
14942,Ru0.4Cd1.6O9
14943,Ru0.15Cd2.85O4
14944,Ru0.3Cd2.7O4
14945,Ru0.6Cd2.4O4
14946,Ru0.15Cd2.85O5
14947,Ru0.3Cd2.7O5
14948,Ru0.6Cd2.4O5
14949,Ru0.15Cd2.85O7
14950,Ru0.3Cd2.7O7
14951,Ru0.6Cd2.4O7
14952,Ru0.15Cd2.85O8
14953,Ru0.3Cd2.7O8
14954,Ru0.6Cd2.4O8
14955,Ru0.15Cd2.85O10
14956,Ru0.3Cd2.7O10
14957,Ru0.6Cd2.4O10
14958,Ru0.2Cd3.8O5
14959,Ru0.4Cd3.6O5
14960,Ru0.8Cd3.2O5
14961,Ru0.2Cd3.8O7
14962,Ru0.4Cd3.6O7
14963,Ru0.8Cd3.2O7
14964,Ru0.2Cd3.8O9
14965,Ru0.4Cd3.6O9
14966,Ru0.8Cd3.2O9
14967,Ru0.25Cd4.75O6
14968,Ru0.5Cd4.5O6
14969,RuCdO6
14970,Ru0.25Cd4.75O7
14971,Ru0.5Cd4.5O7
14972,RuCdO7
14973,Ru0.25Cd4.75O8
14974,Ru0.5Cd4.5O8
14975,RuCdO8
14976,Ru0.25Cd4.75O9
14977,Ru0.5Cd4.5O9
14978,RuCdO9
14979,Ru0.3Cd5.7O7
14980,Ru0.6Cd5.4O7
14981,Ru1.2Cd4.8O7
14982,Ru0.35Cd6.65O8
14983,Ru0.7Cd6.3O8
14984,Ru1.4Cd5.6O8
14985,Ru0.35Cd6.65O9
14986,Ru0.7Cd6.3O9
14987,Ru1.4Cd5.6O9
14988,Ru0.35Cd6.65O10
14989,Ru0.7Cd6.3O10
14990,Ru1.4Cd5.6O10
14991,Ru0.4Cd7.6O9
14992,Ru0.8Cd7.2O9
14993,Ru1.6Cd6.4O9
14994,Ru0.45Cd8.55O10
14995,Ru0.9Cd8.1O10
14996,Ru1.8Cd7.2O10
14997,Pd0.05Cd0.95O
14998,Pd0.1Cd0.9O
14999,Pd0.2Cd0.8O
15000,Pd0.05Cd0.95O2
15001,Pd0.1Cd0.9O2
15002,Pd0.2Cd0.8O2
15003,Pd0.05Cd0.95O3
15004,Pd0.1Cd0.9O3
15005,Pd0.2Cd0.8O3
15006,Pd0.05Cd0.95O4
15007,Pd0.1Cd0.9O4
15008,Pd0.2Cd0.8O4
15009,Pd0.05Cd0.95O5
15010,Pd0.1Cd0.9O5
15011,Pd0.2Cd0.8O5
15012,Pd0.05Cd0.95O6
15013,Pd0.1Cd0.9O6
15014,Pd0.2Cd0.8O6
15015,Pd0.05Cd0.95O7
15016,Pd0.1Cd0.9O7
15017,Pd0.2Cd0.8O7
15018,Pd0.05Cd0.95O8
15019,Pd0.1Cd0.9O8
15020,Pd0.2Cd0.8O8
15021,Pd0.05Cd0.95O9
15022,Pd0.1Cd0.9O9
15023,Pd0.2Cd0.8O9
15024,Pd0.05Cd0.95O10
15025,Pd0.1Cd0.9O10
15026,Pd0.2Cd0.8O10
15027,Pd0.1Cd1.9O3
15028,Pd0.2Cd1.8O3
15029,Pd0.4Cd1.6O3
15030,Pd0.1Cd1.9O5
15031,Pd0.2Cd1.8O5
15032,Pd0.4Cd1.6O5
15033,Pd0.1Cd1.9O7
15034,Pd0.2Cd1.8O7
15035,Pd0.4Cd1.6O7
15036,Pd0.1Cd1.9O9
15037,Pd0.2Cd1.8O9
15038,Pd0.4Cd1.6O9
15039,Pd0.15Cd2.85O4
15040,Pd0.3Cd2.7O4
15041,Pd0.6Cd2.4O4
15042,Pd0.15Cd2.85O5
15043,Pd0.3Cd2.7O5
15044,Pd0.6Cd2.4O5
15045,Pd0.15Cd2.85O7
15046,Pd0.3Cd2.7O7
15047,Pd0.6Cd2.4O7
15048,Pd0.15Cd2.85O8
15049,Pd0.3Cd2.7O8
15050,Pd0.6Cd2.4O8
15051,Pd0.15Cd2.85O10
15052,Pd0.3Cd2.7O10
15053,Pd0.6Cd2.4O10
15054,Pd0.2Cd3.8O5
15055,Pd0.4Cd3.6O5
15056,Pd0.8Cd3.2O5
15057,Pd0.2Cd3.8O7
15058,Pd0.4Cd3.6O7
15059,Pd0.8Cd3.2O7
15060,Pd0.2Cd3.8O9
15061,Pd0.4Cd3.6O9
15062,Pd0.8Cd3.2O9
15063,Pd0.25Cd4.75O6
15064,Pd0.5Cd4.5O6
15065,PdCdO6
15066,Pd0.25Cd4.75O7
15067,Pd0.5Cd4.5O7
15068,PdCdO7
15069,Pd0.25Cd4.75O8
15070,Pd0.5Cd4.5O8
15071,PdCdO8
15072,Pd0.25Cd4.75O9
15073,Pd0.5Cd4.5O9
15074,PdCdO9
15075,Pd0.3Cd5.7O7
15076,Pd0.6Cd5.4O7
15077,Pd1.2Cd4.8O7
15078,Pd0.35Cd6.65O8
15079,Pd0.7Cd6.3O8
15080,Pd1.4Cd5.6O8
15081,Pd0.35Cd6.65O9
15082,Pd0.7Cd6.3O9
15083,Pd1.4Cd5.6O9
15084,Pd0.35Cd6.65O10
15085,Pd0.7Cd6.3O10
15086,Pd1.4Cd5.6O10
15087,Pd0.4Cd7.6O9
15088,Pd0.8Cd7.2O9
15089,Pd1.6Cd6.4O9
15090,Pd0.45Cd8.55O10
15091,Pd0.9Cd8.1O10
15092,Pd1.8Cd7.2O10
15093,Ag0.05Cd0.95O
15094,Ag0.1Cd0.9O
15095,Ag0.2Cd0.8O
15096,Ag0.05Cd0.95O2
15097,Ag0.1Cd0.9O2
15098,Ag0.2Cd0.8O2
15099,Ag0.05Cd0.95O3
15100,Ag0.1Cd0.9O3
15101,Ag0.2Cd0.8O3
15102,Ag0.05Cd0.95O4
15103,Ag0.1Cd0.9O4
15104,Ag0.2Cd0.8O4
15105,Ag0.05Cd0.95O5
15106,Ag0.1Cd0.9O5
15107,Ag0.2Cd0.8O5
15108,Ag0.05Cd0.95O6
15109,Ag0.1Cd0.9O6
15110,Ag0.2Cd0.8O6
15111,Ag0.05Cd0.95O7
15112,Ag0.1Cd0.9O7
15113,Ag0.2Cd0.8O7
15114,Ag0.05Cd0.95O8
15115,Ag0.1Cd0.9O8
15116,Ag0.2Cd0.8O8
15117,Ag0.05Cd0.95O9
15118,Ag0.1Cd0.9O9
15119,Ag0.2Cd0.8O9
15120,Ag0.05Cd0.95O10
15121,Ag0.1Cd0.9O10
15122,Ag0.2Cd0.8O10
15123,Ag0.1Cd1.9O3
15124,Ag0.2Cd1.8O3
15125,Ag0.4Cd1.6O3
15126,Ag0.1Cd1.9O5
15127,Ag0.2Cd1.8O5
15128,Ag0.4Cd1.6O5
15129,Ag0.1Cd1.9O7
15130,Ag0.2Cd1.8O7
15131,Ag0.4Cd1.6O7
15132,Ag0.1Cd1.9O9
15133,Ag0.2Cd1.8O9
15134,Ag0.4Cd1.6O9
15135,Ag0.15Cd2.85O4
15136,Ag0.3Cd2.7O4
15137,Ag0.6Cd2.4O4
15138,Ag0.15Cd2.85O5
15139,Ag0.3Cd2.7O5
15140,Ag0.6Cd2.4O5
15141,Ag0.15Cd2.85O7
15142,Ag0.3Cd2.7O7
15143,Ag0.6Cd2.4O7
15144,Ag0.15Cd2.85O8
15145,Ag0.3Cd2.7O8
15146,Ag0.6Cd2.4O8
15147,Ag0.15Cd2.85O10
15148,Ag0.3Cd2.7O10
15149,Ag0.6Cd2.4O10
15150,Ag0.2Cd3.8O5
15151,Ag0.4Cd3.6O5
15152,Ag0.8Cd3.2O5
15153,Ag0.2Cd3.8O7
15154,Ag0.4Cd3.6O7
15155,Ag0.8Cd3.2O7
15156,Ag0.2Cd3.8O9
15157,Ag0.4Cd3.6O9
15158,Ag0.8Cd3.2O9
15159,Ag0.25Cd4.75O6
15160,Ag0.5Cd4.5O6
15161,AgCdO6
15162,Ag0.25Cd4.75O7
15163,Ag0.5Cd4.5O7
15164,AgCdO7
15165,Ag0.25Cd4.75O8
15166,Ag0.5Cd4.5O8
15167,AgCdO8
15168,Ag0.25Cd4.75O9
15169,Ag0.5Cd4.5O9
15170,AgCdO9
15171,Ag0.3Cd5.7O7
15172,Ag0.6Cd5.4O7
15173,Ag1.2Cd4.8O7
15174,Ag0.35Cd6.65O8
15175,Ag0.7Cd6.3O8
15176,Ag1.4Cd5.6O8
15177,Ag0.35Cd6.65O9
15178,Ag0.7Cd6.3O9
15179,Ag1.4Cd5.6O9
15180,Ag0.35Cd6.65O10
15181,Ag0.7Cd6.3O10
15182,Ag1.4Cd5.6O10
15183,Ag0.4Cd7.6O9
15184,Ag0.8Cd7.2O9
15185,Ag1.6Cd6.4O9
15186,Ag0.45Cd8.55O10
15187,Ag0.9Cd8.1O10
15188,Ag1.8Cd7.2O10
15189,Pt0.05Cd0.95O
15190,Pt0.1Cd0.9O
15191,Pt0.2Cd0.8O
15192,Pt0.05Cd0.95O2
15193,Pt0.1Cd0.9O2
15194,Pt0.2Cd0.8O2
15195,Pt0.05Cd0.95O3
15196,Pt0.1Cd0.9O3
15197,Pt0.2Cd0.8O3
15198,Pt0.05Cd0.95O4
15199,Pt0.1Cd0.9O4
15200,Pt0.2Cd0.8O4
15201,Pt0.05Cd0.95O5
15202,Pt0.1Cd0.9O5
15203,Pt0.2Cd0.8O5
15204,Pt0.05Cd0.95O6
15205,Pt0.1Cd0.9O6
15206,Pt0.2Cd0.8O6
15207,Pt0.05Cd0.95O7
15208,Pt0.1Cd0.9O7
15209,Pt0.2Cd0.8O7
15210,Pt0.05Cd0.95O8
15211,Pt0.1Cd0.9O8
15212,Pt0.2Cd0.8O8
15213,Pt0.05Cd0.95O9
15214,Pt0.1Cd0.9O9
15215,Pt0.2Cd0.8O9
15216,Pt0.05Cd0.95O10
15217,Pt0.1Cd0.9O10
15218,Pt0.2Cd0.8O10
15219,Pt0.1Cd1.9O3
15220,Pt0.2Cd1.8O3
15221,Pt0.4Cd1.6O3
15222,Pt0.1Cd1.9O5
15223,Pt0.2Cd1.8O5
15224,Pt0.4Cd1.6O5
15225,Pt0.1Cd1.9O7
15226,Pt0.2Cd1.8O7
15227,Pt0.4Cd1.6O7
15228,Pt0.1Cd1.9O9
15229,Pt0.2Cd1.8O9
15230,Pt0.4Cd1.6O9
15231,Pt0.15Cd2.85O4
15232,Pt0.3Cd2.7O4
15233,Pt0.6Cd2.4O4
15234,Pt0.15Cd2.85O5
15235,Pt0.3Cd2.7O5
15236,Pt0.6Cd2.4O5
15237,Pt0.15Cd2.85O7
15238,Pt0.3Cd2.7O7
15239,Pt0.6Cd2.4O7
15240,Pt0.15Cd2.85O8
15241,Pt0.3Cd2.7O8
15242,Pt0.6Cd2.4O8
15243,Pt0.15Cd2.85O10
15244,Pt0.3Cd2.7O10
15245,Pt0.6Cd2.4O10
15246,Pt0.2Cd3.8O5
15247,Pt0.4Cd3.6O5
15248,Pt0.8Cd3.2O5
15249,Pt0.2Cd3.8O7
15250,Pt0.4Cd3.6O7
15251,Pt0.8Cd3.2O7
15252,Pt0.2Cd3.8O9
15253,Pt0.4Cd3.6O9
15254,Pt0.8Cd3.2O9
15255,Pt0.25Cd4.75O6
15256,Pt0.5Cd4.5O6
15257,PtCdO6
15258,Pt0.25Cd4.75O7
15259,Pt0.5Cd4.5O7
15260,PtCdO7
15261,Pt0.25Cd4.75O8
15262,Pt0.5Cd4.5O8
15263,PtCdO8
15264,Pt0.25Cd4.75O9
15265,Pt0.5Cd4.5O9
15266,PtCdO9
15267,Pt0.3Cd5.7O7
15268,Pt0.6Cd5.4O7
15269,Pt1.2Cd4.8O7
15270,Pt0.35Cd6.65O8
15271,Pt0.7Cd6.3O8
15272,Pt1.4Cd5.6O8
15273,Pt0.35Cd6.65O9
15274,Pt0.7Cd6.3O9
15275,Pt1.4Cd5.6O9
15276,Pt0.35Cd6.65O10
15277,Pt0.7Cd6.3O10
15278,Pt1.4Cd5.6O10
15279,Pt0.4Cd7.6O9
15280,Pt0.8Cd7.2O9
15281,Pt1.6Cd6.4O9
15282,Pt0.45Cd8.55O10
15283,Pt0.9Cd8.1O10
15284,Pt1.8Cd7.2O10
15285,Mn0.05Hf0.95O
15286,Mn0.1Hf0.9O
15287,Mn0.2Hf0.8O
15288,Mn0.05Hf0.95O2
15289,Mn0.1Hf0.9O2
15290,Mn0.2Hf0.8O2
15291,Mn0.05Hf0.95O3
15292,Mn0.1Hf0.9O3
15293,Mn0.2Hf0.8O3
15294,Mn0.05Hf0.95O4
15295,Mn0.1Hf0.9O4
15296,Mn0.2Hf0.8O4
15297,Mn0.05Hf0.95O5
15298,Mn0.1Hf0.9O5
15299,Mn0.2Hf0.8O5
15300,Mn0.05Hf0.95O6
15301,Mn0.1Hf0.9O6
15302,Mn0.2Hf0.8O6
15303,Mn0.05Hf0.95O7
15304,Mn0.1Hf0.9O7
15305,Mn0.2Hf0.8O7
15306,Mn0.05Hf0.95O8
15307,Mn0.1Hf0.9O8
15308,Mn0.2Hf0.8O8
15309,Mn0.05Hf0.95O9
15310,Mn0.1Hf0.9O9
15311,Mn0.2Hf0.8O9
15312,Mn0.05Hf0.95O10
15313,Mn0.1Hf0.9O10
15314,Mn0.2Hf0.8O10
15315,Mn0.1Hf1.9O3
15316,Mn0.2Hf1.8O3
15317,Mn0.4Hf1.6O3
15318,Mn0.1Hf1.9O5
15319,Mn0.2Hf1.8O5
15320,Mn0.4Hf1.6O5
15321,Mn0.1Hf1.9O7
15322,Mn0.2Hf1.8O7
15323,Mn0.4Hf1.6O7
15324,Mn0.1Hf1.9O9
15325,Mn0.2Hf1.8O9
15326,Mn0.4Hf1.6O9
15327,Mn0.15Hf2.85O4
15328,Mn0.3Hf2.7O4
15329,Mn0.6Hf2.4O4
15330,Mn0.15Hf2.85O5
15331,Mn0.3Hf2.7O5
15332,Mn0.6Hf2.4O5
15333,Mn0.15Hf2.85O7
15334,Mn0.3Hf2.7O7
15335,Mn0.6Hf2.4O7
15336,Mn0.15Hf2.85O8
15337,Mn0.3Hf2.7O8
15338,Mn0.6Hf2.4O8
15339,Mn0.15Hf2.85O10
15340,Mn0.3Hf2.7O10
15341,Mn0.6Hf2.4O10
15342,Mn0.2Hf3.8O5
15343,Mn0.4Hf3.6O5
15344,Mn0.8Hf3.2O5
15345,Mn0.2Hf3.8O7
15346,Mn0.4Hf3.6O7
15347,Mn0.8Hf3.2O7
15348,Mn0.2Hf3.8O9
15349,Mn0.4Hf3.6O9
15350,Mn0.8Hf3.2O9
15351,Mn0.25Hf4.75O6
15352,Mn0.5Hf4.5O6
15353,MnHfO6
15354,Mn0.25Hf4.75O7
15355,Mn0.5Hf4.5O7
15356,MnHfO7
15357,Mn0.25Hf4.75O8
15358,Mn0.5Hf4.5O8
15359,MnHfO8
15360,Mn0.25Hf4.75O9
15361,Mn0.5Hf4.5O9
15362,MnHfO9
15363,Mn0.3Hf5.7O7
15364,Mn0.6Hf5.4O7
15365,Mn1.2Hf4.8O7
15366,Mn0.35Hf6.65O8
15367,Mn0.7Hf6.3O8
15368,Mn1.4Hf5.6O8
15369,Mn0.35Hf6.65O9
15370,Mn0.7Hf6.3O9
15371,Mn1.4Hf5.6O9
15372,Mn0.35Hf6.65O10
15373,Mn0.7Hf6.3O10
15374,Mn1.4Hf5.6O10
15375,Mn0.4Hf7.6O9
15376,Mn0.8Hf7.2O9
15377,Mn1.6Hf6.4O9
15378,Mn0.45Hf8.55O10
15379,Mn0.9Hf8.1O10
15380,Mn1.8Hf7.2O10
15381,Fe0.05Hf0.95O
15382,Fe0.1Hf0.9O
15383,Fe0.2Hf0.8O
15384,Fe0.05Hf0.95O2
15385,Fe0.1Hf0.9O2
15386,Fe0.2Hf0.8O2
15387,Fe0.05Hf0.95O3
15388,Fe0.1Hf0.9O3
15389,Fe0.2Hf0.8O3
15390,Fe0.05Hf0.95O4
15391,Fe0.1Hf0.9O4
15392,Fe0.2Hf0.8O4
15393,Fe0.05Hf0.95O5
15394,Fe0.1Hf0.9O5
15395,Fe0.2Hf0.8O5
15396,Fe0.05Hf0.95O6
15397,Fe0.1Hf0.9O6
15398,Fe0.2Hf0.8O6
15399,Fe0.05Hf0.95O7
15400,Fe0.1Hf0.9O7
15401,Fe0.2Hf0.8O7
15402,Fe0.05Hf0.95O8
15403,Fe0.1Hf0.9O8
15404,Fe0.2Hf0.8O8
15405,Fe0.05Hf0.95O9
15406,Fe0.1Hf0.9O9
15407,Fe0.2Hf0.8O9
15408,Fe0.05Hf0.95O10
15409,Fe0.1Hf0.9O10
15410,Fe0.2Hf0.8O10
15411,Fe0.1Hf1.9O3
15412,Fe0.2Hf1.8O3
15413,Fe0.4Hf1.6O3
15414,Fe0.1Hf1.9O5
15415,Fe0.2Hf1.8O5
15416,Fe0.4Hf1.6O5
15417,Fe0.1Hf1.9O7
15418,Fe0.2Hf1.8O7
15419,Fe0.4Hf1.6O7
15420,Fe0.1Hf1.9O9
15421,Fe0.2Hf1.8O9
15422,Fe0.4Hf1.6O9
15423,Fe0.15Hf2.85O4
15424,Fe0.3Hf2.7O4
15425,Fe0.6Hf2.4O4
15426,Fe0.15Hf2.85O5
15427,Fe0.3Hf2.7O5
15428,Fe0.6Hf2.4O5
15429,Fe0.15Hf2.85O7
15430,Fe0.3Hf2.7O7
15431,Fe0.6Hf2.4O7
15432,Fe0.15Hf2.85O8
15433,Fe0.3Hf2.7O8
15434,Fe0.6Hf2.4O8
15435,Fe0.15Hf2.85O10
15436,Fe0.3Hf2.7O10
15437,Fe0.6Hf2.4O10
15438,Fe0.2Hf3.8O5
15439,Fe0.4Hf3.6O5
15440,Fe0.8Hf3.2O5
15441,Fe0.2Hf3.8O7
15442,Fe0.4Hf3.6O7
15443,Fe0.8Hf3.2O7
15444,Fe0.2Hf3.8O9
15445,Fe0.4Hf3.6O9
15446,Fe0.8Hf3.2O9
15447,Fe0.25Hf4.75O6
15448,Fe0.5Hf4.5O6
15449,FeHfO6
15450,Fe0.25Hf4.75O7
15451,Fe0.5Hf4.5O7
15452,FeHfO7
15453,Fe0.25Hf4.75O8
15454,Fe0.5Hf4.5O8
15455,FeHfO8
15456,Fe0.25Hf4.75O9
15457,Fe0.5Hf4.5O9
15458,FeHfO9
15459,Fe0.3Hf5.7O7
15460,Fe0.6Hf5.4O7
15461,Fe1.2Hf4.8O7
15462,Fe0.35Hf6.65O8
15463,Fe0.7Hf6.3O8
15464,Fe1.4Hf5.6O8
15465,Fe0.35Hf6.65O9
15466,Fe0.7Hf6.3O9
15467,Fe1.4Hf5.6O9
15468,Fe0.35Hf6.65O10
15469,Fe0.7Hf6.3O10
15470,Fe1.4Hf5.6O10
15471,Fe0.4Hf7.6O9
15472,Fe0.8Hf7.2O9
15473,Fe1.6Hf6.4O9
15474,Fe0.45Hf8.55O10
15475,Fe0.9Hf8.1O10
15476,Fe1.8Hf7.2O10
15477,Co0.05Hf0.95O
15478,Co0.1Hf0.9O
15479,Co0.2Hf0.8O
15480,Co0.05Hf0.95O2
15481,Co0.1Hf0.9O2
15482,Co0.2Hf0.8O2
15483,Co0.05Hf0.95O3
15484,Co0.1Hf0.9O3
15485,Co0.2Hf0.8O3
15486,Co0.05Hf0.95O4
15487,Co0.1Hf0.9O4
15488,Co0.2Hf0.8O4
15489,Co0.05Hf0.95O5
15490,Co0.1Hf0.9O5
15491,Co0.2Hf0.8O5
15492,Co0.05Hf0.95O6
15493,Co0.1Hf0.9O6
15494,Co0.2Hf0.8O6
15495,Co0.05Hf0.95O7
15496,Co0.1Hf0.9O7
15497,Co0.2Hf0.8O7
15498,Co0.05Hf0.95O8
15499,Co0.1Hf0.9O8
15500,Co0.2Hf0.8O8
15501,Co0.05Hf0.95O9
15502,Co0.1Hf0.9O9
15503,Co0.2Hf0.8O9
15504,Co0.05Hf0.95O10
15505,Co0.1Hf0.9O10
15506,Co0.2Hf0.8O10
15507,Co0.1Hf1.9O3
15508,Co0.2Hf1.8O3
15509,Co0.4Hf1.6O3
15510,Co0.1Hf1.9O5
15511,Co0.2Hf1.8O5
15512,Co0.4Hf1.6O5
15513,Co0.1Hf1.9O7
15514,Co0.2Hf1.8O7
15515,Co0.4Hf1.6O7
15516,Co0.1Hf1.9O9
15517,Co0.2Hf1.8O9
15518,Co0.4Hf1.6O9
15519,Co0.15Hf2.85O4
15520,Co0.3Hf2.7O4
15521,Co0.6Hf2.4O4
15522,Co0.15Hf2.85O5
15523,Co0.3Hf2.7O5
15524,Co0.6Hf2.4O5
15525,Co0.15Hf2.85O7
15526,Co0.3Hf2.7O7
15527,Co0.6Hf2.4O7
15528,Co0.15Hf2.85O8
15529,Co0.3Hf2.7O8
15530,Co0.6Hf2.4O8
15531,Co0.15Hf2.85O10
15532,Co0.3Hf2.7O10
15533,Co0.6Hf2.4O10
15534,Co0.2Hf3.8O5
15535,Co0.4Hf3.6O5
15536,Co0.8Hf3.2O5
15537,Co0.2Hf3.8O7
15538,Co0.4Hf3.6O7
15539,Co0.8Hf3.2O7
15540,Co0.2Hf3.8O9
15541,Co0.4Hf3.6O9
15542,Co0.8Hf3.2O9
15543,Co0.25Hf4.75O6
15544,Co0.5Hf4.5O6
15545,CoHfO6
15546,Co0.25Hf4.75O7
15547,Co0.5Hf4.5O7
15548,CoHfO7
15549,Co0.25Hf4.75O8
15550,Co0.5Hf4.5O8
15551,CoHfO8
15552,Co0.25Hf4.75O9
15553,Co0.5Hf4.5O9
15554,CoHfO9
15555,Co0.3Hf5.7O7
15556,Co0.6Hf5.4O7
15557,Co1.2Hf4.8O7
15558,Co0.35Hf6.65O8
15559,Co0.7Hf6.3O8
15560,Co1.4Hf5.6O8
15561,Co0.35Hf6.65O9
15562,Co0.7Hf6.3O9
15563,Co1.4Hf5.6O9
15564,Co0.35Hf6.65O10
15565,Co0.7Hf6.3O10
15566,Co1.4Hf5.6O10
15567,Co0.4Hf7.6O9
15568,Co0.8Hf7.2O9
15569,Co1.6Hf6.4O9
15570,Co0.45Hf8.55O10
15571,Co0.9Hf8.1O10
15572,Co1.8Hf7.2O10
15573,Ni0.05Hf0.95O
15574,Ni0.1Hf0.9O
15575,Ni0.2Hf0.8O
15576,Ni0.05Hf0.95O2
15577,Ni0.1Hf0.9O2
15578,Ni0.2Hf0.8O2
15579,Ni0.05Hf0.95O3
15580,Ni0.1Hf0.9O3
15581,Ni0.2Hf0.8O3
15582,Ni0.05Hf0.95O4
15583,Ni0.1Hf0.9O4
15584,Ni0.2Hf0.8O4
15585,Ni0.05Hf0.95O5
15586,Ni0.1Hf0.9O5
15587,Ni0.2Hf0.8O5
15588,Ni0.05Hf0.95O6
15589,Ni0.1Hf0.9O6
15590,Ni0.2Hf0.8O6
15591,Ni0.05Hf0.95O7
15592,Ni0.1Hf0.9O7
15593,Ni0.2Hf0.8O7
15594,Ni0.05Hf0.95O8
15595,Ni0.1Hf0.9O8
15596,Ni0.2Hf0.8O8
15597,Ni0.05Hf0.95O9
15598,Ni0.1Hf0.9O9
15599,Ni0.2Hf0.8O9
15600,Ni0.05Hf0.95O10
15601,Ni0.1Hf0.9O10
15602,Ni0.2Hf0.8O10
15603,Ni0.1Hf1.9O3
15604,Ni0.2Hf1.8O3
15605,Ni0.4Hf1.6O3
15606,Ni0.1Hf1.9O5
15607,Ni0.2Hf1.8O5
15608,Ni0.4Hf1.6O5
15609,Ni0.1Hf1.9O7
15610,Ni0.2Hf1.8O7
15611,Ni0.4Hf1.6O7
15612,Ni0.1Hf1.9O9
15613,Ni0.2Hf1.8O9
15614,Ni0.4Hf1.6O9
15615,Ni0.15Hf2.85O4
15616,Ni0.3Hf2.7O4
15617,Ni0.6Hf2.4O4
15618,Ni0.15Hf2.85O5
15619,Ni0.3Hf2.7O5
15620,Ni0.6Hf2.4O5
15621,Ni0.15Hf2.85O7
15622,Ni0.3Hf2.7O7
15623,Ni0.6Hf2.4O7
15624,Ni0.15Hf2.85O8
15625,Ni0.3Hf2.7O8
15626,Ni0.6Hf2.4O8
15627,Ni0.15Hf2.85O10
15628,Ni0.3Hf2.7O10
15629,Ni0.6Hf2.4O10
15630,Ni0.2Hf3.8O5
15631,Ni0.4Hf3.6O5
15632,Ni0.8Hf3.2O5
15633,Ni0.2Hf3.8O7
15634,Ni0.4Hf3.6O7
15635,Ni0.8Hf3.2O7
15636,Ni0.2Hf3.8O9
15637,Ni0.4Hf3.6O9
15638,Ni0.8Hf3.2O9
15639,Ni0.25Hf4.75O6
15640,Ni0.5Hf4.5O6
15641,NiHfO6
15642,Ni0.25Hf4.75O7
15643,Ni0.5Hf4.5O7
15644,NiHfO7
15645,Ni0.25Hf4.75O8
15646,Ni0.5Hf4.5O8
15647,NiHfO8
15648,Ni0.25Hf4.75O9
15649,Ni0.5Hf4.5O9
15650,NiHfO9
15651,Ni0.3Hf5.7O7
15652,Ni0.6Hf5.4O7
15653,Ni1.2Hf4.8O7
15654,Ni0.35Hf6.65O8
15655,Ni0.7Hf6.3O8
15656,Ni1.4Hf5.6O8
15657,Ni0.35Hf6.65O9
15658,Ni0.7Hf6.3O9
15659,Ni1.4Hf5.6O9
15660,Ni0.35Hf6.65O10
15661,Ni0.7Hf6.3O10
15662,Ni1.4Hf5.6O10
15663,Ni0.4Hf7.6O9
15664,Ni0.8Hf7.2O9
15665,Ni1.6Hf6.4O9
15666,Ni0.45Hf8.55O10
15667,Ni0.9Hf8.1O10
15668,Ni1.8Hf7.2O10
15669,Ru0.05Hf0.95O
15670,Ru0.1Hf0.9O
15671,Ru0.2Hf0.8O
15672,Ru0.05Hf0.95O2
15673,Ru0.1Hf0.9O2
15674,Ru0.2Hf0.8O2
15675,Ru0.05Hf0.95O3
15676,Ru0.1Hf0.9O3
15677,Ru0.2Hf0.8O3
15678,Ru0.05Hf0.95O4
15679,Ru0.1Hf0.9O4
15680,Ru0.2Hf0.8O4
15681,Ru0.05Hf0.95O5
15682,Ru0.1Hf0.9O5
15683,Ru0.2Hf0.8O5
15684,Ru0.05Hf0.95O6
15685,Ru0.1Hf0.9O6
15686,Ru0.2Hf0.8O6
15687,Ru0.05Hf0.95O7
15688,Ru0.1Hf0.9O7
15689,Ru0.2Hf0.8O7
15690,Ru0.05Hf0.95O8
15691,Ru0.1Hf0.9O8
15692,Ru0.2Hf0.8O8
15693,Ru0.05Hf0.95O9
15694,Ru0.1Hf0.9O9
15695,Ru0.2Hf0.8O9
15696,Ru0.05Hf0.95O10
15697,Ru0.1Hf0.9O10
15698,Ru0.2Hf0.8O10
15699,Ru0.1Hf1.9O3
15700,Ru0.2Hf1.8O3
15701,Ru0.4Hf1.6O3
15702,Ru0.1Hf1.9O5
15703,Ru0.2Hf1.8O5
15704,Ru0.4Hf1.6O5
15705,Ru0.1Hf1.9O7
15706,Ru0.2Hf1.8O7
15707,Ru0.4Hf1.6O7
15708,Ru0.1Hf1.9O9
15709,Ru0.2Hf1.8O9
15710,Ru0.4Hf1.6O9
15711,Ru0.15Hf2.85O4
15712,Ru0.3Hf2.7O4
15713,Ru0.6Hf2.4O4
15714,Ru0.15Hf2.85O5
15715,Ru0.3Hf2.7O5
15716,Ru0.6Hf2.4O5
15717,Ru0.15Hf2.85O7
15718,Ru0.3Hf2.7O7
15719,Ru0.6Hf2.4O7
15720,Ru0.15Hf2.85O8
15721,Ru0.3Hf2.7O8
15722,Ru0.6Hf2.4O8
15723,Ru0.15Hf2.85O10
15724,Ru0.3Hf2.7O10
15725,Ru0.6Hf2.4O10
15726,Ru0.2Hf3.8O5
15727,Ru0.4Hf3.6O5
15728,Ru0.8Hf3.2O5
15729,Ru0.2Hf3.8O7
15730,Ru0.4Hf3.6O7
15731,Ru0.8Hf3.2O7
15732,Ru0.2Hf3.8O9
15733,Ru0.4Hf3.6O9
15734,Ru0.8Hf3.2O9
15735,Ru0.25Hf4.75O6
15736,Ru0.5Hf4.5O6
15737,RuHfO6
15738,Ru0.25Hf4.75O7
15739,Ru0.5Hf4.5O7
15740,RuHfO7
15741,Ru0.25Hf4.75O8
15742,Ru0.5Hf4.5O8
15743,RuHfO8
15744,Ru0.25Hf4.75O9
15745,Ru0.5Hf4.5O9
15746,RuHfO9
15747,Ru0.3Hf5.7O7
15748,Ru0.6Hf5.4O7
15749,Ru1.2Hf4.8O7
15750,Ru0.35Hf6.65O8
15751,Ru0.7Hf6.3O8
15752,Ru1.4Hf5.6O8
15753,Ru0.35Hf6.65O9
15754,Ru0.7Hf6.3O9
15755,Ru1.4Hf5.6O9
15756,Ru0.35Hf6.65O10
15757,Ru0.7Hf6.3O10
15758,Ru1.4Hf5.6O10
15759,Ru0.4Hf7.6O9
15760,Ru0.8Hf7.2O9
15761,Ru1.6Hf6.4O9
15762,Ru0.45Hf8.55O10
15763,Ru0.9Hf8.1O10
15764,Ru1.8Hf7.2O10
15765,Pd0.05Hf0.95O
15766,Pd0.1Hf0.9O
15767,Pd0.2Hf0.8O
15768,Pd0.05Hf0.95O2
15769,Pd0.1Hf0.9O2
15770,Pd0.2Hf0.8O2
15771,Pd0.05Hf0.95O3
15772,Pd0.1Hf0.9O3
15773,Pd0.2Hf0.8O3
15774,Pd0.05Hf0.95O4
15775,Pd0.1Hf0.9O4
15776,Pd0.2Hf0.8O4
15777,Pd0.05Hf0.95O5
15778,Pd0.1Hf0.9O5
15779,Pd0.2Hf0.8O5
15780,Pd0.05Hf0.95O6
15781,Pd0.1Hf0.9O6
15782,Pd0.2Hf0.8O6
15783,Pd0.05Hf0.95O7
15784,Pd0.1Hf0.9O7
15785,Pd0.2Hf0.8O7
15786,Pd0.05Hf0.95O8
15787,Pd0.1Hf0.9O8
15788,Pd0.2Hf0.8O8
15789,Pd0.05Hf0.95O9
15790,Pd0.1Hf0.9O9
15791,Pd0.2Hf0.8O9
15792,Pd0.05Hf0.95O10
15793,Pd0.1Hf0.9O10
15794,Pd0.2Hf0.8O10
15795,Pd0.1Hf1.9O3
15796,Pd0.2Hf1.8O3
15797,Pd0.4Hf1.6O3
15798,Pd0.1Hf1.9O5
15799,Pd0.2Hf1.8O5
15800,Pd0.4Hf1.6O5
15801,Pd0.1Hf1.9O7
15802,Pd0.2Hf1.8O7
15803,Pd0.4Hf1.6O7
15804,Pd0.1Hf1.9O9
15805,Pd0.2Hf1.8O9
15806,Pd0.4Hf1.6O9
15807,Pd0.15Hf2.85O4
15808,Pd0.3Hf2.7O4
15809,Pd0.6Hf2.4O4
15810,Pd0.15Hf2.85O5
15811,Pd0.3Hf2.7O5
15812,Pd0.6Hf2.4O5
15813,Pd0.15Hf2.85O7
15814,Pd0.3Hf2.7O7
15815,Pd0.6Hf2.4O7
15816,Pd0.15Hf2.85O8
15817,Pd0.3Hf2.7O8
15818,Pd0.6Hf2.4O8
15819,Pd0.15Hf2.85O10
15820,Pd0.3Hf2.7O10
15821,Pd0.6Hf2.4O10
15822,Pd0.2Hf3.8O5
15823,Pd0.4Hf3.6O5
15824,Pd0.8Hf3.2O5
15825,Pd0.2Hf3.8O7
15826,Pd0.4Hf3.6O7
15827,Pd0.8Hf3.2O7
15828,Pd0.2Hf3.8O9
15829,Pd0.4Hf3.6O9
15830,Pd0.8Hf3.2O9
15831,Pd0.25Hf4.75O6
15832,Pd0.5Hf4.5O6
15833,PdHfO6
15834,Pd0.25Hf4.75O7
15835,Pd0.5Hf4.5O7
15836,PdHfO7
15837,Pd0.25Hf4.75O8
15838,Pd0.5Hf4.5O8
15839,PdHfO8
15840,Pd0.25Hf4.75O9
15841,Pd0.5Hf4.5O9
15842,PdHfO9
15843,Pd0.3Hf5.7O7
15844,Pd0.6Hf5.4O7
15845,Pd1.2Hf4.8O7
15846,Pd0.35Hf6.65O8
15847,Pd0.7Hf6.3O8
15848,Pd1.4Hf5.6O8
15849,Pd0.35Hf6.65O9
15850,Pd0.7Hf6.3O9
15851,Pd1.4Hf5.6O9
15852,Pd0.35Hf6.65O10
15853,Pd0.7Hf6.3O10
15854,Pd1.4Hf5.6O10
15855,Pd0.4Hf7.6O9
15856,Pd0.8Hf7.2O9
15857,Pd1.6Hf6.4O9
15858,Pd0.45Hf8.55O10
15859,Pd0.9Hf8.1O10
15860,Pd1.8Hf7.2O10
15861,Ag0.05Hf0.95O
15862,Ag0.1Hf0.9O
15863,Ag0.2Hf0.8O
15864,Ag0.05Hf0.95O2
15865,Ag0.1Hf0.9O2
15866,Ag0.2Hf0.8O2
15867,Ag0.05Hf0.95O3
15868,Ag0.1Hf0.9O3
15869,Ag0.2Hf0.8O3
15870,Ag0.05Hf0.95O4
15871,Ag0.1Hf0.9O4
15872,Ag0.2Hf0.8O4
15873,Ag0.05Hf0.95O5
15874,Ag0.1Hf0.9O5
15875,Ag0.2Hf0.8O5
15876,Ag0.05Hf0.95O6
15877,Ag0.1Hf0.9O6
15878,Ag0.2Hf0.8O6
15879,Ag0.05Hf0.95O7
15880,Ag0.1Hf0.9O7
15881,Ag0.2Hf0.8O7
15882,Ag0.05Hf0.95O8
15883,Ag0.1Hf0.9O8
15884,Ag0.2Hf0.8O8
15885,Ag0.05Hf0.95O9
15886,Ag0.1Hf0.9O9
15887,Ag0.2Hf0.8O9
15888,Ag0.05Hf0.95O10
15889,Ag0.1Hf0.9O10
15890,Ag0.2Hf0.8O10
15891,Ag0.1Hf1.9O3
15892,Ag0.2Hf1.8O3
15893,Ag0.4Hf1.6O3
15894,Ag0.1Hf1.9O5
15895,Ag0.2Hf1.8O5
15896,Ag0.4Hf1.6O5
15897,Ag0.1Hf1.9O7
15898,Ag0.2Hf1.8O7
15899,Ag0.4Hf1.6O7
15900,Ag0.1Hf1.9O9
15901,Ag0.2Hf1.8O9
15902,Ag0.4Hf1.6O9
15903,Ag0.15Hf2.85O4
15904,Ag0.3Hf2.7O4
15905,Ag0.6Hf2.4O4
15906,Ag0.15Hf2.85O5
15907,Ag0.3Hf2.7O5
15908,Ag0.6Hf2.4O5
15909,Ag0.15Hf2.85O7
15910,Ag0.3Hf2.7O7
15911,Ag0.6Hf2.4O7
15912,Ag0.15Hf2.85O8
15913,Ag0.3Hf2.7O8
15914,Ag0.6Hf2.4O8
15915,Ag0.15Hf2.85O10
15916,Ag0.3Hf2.7O10
15917,Ag0.6Hf2.4O10
15918,Ag0.2Hf3.8O5
15919,Ag0.4Hf3.6O5
15920,Ag0.8Hf3.2O5
15921,Ag0.2Hf3.8O7
15922,Ag0.4Hf3.6O7
15923,Ag0.8Hf3.2O7
15924,Ag0.2Hf3.8O9
15925,Ag0.4Hf3.6O9
15926,Ag0.8Hf3.2O9
15927,Ag0.25Hf4.75O6
15928,Ag0.5Hf4.5O6
15929,AgHfO6
15930,Ag0.25Hf4.75O7
15931,Ag0.5Hf4.5O7
15932,AgHfO7
15933,Ag0.25Hf4.75O8
15934,Ag0.5Hf4.5O8
15935,AgHfO8
15936,Ag0.25Hf4.75O9
15937,Ag0.5Hf4.5O9
15938,AgHfO9
15939,Ag0.3Hf5.7O7
15940,Ag0.6Hf5.4O7
15941,Ag1.2Hf4.8O7
15942,Ag0.35Hf6.65O8
15943,Ag0.7Hf6.3O8
15944,Ag1.4Hf5.6O8
15945,Ag0.35Hf6.65O9
15946,Ag0.7Hf6.3O9
15947,Ag1.4Hf5.6O9
15948,Ag0.35Hf6.65O10
15949,Ag0.7Hf6.3O10
15950,Ag1.4Hf5.6O10
15951,Ag0.4Hf7.6O9
15952,Ag0.8Hf7.2O9
15953,Ag1.6Hf6.4O9
15954,Ag0.45Hf8.55O10
15955,Ag0.9Hf8.1O10
15956,Ag1.8Hf7.2O10
15957,Pt0.05Hf0.95O
15958,Pt0.1Hf0.9O
15959,Pt0.2Hf0.8O
15960,Pt0.05Hf0.95O2
15961,Pt0.1Hf0.9O2
15962,Pt0.2Hf0.8O2
15963,Pt0.05Hf0.95O3
15964,Pt0.1Hf0.9O3
15965,Pt0.2Hf0.8O3
15966,Pt0.05Hf0.95O4
15967,Pt0.1Hf0.9O4
15968,Pt0.2Hf0.8O4
15969,Pt0.05Hf0.95O5
15970,Pt0.1Hf0.9O5
15971,Pt0.2Hf0.8O5
15972,Pt0.05Hf0.95O6
15973,Pt0.1Hf0.9O6
15974,Pt0.2Hf0.8O6
15975,Pt0.05Hf0.95O7
15976,Pt0.1Hf0.9O7
15977,Pt0.2Hf0.8O7
15978,Pt0.05Hf0.95O8
15979,Pt0.1Hf0.9O8
15980,Pt0.2Hf0.8O8
15981,Pt0.05Hf0.95O9
15982,Pt0.1Hf0.9O9
15983,Pt0.2Hf0.8O9
15984,Pt0.05Hf0.95O10
15985,Pt0.1Hf0.9O10
15986,Pt0.2Hf0.8O10
15987,Pt0.1Hf1.9O3
15988,Pt0.2Hf1.8O3
15989,Pt0.4Hf1.6O3
15990,Pt0.1Hf1.9O5
15991,Pt0.2Hf1.8O5
15992,Pt0.4Hf1.6O5
15993,Pt0.1Hf1.9O7
15994,Pt0.2Hf1.8O7
15995,Pt0.4Hf1.6O7
15996,Pt0.1Hf1.9O9
15997,Pt0.2Hf1.8O9
15998,Pt0.4Hf1.6O9
15999,Pt0.15Hf2.85O4
16000,Pt0.3Hf2.7O4
16001,Pt0.6Hf2.4O4
16002,Pt0.15Hf2.85O5
16003,Pt0.3Hf2.7O5
16004,Pt0.6Hf2.4O5
16005,Pt0.15Hf2.85O7
16006,Pt0.3Hf2.7O7
16007,Pt0.6Hf2.4O7
16008,Pt0.15Hf2.85O8
16009,Pt0.3Hf2.7O8
16010,Pt0.6Hf2.4O8
16011,Pt0.15Hf2.85O10
16012,Pt0.3Hf2.7O10
16013,Pt0.6Hf2.4O10
16014,Pt0.2Hf3.8O5
16015,Pt0.4Hf3.6O5
16016,Pt0.8Hf3.2O5
16017,Pt0.2Hf3.8O7
16018,Pt0.4Hf3.6O7
16019,Pt0.8Hf3.2O7
16020,Pt0.2Hf3.8O9
16021,Pt0.4Hf3.6O9
16022,Pt0.8Hf3.2O9
16023,Pt0.25Hf4.75O6
16024,Pt0.5Hf4.5O6
16025,PtHfO6
16026,Pt0.25Hf4.75O7
16027,Pt0.5Hf4.5O7
16028,PtHfO7
16029,Pt0.25Hf4.75O8
16030,Pt0.5Hf4.5O8
16031,PtHfO8
16032,Pt0.25Hf4.75O9
16033,Pt0.5Hf4.5O9
16034,PtHfO9
16035,Pt0.3Hf5.7O7
16036,Pt0.6Hf5.4O7
16037,Pt1.2Hf4.8O7
16038,Pt0.35Hf6.65O8
16039,Pt0.7Hf6.3O8
16040,Pt1.4Hf5.6O8
16041,Pt0.35Hf6.65O9
16042,Pt0.7Hf6.3O9
16043,Pt1.4Hf5.6O9
16044,Pt0.35Hf6.65O10
16045,Pt0.7Hf6.3O10
16046,Pt1.4Hf5.6O10
16047,Pt0.4Hf7.6O9
16048,Pt0.8Hf7.2O9
16049,Pt1.6Hf6.4O9
16050,Pt0.45Hf8.55O10
16051,Pt0.9Hf8.1O10
16052,Pt1.8Hf7.2O10
16053,Mn0.05Ta0.95O
16054,Mn0.1Ta0.9O
16055,Mn0.2Ta0.8O
16056,Mn0.05Ta0.95O2
16057,Mn0.1Ta0.9O2
16058,Mn0.2Ta0.8O2
16059,Mn0.05Ta0.95O3
16060,Mn0.1Ta0.9O3
16061,Mn0.2Ta0.8O3
16062,Mn0.05Ta0.95O4
16063,Mn0.1Ta0.9O4
16064,Mn0.2Ta0.8O4
16065,Mn0.05Ta0.95O5
16066,Mn0.1Ta0.9O5
16067,Mn0.2Ta0.8O5
16068,Mn0.05Ta0.95O6
16069,Mn0.1Ta0.9O6
16070,Mn0.2Ta0.8O6
16071,Mn0.05Ta0.95O7
16072,Mn0.1Ta0.9O7
16073,Mn0.2Ta0.8O7
16074,Mn0.05Ta0.95O8
16075,Mn0.1Ta0.9O8
16076,Mn0.2Ta0.8O8
16077,Mn0.05Ta0.95O9
16078,Mn0.1Ta0.9O9
16079,Mn0.2Ta0.8O9
16080,Mn0.05Ta0.95O10
16081,Mn0.1Ta0.9O10
16082,Mn0.2Ta0.8O10
16083,Mn0.1Ta1.9O3
16084,Mn0.2Ta1.8O3
16085,Mn0.4Ta1.6O3
16086,Mn0.1Ta1.9O5
16087,Mn0.2Ta1.8O5
16088,Mn0.4Ta1.6O5
16089,Mn0.1Ta1.9O7
16090,Mn0.2Ta1.8O7
16091,Mn0.4Ta1.6O7
16092,Mn0.1Ta1.9O9
16093,Mn0.2Ta1.8O9
16094,Mn0.4Ta1.6O9
16095,Mn0.15Ta2.85O4
16096,Mn0.3Ta2.7O4
16097,Mn0.6Ta2.4O4
16098,Mn0.15Ta2.85O5
16099,Mn0.3Ta2.7O5
16100,Mn0.6Ta2.4O5
16101,Mn0.15Ta2.85O7
16102,Mn0.3Ta2.7O7
16103,Mn0.6Ta2.4O7
16104,Mn0.15Ta2.85O8
16105,Mn0.3Ta2.7O8
16106,Mn0.6Ta2.4O8
16107,Mn0.15Ta2.85O10
16108,Mn0.3Ta2.7O10
16109,Mn0.6Ta2.4O10
16110,Mn0.2Ta3.8O5
16111,Mn0.4Ta3.6O5
16112,Mn0.8Ta3.2O5
16113,Mn0.2Ta3.8O7
16114,Mn0.4Ta3.6O7
16115,Mn0.8Ta3.2O7
16116,Mn0.2Ta3.8O9
16117,Mn0.4Ta3.6O9
16118,Mn0.8Ta3.2O9
16119,Mn0.25Ta4.75O6
16120,Mn0.5Ta4.5O6
16121,MnTaO6
16122,Mn0.25Ta4.75O7
16123,Mn0.5Ta4.5O7
16124,MnTaO7
16125,Mn0.25Ta4.75O8
16126,Mn0.5Ta4.5O8
16127,MnTaO8
16128,Mn0.25Ta4.75O9
16129,Mn0.5Ta4.5O9
16130,MnTaO9
16131,Mn0.3Ta5.7O7
16132,Mn0.6Ta5.4O7
16133,Mn1.2Ta4.8O7
16134,Mn0.35Ta6.65O8
16135,Mn0.7Ta6.3O8
16136,Mn1.4Ta5.6O8
16137,Mn0.35Ta6.65O9
16138,Mn0.7Ta6.3O9
16139,Mn1.4Ta5.6O9
16140,Mn0.35Ta6.65O10
16141,Mn0.7Ta6.3O10
16142,Mn1.4Ta5.6O10
16143,Mn0.4Ta7.6O9
16144,Mn0.8Ta7.2O9
16145,Mn1.6Ta6.4O9
16146,Mn0.45Ta8.55O10
16147,Mn0.9Ta8.1O10
16148,Mn1.8Ta7.2O10
16149,Fe0.05Ta0.95O
16150,Fe0.1Ta0.9O
16151,Fe0.2Ta0.8O
16152,Fe0.05Ta0.95O2
16153,Fe0.1Ta0.9O2
16154,Fe0.2Ta0.8O2
16155,Fe0.05Ta0.95O3
16156,Fe0.1Ta0.9O3
16157,Fe0.2Ta0.8O3
16158,Fe0.05Ta0.95O4
16159,Fe0.1Ta0.9O4
16160,Fe0.2Ta0.8O4
16161,Fe0.05Ta0.95O5
16162,Fe0.1Ta0.9O5
16163,Fe0.2Ta0.8O5
16164,Fe0.05Ta0.95O6
16165,Fe0.1Ta0.9O6
16166,Fe0.2Ta0.8O6
16167,Fe0.05Ta0.95O7
16168,Fe0.1Ta0.9O7
16169,Fe0.2Ta0.8O7
16170,Fe0.05Ta0.95O8
16171,Fe0.1Ta0.9O8
16172,Fe0.2Ta0.8O8
16173,Fe0.05Ta0.95O9
16174,Fe0.1Ta0.9O9
16175,Fe0.2Ta0.8O9
16176,Fe0.05Ta0.95O10
16177,Fe0.1Ta0.9O10
16178,Fe0.2Ta0.8O10
16179,Fe0.1Ta1.9O3
16180,Fe0.2Ta1.8O3
16181,Fe0.4Ta1.6O3
16182,Fe0.1Ta1.9O5
16183,Fe0.2Ta1.8O5
16184,Fe0.4Ta1.6O5
16185,Fe0.1Ta1.9O7
16186,Fe0.2Ta1.8O7
16187,Fe0.4Ta1.6O7
16188,Fe0.1Ta1.9O9
16189,Fe0.2Ta1.8O9
16190,Fe0.4Ta1.6O9
16191,Fe0.15Ta2.85O4
16192,Fe0.3Ta2.7O4
16193,Fe0.6Ta2.4O4
16194,Fe0.15Ta2.85O5
16195,Fe0.3Ta2.7O5
16196,Fe0.6Ta2.4O5
16197,Fe0.15Ta2.85O7
16198,Fe0.3Ta2.7O7
16199,Fe0.6Ta2.4O7
16200,Fe0.15Ta2.85O8
16201,Fe0.3Ta2.7O8
16202,Fe0.6Ta2.4O8
16203,Fe0.15Ta2.85O10
16204,Fe0.3Ta2.7O10
16205,Fe0.6Ta2.4O10
16206,Fe0.2Ta3.8O5
16207,Fe0.4Ta3.6O5
16208,Fe0.8Ta3.2O5
16209,Fe0.2Ta3.8O7
16210,Fe0.4Ta3.6O7
16211,Fe0.8Ta3.2O7
16212,Fe0.2Ta3.8O9
16213,Fe0.4Ta3.6O9
16214,Fe0.8Ta3.2O9
16215,Fe0.25Ta4.75O6
16216,Fe0.5Ta4.5O6
16217,FeTaO6
16218,Fe0.25Ta4.75O7
16219,Fe0.5Ta4.5O7
16220,FeTaO7
16221,Fe0.25Ta4.75O8
16222,Fe0.5Ta4.5O8
16223,FeTaO8
16224,Fe0.25Ta4.75O9
16225,Fe0.5Ta4.5O9
16226,FeTaO9
16227,Fe0.3Ta5.7O7
16228,Fe0.6Ta5.4O7
16229,Fe1.2Ta4.8O7
16230,Fe0.35Ta6.65O8
16231,Fe0.7Ta6.3O8
16232,Fe1.4Ta5.6O8
16233,Fe0.35Ta6.65O9
16234,Fe0.7Ta6.3O9
16235,Fe1.4Ta5.6O9
16236,Fe0.35Ta6.65O10
16237,Fe0.7Ta6.3O10
16238,Fe1.4Ta5.6O10
16239,Fe0.4Ta7.6O9
16240,Fe0.8Ta7.2O9
16241,Fe1.6Ta6.4O9
16242,Fe0.45Ta8.55O10
16243,Fe0.9Ta8.1O10
16244,Fe1.8Ta7.2O10
16245,Co0.05Ta0.95O
16246,Co0.1Ta0.9O
16247,Co0.2Ta0.8O
16248,Co0.05Ta0.95O2
16249,Co0.1Ta0.9O2
16250,Co0.2Ta0.8O2
16251,Co0.05Ta0.95O3
16252,Co0.1Ta0.9O3
16253,Co0.2Ta0.8O3
16254,Co0.05Ta0.95O4
16255,Co0.1Ta0.9O4
16256,Co0.2Ta0.8O4
16257,Co0.05Ta0.95O5
16258,Co0.1Ta0.9O5
16259,Co0.2Ta0.8O5
16260,Co0.05Ta0.95O6
16261,Co0.1Ta0.9O6
16262,Co0.2Ta0.8O6
16263,Co0.05Ta0.95O7
16264,Co0.1Ta0.9O7
16265,Co0.2Ta0.8O7
16266,Co0.05Ta0.95O8
16267,Co0.1Ta0.9O8
16268,Co0.2Ta0.8O8
16269,Co0.05Ta0.95O9
16270,Co0.1Ta0.9O9
16271,Co0.2Ta0.8O9
16272,Co0.05Ta0.95O10
16273,Co0.1Ta0.9O10
16274,Co0.2Ta0.8O10
16275,Co0.1Ta1.9O3
16276,Co0.2Ta1.8O3
16277,Co0.4Ta1.6O3
16278,Co0.1Ta1.9O5
16279,Co0.2Ta1.8O5
16280,Co0.4Ta1.6O5
16281,Co0.1Ta1.9O7
16282,Co0.2Ta1.8O7
16283,Co0.4Ta1.6O7
16284,Co0.1Ta1.9O9
16285,Co0.2Ta1.8O9
16286,Co0.4Ta1.6O9
16287,Co0.15Ta2.85O4
16288,Co0.3Ta2.7O4
16289,Co0.6Ta2.4O4
16290,Co0.15Ta2.85O5
16291,Co0.3Ta2.7O5
16292,Co0.6Ta2.4O5
16293,Co0.15Ta2.85O7
16294,Co0.3Ta2.7O7
16295,Co0.6Ta2.4O7
16296,Co0.15Ta2.85O8
16297,Co0.3Ta2.7O8
16298,Co0.6Ta2.4O8
16299,Co0.15Ta2.85O10
16300,Co0.3Ta2.7O10
16301,Co0.6Ta2.4O10
16302,Co0.2Ta3.8O5
16303,Co0.4Ta3.6O5
16304,Co0.8Ta3.2O5
16305,Co0.2Ta3.8O7
16306,Co0.4Ta3.6O7
16307,Co0.8Ta3.2O7
16308,Co0.2Ta3.8O9
16309,Co0.4Ta3.6O9
16310,Co0.8Ta3.2O9
16311,Co0.25Ta4.75O6
16312,Co0.5Ta4.5O6
16313,CoTaO6
16314,Co0.25Ta4.75O7
16315,Co0.5Ta4.5O7
16316,CoTaO7
16317,Co0.25Ta4.75O8
16318,Co0.5Ta4.5O8
16319,CoTaO8
16320,Co0.25Ta4.75O9
16321,Co0.5Ta4.5O9
16322,CoTaO9
16323,Co0.3Ta5.7O7
16324,Co0.6Ta5.4O7
16325,Co1.2Ta4.8O7
16326,Co0.35Ta6.65O8
16327,Co0.7Ta6.3O8
16328,Co1.4Ta5.6O8
16329,Co0.35Ta6.65O9
16330,Co0.7Ta6.3O9
16331,Co1.4Ta5.6O9
16332,Co0.35Ta6.65O10
16333,Co0.7Ta6.3O10
16334,Co1.4Ta5.6O10
16335,Co0.4Ta7.6O9
16336,Co0.8Ta7.2O9
16337,Co1.6Ta6.4O9
16338,Co0.45Ta8.55O10
16339,Co0.9Ta8.1O10
16340,Co1.8Ta7.2O10
16341,Ni0.05Ta0.95O
16342,Ni0.1Ta0.9O
16343,Ni0.2Ta0.8O
16344,Ni0.05Ta0.95O2
16345,Ni0.1Ta0.9O2
16346,Ni0.2Ta0.8O2
16347,Ni0.05Ta0.95O3
16348,Ni0.1Ta0.9O3
16349,Ni0.2Ta0.8O3
16350,Ni0.05Ta0.95O4
16351,Ni0.1Ta0.9O4
16352,Ni0.2Ta0.8O4
16353,Ni0.05Ta0.95O5
16354,Ni0.1Ta0.9O5
16355,Ni0.2Ta0.8O5
16356,Ni0.05Ta0.95O6
16357,Ni0.1Ta0.9O6
16358,Ni0.2Ta0.8O6
16359,Ni0.05Ta0.95O7
16360,Ni0.1Ta0.9O7
16361,Ni0.2Ta0.8O7
16362,Ni0.05Ta0.95O8
16363,Ni0.1Ta0.9O8
16364,Ni0.2Ta0.8O8
16365,Ni0.05Ta0.95O9
16366,Ni0.1Ta0.9O9
16367,Ni0.2Ta0.8O9
16368,Ni0.05Ta0.95O10
16369,Ni0.1Ta0.9O10
16370,Ni0.2Ta0.8O10
16371,Ni0.1Ta1.9O3
16372,Ni0.2Ta1.8O3
16373,Ni0.4Ta1.6O3
16374,Ni0.1Ta1.9O5
16375,Ni0.2Ta1.8O5
16376,Ni0.4Ta1.6O5
16377,Ni0.1Ta1.9O7
16378,Ni0.2Ta1.8O7
16379,Ni0.4Ta1.6O7
16380,Ni0.1Ta1.9O9
16381,Ni0.2Ta1.8O9
16382,Ni0.4Ta1.6O9
16383,Ni0.15Ta2.85O4
16384,Ni0.3Ta2.7O4
16385,Ni0.6Ta2.4O4
16386,Ni0.15Ta2.85O5
16387,Ni0.3Ta2.7O5
16388,Ni0.6Ta2.4O5
16389,Ni0.15Ta2.85O7
16390,Ni0.3Ta2.7O7
16391,Ni0.6Ta2.4O7
16392,Ni0.15Ta2.85O8
16393,Ni0.3Ta2.7O8
16394,Ni0.6Ta2.4O8
16395,Ni0.15Ta2.85O10
16396,Ni0.3Ta2.7O10
16397,Ni0.6Ta2.4O10
16398,Ni0.2Ta3.8O5
16399,Ni0.4Ta3.6O5
16400,Ni0.8Ta3.2O5
16401,Ni0.2Ta3.8O7
16402,Ni0.4Ta3.6O7
16403,Ni0.8Ta3.2O7
16404,Ni0.2Ta3.8O9
16405,Ni0.4Ta3.6O9
16406,Ni0.8Ta3.2O9
16407,Ni0.25Ta4.75O6
16408,Ni0.5Ta4.5O6
16409,NiTaO6
16410,Ni0.25Ta4.75O7
16411,Ni0.5Ta4.5O7
16412,NiTaO7
16413,Ni0.25Ta4.75O8
16414,Ni0.5Ta4.5O8
16415,NiTaO8
16416,Ni0.25Ta4.75O9
16417,Ni0.5Ta4.5O9
16418,NiTaO9
16419,Ni0.3Ta5.7O7
16420,Ni0.6Ta5.4O7
16421,Ni1.2Ta4.8O7
16422,Ni0.35Ta6.65O8
16423,Ni0.7Ta6.3O8
16424,Ni1.4Ta5.6O8
16425,Ni0.35Ta6.65O9
16426,Ni0.7Ta6.3O9
16427,Ni1.4Ta5.6O9
16428,Ni0.35Ta6.65O10
16429,Ni0.7Ta6.3O10
16430,Ni1.4Ta5.6O10
16431,Ni0.4Ta7.6O9
16432,Ni0.8Ta7.2O9
16433,Ni1.6Ta6.4O9
16434,Ni0.45Ta8.55O10
16435,Ni0.9Ta8.1O10
16436,Ni1.8Ta7.2O10
16437,Ru0.05Ta0.95O
16438,Ru0.1Ta0.9O
16439,Ru0.2Ta0.8O
16440,Ru0.05Ta0.95O2
16441,Ru0.1Ta0.9O2
16442,Ru0.2Ta0.8O2
16443,Ru0.05Ta0.95O3
16444,Ru0.1Ta0.9O3
16445,Ru0.2Ta0.8O3
16446,Ru0.05Ta0.95O4
16447,Ru0.1Ta0.9O4
16448,Ru0.2Ta0.8O4
16449,Ru0.05Ta0.95O5
16450,Ru0.1Ta0.9O5
16451,Ru0.2Ta0.8O5
16452,Ru0.05Ta0.95O6
16453,Ru0.1Ta0.9O6
16454,Ru0.2Ta0.8O6
16455,Ru0.05Ta0.95O7
16456,Ru0.1Ta0.9O7
16457,Ru0.2Ta0.8O7
16458,Ru0.05Ta0.95O8
16459,Ru0.1Ta0.9O8
16460,Ru0.2Ta0.8O8
16461,Ru0.05Ta0.95O9
16462,Ru0.1Ta0.9O9
16463,Ru0.2Ta0.8O9
16464,Ru0.05Ta0.95O10
16465,Ru0.1Ta0.9O10
16466,Ru0.2Ta0.8O10
16467,Ru0.1Ta1.9O3
16468,Ru0.2Ta1.8O3
16469,Ru0.4Ta1.6O3
16470,Ru0.1Ta1.9O5
16471,Ru0.2Ta1.8O5
16472,Ru0.4Ta1.6O5
16473,Ru0.1Ta1.9O7
16474,Ru0.2Ta1.8O7
16475,Ru0.4Ta1.6O7
16476,Ru0.1Ta1.9O9
16477,Ru0.2Ta1.8O9
16478,Ru0.4Ta1.6O9
16479,Ru0.15Ta2.85O4
16480,Ru0.3Ta2.7O4
16481,Ru0.6Ta2.4O4
16482,Ru0.15Ta2.85O5
16483,Ru0.3Ta2.7O5
16484,Ru0.6Ta2.4O5
16485,Ru0.15Ta2.85O7
16486,Ru0.3Ta2.7O7
16487,Ru0.6Ta2.4O7
16488,Ru0.15Ta2.85O8
16489,Ru0.3Ta2.7O8
16490,Ru0.6Ta2.4O8
16491,Ru0.15Ta2.85O10
16492,Ru0.3Ta2.7O10
16493,Ru0.6Ta2.4O10
16494,Ru0.2Ta3.8O5
16495,Ru0.4Ta3.6O5
16496,Ru0.8Ta3.2O5
16497,Ru0.2Ta3.8O7
16498,Ru0.4Ta3.6O7
16499,Ru0.8Ta3.2O7
16500,Ru0.2Ta3.8O9
16501,Ru0.4Ta3.6O9
16502,Ru0.8Ta3.2O9
16503,Ru0.25Ta4.75O6
16504,Ru0.5Ta4.5O6
16505,RuTaO6
16506,Ru0.25Ta4.75O7
16507,Ru0.5Ta4.5O7
16508,RuTaO7
16509,Ru0.25Ta4.75O8
16510,Ru0.5Ta4.5O8
16511,RuTaO8
16512,Ru0.25Ta4.75O9
16513,Ru0.5Ta4.5O9
16514,RuTaO9
16515,Ru0.3Ta5.7O7
16516,Ru0.6Ta5.4O7
16517,Ru1.2Ta4.8O7
16518,Ru0.35Ta6.65O8
16519,Ru0.7Ta6.3O8
16520,Ru1.4Ta5.6O8
16521,Ru0.35Ta6.65O9
16522,Ru0.7Ta6.3O9
16523,Ru1.4Ta5.6O9
16524,Ru0.35Ta6.65O10
16525,Ru0.7Ta6.3O10
16526,Ru1.4Ta5.6O10
16527,Ru0.4Ta7.6O9
16528,Ru0.8Ta7.2O9
16529,Ru1.6Ta6.4O9
16530,Ru0.45Ta8.55O10
16531,Ru0.9Ta8.1O10
16532,Ru1.8Ta7.2O10
16533,Pd0.05Ta0.95O
16534,Pd0.1Ta0.9O
16535,Pd0.2Ta0.8O
16536,Pd0.05Ta0.95O2
16537,Pd0.1Ta0.9O2
16538,Pd0.2Ta0.8O2
16539,Pd0.05Ta0.95O3
16540,Pd0.1Ta0.9O3
16541,Pd0.2Ta0.8O3
16542,Pd0.05Ta0.95O4
16543,Pd0.1Ta0.9O4
16544,Pd0.2Ta0.8O4
16545,Pd0.05Ta0.95O5
16546,Pd0.1Ta0.9O5
16547,Pd0.2Ta0.8O5
16548,Pd0.05Ta0.95O6
16549,Pd0.1Ta0.9O6
16550,Pd0.2Ta0.8O6
16551,Pd0.05Ta0.95O7
16552,Pd0.1Ta0.9O7
16553,Pd0.2Ta0.8O7
16554,Pd0.05Ta0.95O8
16555,Pd0.1Ta0.9O8
16556,Pd0.2Ta0.8O8
16557,Pd0.05Ta0.95O9
16558,Pd0.1Ta0.9O9
16559,Pd0.2Ta0.8O9
16560,Pd0.05Ta0.95O10
16561,Pd0.1Ta0.9O10
16562,Pd0.2Ta0.8O10
16563,Pd0.1Ta1.9O3
16564,Pd0.2Ta1.8O3
16565,Pd0.4Ta1.6O3
16566,Pd0.1Ta1.9O5
16567,Pd0.2Ta1.8O5
16568,Pd0.4Ta1.6O5
16569,Pd0.1Ta1.9O7
16570,Pd0.2Ta1.8O7
16571,Pd0.4Ta1.6O7
16572,Pd0.1Ta1.9O9
16573,Pd0.2Ta1.8O9
16574,Pd0.4Ta1.6O9
16575,Pd0.15Ta2.85O4
16576,Pd0.3Ta2.7O4
16577,Pd0.6Ta2.4O4
16578,Pd0.15Ta2.85O5
16579,Pd0.3Ta2.7O5
16580,Pd0.6Ta2.4O5
16581,Pd0.15Ta2.85O7
16582,Pd0.3Ta2.7O7
16583,Pd0.6Ta2.4O7
16584,Pd0.15Ta2.85O8
16585,Pd0.3Ta2.7O8
16586,Pd0.6Ta2.4O8
16587,Pd0.15Ta2.85O10
16588,Pd0.3Ta2.7O10
16589,Pd0.6Ta2.4O10
16590,Pd0.2Ta3.8O5
16591,Pd0.4Ta3.6O5
16592,Pd0.8Ta3.2O5
16593,Pd0.2Ta3.8O7
16594,Pd0.4Ta3.6O7
16595,Pd0.8Ta3.2O7
16596,Pd0.2Ta3.8O9
16597,Pd0.4Ta3.6O9
16598,Pd0.8Ta3.2O9
16599,Pd0.25Ta4.75O6
16600,Pd0.5Ta4.5O6
16601,PdTaO6
16602,Pd0.25Ta4.75O7
16603,Pd0.5Ta4.5O7
16604,PdTaO7
16605,Pd0.25Ta4.75O8
16606,Pd0.5Ta4.5O8
16607,PdTaO8
16608,Pd0.25Ta4.75O9
16609,Pd0.5Ta4.5O9
16610,PdTaO9
16611,Pd0.3Ta5.7O7
16612,Pd0.6Ta5.4O7
16613,Pd1.2Ta4.8O7
16614,Pd0.35Ta6.65O8
16615,Pd0.7Ta6.3O8
16616,Pd1.4Ta5.6O8
16617,Pd0.35Ta6.65O9
16618,Pd0.7Ta6.3O9
16619,Pd1.4Ta5.6O9
16620,Pd0.35Ta6.65O10
16621,Pd0.7Ta6.3O10
16622,Pd1.4Ta5.6O10
16623,Pd0.4Ta7.6O9
16624,Pd0.8Ta7.2O9
16625,Pd1.6Ta6.4O9
16626,Pd0.45Ta8.55O10
16627,Pd0.9Ta8.1O10
16628,Pd1.8Ta7.2O10
16629,Ag0.05Ta0.95O
16630,Ag0.1Ta0.9O
16631,Ag0.2Ta0.8O
16632,Ag0.05Ta0.95O2
16633,Ag0.1Ta0.9O2
16634,Ag0.2Ta0.8O2
16635,Ag0.05Ta0.95O3
16636,Ag0.1Ta0.9O3
16637,Ag0.2Ta0.8O3
16638,Ag0.05Ta0.95O4
16639,Ag0.1Ta0.9O4
16640,Ag0.2Ta0.8O4
16641,Ag0.05Ta0.95O5
16642,Ag0.1Ta0.9O5
16643,Ag0.2Ta0.8O5
16644,Ag0.05Ta0.95O6
16645,Ag0.1Ta0.9O6
16646,Ag0.2Ta0.8O6
16647,Ag0.05Ta0.95O7
16648,Ag0.1Ta0.9O7
16649,Ag0.2Ta0.8O7
16650,Ag0.05Ta0.95O8
16651,Ag0.1Ta0.9O8
16652,Ag0.2Ta0.8O8
16653,Ag0.05Ta0.95O9
16654,Ag0.1Ta0.9O9
16655,Ag0.2Ta0.8O9
16656,Ag0.05Ta0.95O10
16657,Ag0.1Ta0.9O10
16658,Ag0.2Ta0.8O10
16659,Ag0.1Ta1.9O3
16660,Ag0.2Ta1.8O3
16661,Ag0.4Ta1.6O3
16662,Ag0.1Ta1.9O5
16663,Ag0.2Ta1.8O5
16664,Ag0.4Ta1.6O5
16665,Ag0.1Ta1.9O7
16666,Ag0.2Ta1.8O7
16667,Ag0.4Ta1.6O7
16668,Ag0.1Ta1.9O9
16669,Ag0.2Ta1.8O9
16670,Ag0.4Ta1.6O9
16671,Ag0.15Ta2.85O4
16672,Ag0.3Ta2.7O4
16673,Ag0.6Ta2.4O4
16674,Ag0.15Ta2.85O5
16675,Ag0.3Ta2.7O5
16676,Ag0.6Ta2.4O5
16677,Ag0.15Ta2.85O7
16678,Ag0.3Ta2.7O7
16679,Ag0.6Ta2.4O7
16680,Ag0.15Ta2.85O8
16681,Ag0.3Ta2.7O8
16682,Ag0.6Ta2.4O8
16683,Ag0.15Ta2.85O10
16684,Ag0.3Ta2.7O10
16685,Ag0.6Ta2.4O10
16686,Ag0.2Ta3.8O5
16687,Ag0.4Ta3.6O5
16688,Ag0.8Ta3.2O5
16689,Ag0.2Ta3.8O7
16690,Ag0.4Ta3.6O7
16691,Ag0.8Ta3.2O7
16692,Ag0.2Ta3.8O9
16693,Ag0.4Ta3.6O9
16694,Ag0.8Ta3.2O9
16695,Ag0.25Ta4.75O6
16696,Ag0.5Ta4.5O6
16697,AgTaO6
16698,Ag0.25Ta4.75O7
16699,Ag0.5Ta4.5O7
16700,AgTaO7
16701,Ag0.25Ta4.75O8
16702,Ag0.5Ta4.5O8
16703,AgTaO8
16704,Ag0.25Ta4.75O9
16705,Ag0.5Ta4.5O9
16706,AgTaO9
16707,Ag0.3Ta5.7O7
16708,Ag0.6Ta5.4O7
16709,Ag1.2Ta4.8O7
16710,Ag0.35Ta6.65O8
16711,Ag0.7Ta6.3O8
16712,Ag1.4Ta5.6O8
16713,Ag0.35Ta6.65O9
16714,Ag0.7Ta6.3O9
16715,Ag1.4Ta5.6O9
16716,Ag0.35Ta6.65O10
16717,Ag0.7Ta6.3O10
16718,Ag1.4Ta5.6O10
16719,Ag0.4Ta7.6O9
16720,Ag0.8Ta7.2O9
16721,Ag1.6Ta6.4O9
16722,Ag0.45Ta8.55O10
16723,Ag0.9Ta8.1O10
16724,Ag1.8Ta7.2O10
16725,Pt0.05Ta0.95O
16726,Pt0.1Ta0.9O
16727,Pt0.2Ta0.8O
16728,Pt0.05Ta0.95O2
16729,Pt0.1Ta0.9O2
16730,Pt0.2Ta0.8O2
16731,Pt0.05Ta0.95O3
16732,Pt0.1Ta0.9O3
16733,Pt0.2Ta0.8O3
16734,Pt0.05Ta0.95O4
16735,Pt0.1Ta0.9O4
16736,Pt0.2Ta0.8O4
16737,Pt0.05Ta0.95O5
16738,Pt0.1Ta0.9O5
16739,Pt0.2Ta0.8O5
16740,Pt0.05Ta0.95O6
16741,Pt0.1Ta0.9O6
16742,Pt0.2Ta0.8O6
16743,Pt0.05Ta0.95O7
16744,Pt0.1Ta0.9O7
16745,Pt0.2Ta0.8O7
16746,Pt0.05Ta0.95O8
16747,Pt0.1Ta0.9O8
16748,Pt0.2Ta0.8O8
16749,Pt0.05Ta0.95O9
16750,Pt0.1Ta0.9O9
16751,Pt0.2Ta0.8O9
16752,Pt0.05Ta0.95O10
16753,Pt0.1Ta0.9O10
16754,Pt0.2Ta0.8O10
16755,Pt0.1Ta1.9O3
16756,Pt0.2Ta1.8O3
16757,Pt0.4Ta1.6O3
16758,Pt0.1Ta1.9O5
16759,Pt0.2Ta1.8O5
16760,Pt0.4Ta1.6O5
16761,Pt0.1Ta1.9O7
16762,Pt0.2Ta1.8O7
16763,Pt0.4Ta1.6O7
16764,Pt0.1Ta1.9O9
16765,Pt0.2Ta1.8O9
16766,Pt0.4Ta1.6O9
16767,Pt0.15Ta2.85O4
16768,Pt0.3Ta2.7O4
16769,Pt0.6Ta2.4O4
16770,Pt0.15Ta2.85O5
16771,Pt0.3Ta2.7O5
16772,Pt0.6Ta2.4O5
16773,Pt0.15Ta2.85O7
16774,Pt0.3Ta2.7O7
16775,Pt0.6Ta2.4O7
16776,Pt0.15Ta2.85O8
16777,Pt0.3Ta2.7O8
16778,Pt0.6Ta2.4O8
16779,Pt0.15Ta2.85O10
16780,Pt0.3Ta2.7O10
16781,Pt0.6Ta2.4O10
16782,Pt0.2Ta3.8O5
16783,Pt0.4Ta3.6O5
16784,Pt0.8Ta3.2O5
16785,Pt0.2Ta3.8O7
16786,Pt0.4Ta3.6O7
16787,Pt0.8Ta3.2O7
16788,Pt0.2Ta3.8O9
16789,Pt0.4Ta3.6O9
16790,Pt0.8Ta3.2O9
16791,Pt0.25Ta4.75O6
16792,Pt0.5Ta4.5O6
16793,PtTaO6
16794,Pt0.25Ta4.75O7
16795,Pt0.5Ta4.5O7
16796,PtTaO7
16797,Pt0.25Ta4.75O8
16798,Pt0.5Ta4.5O8
16799,PtTaO8
16800,Pt0.25Ta4.75O9
16801,Pt0.5Ta4.5O9
16802,PtTaO9
16803,Pt0.3Ta5.7O7
16804,Pt0.6Ta5.4O7
16805,Pt1.2Ta4.8O7
16806,Pt0.35Ta6.65O8
16807,Pt0.7Ta6.3O8
16808,Pt1.4Ta5.6O8
16809,Pt0.35Ta6.65O9
16810,Pt0.7Ta6.3O9
16811,Pt1.4Ta5.6O9
16812,Pt0.35Ta6.65O10
16813,Pt0.7Ta6.3O10
16814,Pt1.4Ta5.6O10
16815,Pt0.4Ta7.6O9
16816,Pt0.8Ta7.2O9
16817,Pt1.6Ta6.4O9
16818,Pt0.45Ta8.55O10
16819,Pt0.9Ta8.1O10
16820,Pt1.8Ta7.2O10
16821,Mn0.05W0.95O
16822,Mn0.1W0.9O
16823,Mn0.2W0.8O
16824,Mn0.05W0.95O2
16825,Mn0.1W0.9O2
16826,Mn0.2W0.8O2
16827,Mn0.05W0.95O3
16828,Mn0.1W0.9O3
16829,Mn0.2W0.8O3
16830,Mn0.05W0.95O4
16831,Mn0.1W0.9O4
16832,Mn0.2W0.8O4
16833,Mn0.05W0.95O5
16834,Mn0.1W0.9O5
16835,Mn0.2W0.8O5
16836,Mn0.05W0.95O6
16837,Mn0.1W0.9O6
16838,Mn0.2W0.8O6
16839,Mn0.05W0.95O7
16840,Mn0.1W0.9O7
16841,Mn0.2W0.8O7
16842,Mn0.05W0.95O8
16843,Mn0.1W0.9O8
16844,Mn0.2W0.8O8
16845,Mn0.05W0.95O9
16846,Mn0.1W0.9O9
16847,Mn0.2W0.8O9
16848,Mn0.05W0.95O10
16849,Mn0.1W0.9O10
16850,Mn0.2W0.8O10
16851,Mn0.1W1.9O3
16852,Mn0.2W1.8O3
16853,Mn0.4W1.6O3
16854,Mn0.1W1.9O5
16855,Mn0.2W1.8O5
16856,Mn0.4W1.6O5
16857,Mn0.1W1.9O7
16858,Mn0.2W1.8O7
16859,Mn0.4W1.6O7
16860,Mn0.1W1.9O9
16861,Mn0.2W1.8O9
16862,Mn0.4W1.6O9
16863,Mn0.15W2.85O4
16864,Mn0.3W2.7O4
16865,Mn0.6W2.4O4
16866,Mn0.15W2.85O5
16867,Mn0.3W2.7O5
16868,Mn0.6W2.4O5
16869,Mn0.15W2.85O7
16870,Mn0.3W2.7O7
16871,Mn0.6W2.4O7
16872,Mn0.15W2.85O8
16873,Mn0.3W2.7O8
16874,Mn0.6W2.4O8
16875,Mn0.15W2.85O10
16876,Mn0.3W2.7O10
16877,Mn0.6W2.4O10
16878,Mn0.2W3.8O5
16879,Mn0.4W3.6O5
16880,Mn0.8W3.2O5
16881,Mn0.2W3.8O7
16882,Mn0.4W3.6O7
16883,Mn0.8W3.2O7
16884,Mn0.2W3.8O9
16885,Mn0.4W3.6O9
16886,Mn0.8W3.2O9
16887,Mn0.25W4.75O6
16888,Mn0.5W4.5O6
16889,MnWO6
16890,Mn0.25W4.75O7
16891,Mn0.5W4.5O7
16892,MnWO7
16893,Mn0.25W4.75O8
16894,Mn0.5W4.5O8
16895,MnWO8
16896,Mn0.25W4.75O9
16897,Mn0.5W4.5O9
16898,MnWO9
16899,Mn0.3W5.7O7
16900,Mn0.6W5.4O7
16901,Mn1.2W4.8O7
16902,Mn0.35W6.65O8
16903,Mn0.7W6.3O8
16904,Mn1.4W5.6O8
16905,Mn0.35W6.65O9
16906,Mn0.7W6.3O9
16907,Mn1.4W5.6O9
16908,Mn0.35W6.65O10
16909,Mn0.7W6.3O10
16910,Mn1.4W5.6O10
16911,Mn0.4W7.6O9
16912,Mn0.8W7.2O9
16913,Mn1.6W6.4O9
16914,Mn0.45W8.55O10
16915,Mn0.9W8.1O10
16916,Mn1.8W7.2O10
16917,Fe0.05W0.95O
16918,Fe0.1W0.9O
16919,Fe0.2W0.8O
16920,Fe0.05W0.95O2
16921,Fe0.1W0.9O2
16922,Fe0.2W0.8O2
16923,Fe0.05W0.95O3
16924,Fe0.1W0.9O3
16925,Fe0.2W0.8O3
16926,Fe0.05W0.95O4
16927,Fe0.1W0.9O4
16928,Fe0.2W0.8O4
16929,Fe0.05W0.95O5
16930,Fe0.1W0.9O5
16931,Fe0.2W0.8O5
16932,Fe0.05W0.95O6
16933,Fe0.1W0.9O6
16934,Fe0.2W0.8O6
16935,Fe0.05W0.95O7
16936,Fe0.1W0.9O7
16937,Fe0.2W0.8O7
16938,Fe0.05W0.95O8
16939,Fe0.1W0.9O8
16940,Fe0.2W0.8O8
16941,Fe0.05W0.95O9
16942,Fe0.1W0.9O9
16943,Fe0.2W0.8O9
16944,Fe0.05W0.95O10
16945,Fe0.1W0.9O10
16946,Fe0.2W0.8O10
16947,Fe0.1W1.9O3
16948,Fe0.2W1.8O3
16949,Fe0.4W1.6O3
16950,Fe0.1W1.9O5
16951,Fe0.2W1.8O5
16952,Fe0.4W1.6O5
16953,Fe0.1W1.9O7
16954,Fe0.2W1.8O7
16955,Fe0.4W1.6O7
16956,Fe0.1W1.9O9
16957,Fe0.2W1.8O9
16958,Fe0.4W1.6O9
16959,Fe0.15W2.85O4
16960,Fe0.3W2.7O4
16961,Fe0.6W2.4O4
16962,Fe0.15W2.85O5
16963,Fe0.3W2.7O5
16964,Fe0.6W2.4O5
16965,Fe0.15W2.85O7
16966,Fe0.3W2.7O7
16967,Fe0.6W2.4O7
16968,Fe0.15W2.85O8
16969,Fe0.3W2.7O8
16970,Fe0.6W2.4O8
16971,Fe0.15W2.85O10
16972,Fe0.3W2.7O10
16973,Fe0.6W2.4O10
16974,Fe0.2W3.8O5
16975,Fe0.4W3.6O5
16976,Fe0.8W3.2O5
16977,Fe0.2W3.8O7
16978,Fe0.4W3.6O7
16979,Fe0.8W3.2O7
16980,Fe0.2W3.8O9
16981,Fe0.4W3.6O9
16982,Fe0.8W3.2O9
16983,Fe0.25W4.75O6
16984,Fe0.5W4.5O6
16985,FeWO6
16986,Fe0.25W4.75O7
16987,Fe0.5W4.5O7
16988,FeWO7
16989,Fe0.25W4.75O8
16990,Fe0.5W4.5O8
16991,FeWO8
16992,Fe0.25W4.75O9
16993,Fe0.5W4.5O9
16994,FeWO9
16995,Fe0.3W5.7O7
16996,Fe0.6W5.4O7
16997,Fe1.2W4.8O7
16998,Fe0.35W6.65O8
16999,Fe0.7W6.3O8
17000,Fe1.4W5.6O8
17001,Fe0.35W6.65O9
17002,Fe0.7W6.3O9
17003,Fe1.4W5.6O9
17004,Fe0.35W6.65O10
17005,Fe0.7W6.3O10
17006,Fe1.4W5.6O10
17007,Fe0.4W7.6O9
17008,Fe0.8W7.2O9
17009,Fe1.6W6.4O9
17010,Fe0.45W8.55O10
17011,Fe0.9W8.1O10
17012,Fe1.8W7.2O10
17013,Co0.05W0.95O
17014,Co0.1W0.9O
17015,Co0.2W0.8O
17016,Co0.05W0.95O2
17017,Co0.1W0.9O2
17018,Co0.2W0.8O2
17019,Co0.05W0.95O3
17020,Co0.1W0.9O3
17021,Co0.2W0.8O3
17022,Co0.05W0.95O4
17023,Co0.1W0.9O4
17024,Co0.2W0.8O4
17025,Co0.05W0.95O5
17026,Co0.1W0.9O5
17027,Co0.2W0.8O5
17028,Co0.05W0.95O6
17029,Co0.1W0.9O6
17030,Co0.2W0.8O6
17031,Co0.05W0.95O7
17032,Co0.1W0.9O7
17033,Co0.2W0.8O7
17034,Co0.05W0.95O8
17035,Co0.1W0.9O8
17036,Co0.2W0.8O8
17037,Co0.05W0.95O9
17038,Co0.1W0.9O9
17039,Co0.2W0.8O9
17040,Co0.05W0.95O10
17041,Co0.1W0.9O10
17042,Co0.2W0.8O10
17043,Co0.1W1.9O3
17044,Co0.2W1.8O3
17045,Co0.4W1.6O3
17046,Co0.1W1.9O5
17047,Co0.2W1.8O5
17048,Co0.4W1.6O5
17049,Co0.1W1.9O7
17050,Co0.2W1.8O7
17051,Co0.4W1.6O7
17052,Co0.1W1.9O9
17053,Co0.2W1.8O9
17054,Co0.4W1.6O9
17055,Co0.15W2.85O4
17056,Co0.3W2.7O4
17057,Co0.6W2.4O4
17058,Co0.15W2.85O5
17059,Co0.3W2.7O5
17060,Co0.6W2.4O5
17061,Co0.15W2.85O7
17062,Co0.3W2.7O7
17063,Co0.6W2.4O7
17064,Co0.15W2.85O8
17065,Co0.3W2.7O8
17066,Co0.6W2.4O8
17067,Co0.15W2.85O10
17068,Co0.3W2.7O10
17069,Co0.6W2.4O10
17070,Co0.2W3.8O5
17071,Co0.4W3.6O5
17072,Co0.8W3.2O5
17073,Co0.2W3.8O7
17074,Co0.4W3.6O7
17075,Co0.8W3.2O7
17076,Co0.2W3.8O9
17077,Co0.4W3.6O9
17078,Co0.8W3.2O9
17079,Co0.25W4.75O6
17080,Co0.5W4.5O6
17081,CoWO6
17082,Co0.25W4.75O7
17083,Co0.5W4.5O7
17084,CoWO7
17085,Co0.25W4.75O8
17086,Co0.5W4.5O8
17087,CoWO8
17088,Co0.25W4.75O9
17089,Co0.5W4.5O9
17090,CoWO9
17091,Co0.3W5.7O7
17092,Co0.6W5.4O7
17093,Co1.2W4.8O7
17094,Co0.35W6.65O8
17095,Co0.7W6.3O8
17096,Co1.4W5.6O8
17097,Co0.35W6.65O9
17098,Co0.7W6.3O9
17099,Co1.4W5.6O9
17100,Co0.35W6.65O10
17101,Co0.7W6.3O10
17102,Co1.4W5.6O10
17103,Co0.4W7.6O9
17104,Co0.8W7.2O9
17105,Co1.6W6.4O9
17106,Co0.45W8.55O10
17107,Co0.9W8.1O10
17108,Co1.8W7.2O10
17109,Ni0.05W0.95O
17110,Ni0.1W0.9O
17111,Ni0.2W0.8O
17112,Ni0.05W0.95O2
17113,Ni0.1W0.9O2
17114,Ni0.2W0.8O2
17115,Ni0.05W0.95O3
17116,Ni0.1W0.9O3
17117,Ni0.2W0.8O3
17118,Ni0.05W0.95O4
17119,Ni0.1W0.9O4
17120,Ni0.2W0.8O4
17121,Ni0.05W0.95O5
17122,Ni0.1W0.9O5
17123,Ni0.2W0.8O5
17124,Ni0.05W0.95O6
17125,Ni0.1W0.9O6
17126,Ni0.2W0.8O6
17127,Ni0.05W0.95O7
17128,Ni0.1W0.9O7
17129,Ni0.2W0.8O7
17130,Ni0.05W0.95O8
17131,Ni0.1W0.9O8
17132,Ni0.2W0.8O8
17133,Ni0.05W0.95O9
17134,Ni0.1W0.9O9
17135,Ni0.2W0.8O9
17136,Ni0.05W0.95O10
17137,Ni0.1W0.9O10
17138,Ni0.2W0.8O10
17139,Ni0.1W1.9O3
17140,Ni0.2W1.8O3
17141,Ni0.4W1.6O3
17142,Ni0.1W1.9O5
17143,Ni0.2W1.8O5
17144,Ni0.4W1.6O5
17145,Ni0.1W1.9O7
17146,Ni0.2W1.8O7
17147,Ni0.4W1.6O7
17148,Ni0.1W1.9O9
17149,Ni0.2W1.8O9
17150,Ni0.4W1.6O9
17151,Ni0.15W2.85O4
17152,Ni0.3W2.7O4
17153,Ni0.6W2.4O4
17154,Ni0.15W2.85O5
17155,Ni0.3W2.7O5
17156,Ni0.6W2.4O5
17157,Ni0.15W2.85O7
17158,Ni0.3W2.7O7
17159,Ni0.6W2.4O7
17160,Ni0.15W2.85O8
17161,Ni0.3W2.7O8
17162,Ni0.6W2.4O8
17163,Ni0.15W2.85O10
17164,Ni0.3W2.7O10
17165,Ni0.6W2.4O10
17166,Ni0.2W3.8O5
17167,Ni0.4W3.6O5
17168,Ni0.8W3.2O5
17169,Ni0.2W3.8O7
17170,Ni0.4W3.6O7
17171,Ni0.8W3.2O7
17172,Ni0.2W3.8O9
17173,Ni0.4W3.6O9
17174,Ni0.8W3.2O9
17175,Ni0.25W4.75O6
17176,Ni0.5W4.5O6
17177,NiWO6
17178,Ni0.25W4.75O7
17179,Ni0.5W4.5O7
17180,NiWO7
17181,Ni0.25W4.75O8
17182,Ni0.5W4.5O8
17183,NiWO8
17184,Ni0.25W4.75O9
17185,Ni0.5W4.5O9
17186,NiWO9
17187,Ni0.3W5.7O7
17188,Ni0.6W5.4O7
17189,Ni1.2W4.8O7
17190,Ni0.35W6.65O8
17191,Ni0.7W6.3O8
17192,Ni1.4W5.6O8
17193,Ni0.35W6.65O9
17194,Ni0.7W6.3O9
17195,Ni1.4W5.6O9
17196,Ni0.35W6.65O10
17197,Ni0.7W6.3O10
17198,Ni1.4W5.6O10
17199,Ni0.4W7.6O9
17200,Ni0.8W7.2O9
17201,Ni1.6W6.4O9
17202,Ni0.45W8.55O10
17203,Ni0.9W8.1O10
17204,Ni1.8W7.2O10
17205,Ru0.05W0.95O
17206,Ru0.1W0.9O
17207,Ru0.2W0.8O
17208,Ru0.05W0.95O2
17209,Ru0.1W0.9O2
17210,Ru0.2W0.8O2
17211,Ru0.05W0.95O3
17212,Ru0.1W0.9O3
17213,Ru0.2W0.8O3
17214,Ru0.05W0.95O4
17215,Ru0.1W0.9O4
17216,Ru0.2W0.8O4
17217,Ru0.05W0.95O5
17218,Ru0.1W0.9O5
17219,Ru0.2W0.8O5
17220,Ru0.05W0.95O6
17221,Ru0.1W0.9O6
17222,Ru0.2W0.8O6
17223,Ru0.05W0.95O7
17224,Ru0.1W0.9O7
17225,Ru0.2W0.8O7
17226,Ru0.05W0.95O8
17227,Ru0.1W0.9O8
17228,Ru0.2W0.8O8
17229,Ru0.05W0.95O9
17230,Ru0.1W0.9O9
17231,Ru0.2W0.8O9
17232,Ru0.05W0.95O10
17233,Ru0.1W0.9O10
17234,Ru0.2W0.8O10
17235,Ru0.1W1.9O3
17236,Ru0.2W1.8O3
17237,Ru0.4W1.6O3
17238,Ru0.1W1.9O5
17239,Ru0.2W1.8O5
17240,Ru0.4W1.6O5
17241,Ru0.1W1.9O7
17242,Ru0.2W1.8O7
17243,Ru0.4W1.6O7
17244,Ru0.1W1.9O9
17245,Ru0.2W1.8O9
17246,Ru0.4W1.6O9
17247,Ru0.15W2.85O4
17248,Ru0.3W2.7O4
17249,Ru0.6W2.4O4
17250,Ru0.15W2.85O5
17251,Ru0.3W2.7O5
17252,Ru0.6W2.4O5
17253,Ru0.15W2.85O7
17254,Ru0.3W2.7O7
17255,Ru0.6W2.4O7
17256,Ru0.15W2.85O8
17257,Ru0.3W2.7O8
17258,Ru0.6W2.4O8
17259,Ru0.15W2.85O10
17260,Ru0.3W2.7O10
17261,Ru0.6W2.4O10
17262,Ru0.2W3.8O5
17263,Ru0.4W3.6O5
17264,Ru0.8W3.2O5
17265,Ru0.2W3.8O7
17266,Ru0.4W3.6O7
17267,Ru0.8W3.2O7
17268,Ru0.2W3.8O9
17269,Ru0.4W3.6O9
17270,Ru0.8W3.2O9
17271,Ru0.25W4.75O6
17272,Ru0.5W4.5O6
17273,RuWO6
17274,Ru0.25W4.75O7
17275,Ru0.5W4.5O7
17276,RuWO7
17277,Ru0.25W4.75O8
17278,Ru0.5W4.5O8
17279,RuWO8
17280,Ru0.25W4.75O9
17281,Ru0.5W4.5O9
17282,RuWO9
17283,Ru0.3W5.7O7
17284,Ru0.6W5.4O7
17285,Ru1.2W4.8O7
17286,Ru0.35W6.65O8
17287,Ru0.7W6.3O8
17288,Ru1.4W5.6O8
17289,Ru0.35W6.65O9
17290,Ru0.7W6.3O9
17291,Ru1.4W5.6O9
17292,Ru0.35W6.65O10
17293,Ru0.7W6.3O10
17294,Ru1.4W5.6O10
17295,Ru0.4W7.6O9
17296,Ru0.8W7.2O9
17297,Ru1.6W6.4O9
17298,Ru0.45W8.55O10
17299,Ru0.9W8.1O10
17300,Ru1.8W7.2O10
17301,Pd0.05W0.95O
17302,Pd0.1W0.9O
17303,Pd0.2W0.8O
17304,Pd0.05W0.95O2
17305,Pd0.1W0.9O2
17306,Pd0.2W0.8O2
17307,Pd0.05W0.95O3
17308,Pd0.1W0.9O3
17309,Pd0.2W0.8O3
17310,Pd0.05W0.95O4
17311,Pd0.1W0.9O4
17312,Pd0.2W0.8O4
17313,Pd0.05W0.95O5
17314,Pd0.1W0.9O5
17315,Pd0.2W0.8O5
17316,Pd0.05W0.95O6
17317,Pd0.1W0.9O6
17318,Pd0.2W0.8O6
17319,Pd0.05W0.95O7
17320,Pd0.1W0.9O7
17321,Pd0.2W0.8O7
17322,Pd0.05W0.95O8
17323,Pd0.1W0.9O8
17324,Pd0.2W0.8O8
17325,Pd0.05W0.95O9
17326,Pd0.1W0.9O9
17327,Pd0.2W0.8O9
17328,Pd0.05W0.95O10
17329,Pd0.1W0.9O10
17330,Pd0.2W0.8O10
17331,Pd0.1W1.9O3
17332,Pd0.2W1.8O3
17333,Pd0.4W1.6O3
17334,Pd0.1W1.9O5
17335,Pd0.2W1.8O5
17336,Pd0.4W1.6O5
17337,Pd0.1W1.9O7
17338,Pd0.2W1.8O7
17339,Pd0.4W1.6O7
17340,Pd0.1W1.9O9
17341,Pd0.2W1.8O9
17342,Pd0.4W1.6O9
17343,Pd0.15W2.85O4
17344,Pd0.3W2.7O4
17345,Pd0.6W2.4O4
17346,Pd0.15W2.85O5
17347,Pd0.3W2.7O5
17348,Pd0.6W2.4O5
17349,Pd0.15W2.85O7
17350,Pd0.3W2.7O7
17351,Pd0.6W2.4O7
17352,Pd0.15W2.85O8
17353,Pd0.3W2.7O8
17354,Pd0.6W2.4O8
17355,Pd0.15W2.85O10
17356,Pd0.3W2.7O10
17357,Pd0.6W2.4O10
17358,Pd0.2W3.8O5
17359,Pd0.4W3.6O5
17360,Pd0.8W3.2O5
17361,Pd0.2W3.8O7
17362,Pd0.4W3.6O7
17363,Pd0.8W3.2O7
17364,Pd0.2W3.8O9
17365,Pd0.4W3.6O9
17366,Pd0.8W3.2O9
17367,Pd0.25W4.75O6
17368,Pd0.5W4.5O6
17369,PdWO6
17370,Pd0.25W4.75O7
17371,Pd0.5W4.5O7
17372,PdWO7
17373,Pd0.25W4.75O8
17374,Pd0.5W4.5O8
17375,PdWO8
17376,Pd0.25W4.75O9
17377,Pd0.5W4.5O9
17378,PdWO9
17379,Pd0.3W5.7O7
17380,Pd0.6W5.4O7
17381,Pd1.2W4.8O7
17382,Pd0.35W6.65O8
17383,Pd0.7W6.3O8
17384,Pd1.4W5.6O8
17385,Pd0.35W6.65O9
17386,Pd0.7W6.3O9
17387,Pd1.4W5.6O9
17388,Pd0.35W6.65O10
17389,Pd0.7W6.3O10
17390,Pd1.4W5.6O10
17391,Pd0.4W7.6O9
17392,Pd0.8W7.2O9
17393,Pd1.6W6.4O9
17394,Pd0.45W8.55O10
17395,Pd0.9W8.1O10
17396,Pd1.8W7.2O10
17397,Ag0.05W0.95O
17398,Ag0.1W0.9O
17399,Ag0.2W0.8O
17400,Ag0.05W0.95O2
17401,Ag0.1W0.9O2
17402,Ag0.2W0.8O2
17403,Ag0.05W0.95O3
17404,Ag0.1W0.9O3
17405,Ag0.2W0.8O3
17406,Ag0.05W0.95O4
17407,Ag0.1W0.9O4
17408,Ag0.2W0.8O4
17409,Ag0.05W0.95O5
17410,Ag0.1W0.9O5
17411,Ag0.2W0.8O5
17412,Ag0.05W0.95O6
17413,Ag0.1W0.9O6
17414,Ag0.2W0.8O6
17415,Ag0.05W0.95O7
17416,Ag0.1W0.9O7
17417,Ag0.2W0.8O7
17418,Ag0.05W0.95O8
17419,Ag0.1W0.9O8
17420,Ag0.2W0.8O8
17421,Ag0.05W0.95O9
17422,Ag0.1W0.9O9
17423,Ag0.2W0.8O9
17424,Ag0.05W0.95O10
17425,Ag0.1W0.9O10
17426,Ag0.2W0.8O10
17427,Ag0.1W1.9O3
17428,Ag0.2W1.8O3
17429,Ag0.4W1.6O3
17430,Ag0.1W1.9O5
17431,Ag0.2W1.8O5
17432,Ag0.4W1.6O5
17433,Ag0.1W1.9O7
17434,Ag0.2W1.8O7
17435,Ag0.4W1.6O7
17436,Ag0.1W1.9O9
17437,Ag0.2W1.8O9
17438,Ag0.4W1.6O9
17439,Ag0.15W2.85O4
17440,Ag0.3W2.7O4
17441,Ag0.6W2.4O4
17442,Ag0.15W2.85O5
17443,Ag0.3W2.7O5
17444,Ag0.6W2.4O5
17445,Ag0.15W2.85O7
17446,Ag0.3W2.7O7
17447,Ag0.6W2.4O7
17448,Ag0.15W2.85O8
17449,Ag0.3W2.7O8
17450,Ag0.6W2.4O8
17451,Ag0.15W2.85O10
17452,Ag0.3W2.7O10
17453,Ag0.6W2.4O10
17454,Ag0.2W3.8O5
17455,Ag0.4W3.6O5
17456,Ag0.8W3.2O5
17457,Ag0.2W3.8O7
17458,Ag0.4W3.6O7
17459,Ag0.8W3.2O7
17460,Ag0.2W3.8O9
17461,Ag0.4W3.6O9
17462,Ag0.8W3.2O9
17463,Ag0.25W4.75O6
17464,Ag0.5W4.5O6
17465,AgWO6
17466,Ag0.25W4.75O7
17467,Ag0.5W4.5O7
17468,AgWO7
17469,Ag0.25W4.75O8
17470,Ag0.5W4.5O8
17471,AgWO8
17472,Ag0.25W4.75O9
17473,Ag0.5W4.5O9
17474,AgWO9
17475,Ag0.3W5.7O7
17476,Ag0.6W5.4O7
17477,Ag1.2W4.8O7
17478,Ag0.35W6.65O8
17479,Ag0.7W6.3O8
17480,Ag1.4W5.6O8
17481,Ag0.35W6.65O9
17482,Ag0.7W6.3O9
17483,Ag1.4W5.6O9
17484,Ag0.35W6.65O10
17485,Ag0.7W6.3O10
17486,Ag1.4W5.6O10
17487,Ag0.4W7.6O9
17488,Ag0.8W7.2O9
17489,Ag1.6W6.4O9
17490,Ag0.45W8.55O10
17491,Ag0.9W8.1O10
17492,Ag1.8W7.2O10
17493,Pt0.05W0.95O
17494,Pt0.1W0.9O
17495,Pt0.2W0.8O
17496,Pt0.05W0.95O2
17497,Pt0.1W0.9O2
17498,Pt0.2W0.8O2
17499,Pt0.05W0.95O3
17500,Pt0.1W0.9O3
17501,Pt0.2W0.8O3
17502,Pt0.05W0.95O4
17503,Pt0.1W0.9O4
17504,Pt0.2W0.8O4
17505,Pt0.05W0.95O5
17506,Pt0.1W0.9O5
17507,Pt0.2W0.8O5
17508,Pt0.05W0.95O6
17509,Pt0.1W0.9O6
17510,Pt0.2W0.8O6
17511,Pt0.05W0.95O7
17512,Pt0.1W0.9O7
17513,Pt0.2W0.8O7
17514,Pt0.05W0.95O8
17515,Pt0.1W0.9O8
17516,Pt0.2W0.8O8
17517,Pt0.05W0.95O9
17518,Pt0.1W0.9O9
17519,Pt0.2W0.8O9
17520,Pt0.05W0.95O10
17521,Pt0.1W0.9O10
17522,Pt0.2W0.8O10
17523,Pt0.1W1.9O3
17524,Pt0.2W1.8O3
17525,Pt0.4W1.6O3
17526,Pt0.1W1.9O5
17527,Pt0.2W1.8O5
17528,Pt0.4W1.6O5
17529,Pt0.1W1.9O7
17530,Pt0.2W1.8O7
17531,Pt0.4W1.6O7
17532,Pt0.1W1.9O9
17533,Pt0.2W1.8O9
17534,Pt0.4W1.6O9
17535,Pt0.15W2.85O4
17536,Pt0.3W2.7O4
17537,Pt0.6W2.4O4
17538,Pt0.15W2.85O5
17539,Pt0.3W2.7O5
17540,Pt0.6W2.4O5
17541,Pt0.15W2.85O7
17542,Pt0.3W2.7O7
17543,Pt0.6W2.4O7
17544,Pt0.15W2.85O8
17545,Pt0.3W2.7O8
17546,Pt0.6W2.4O8
17547,Pt0.15W2.85O10
17548,Pt0.3W2.7O10
17549,Pt0.6W2.4O10
17550,Pt0.2W3.8O5
17551,Pt0.4W3.6O5
17552,Pt0.8W3.2O5
17553,Pt0.2W3.8O7
17554,Pt0.4W3.6O7
17555,Pt0.8W3.2O7
17556,Pt0.2W3.8O9
17557,Pt0.4W3.6O9
17558,Pt0.8W3.2O9
17559,Pt0.25W4.75O6
17560,Pt0.5W4.5O6
17561,PtWO6
17562,Pt0.25W4.75O7
17563,Pt0.5W4.5O7
17564,PtWO7
17565,Pt0.25W4.75O8
17566,Pt0.5W4.5O8
17567,PtWO8
17568,Pt0.25W4.75O9
17569,Pt0.5W4.5O9
17570,PtWO9
17571,Pt0.3W5.7O7
17572,Pt0.6W5.4O7
17573,Pt1.2W4.8O7
17574,Pt0.35W6.65O8
17575,Pt0.7W6.3O8
17576,Pt1.4W5.6O8
17577,Pt0.35W6.65O9
17578,Pt0.7W6.3O9
17579,Pt1.4W5.6O9
17580,Pt0.35W6.65O10
17581,Pt0.7W6.3O10
17582,Pt1.4W5.6O10
17583,Pt0.4W7.6O9
17584,Pt0.8W7.2O9
17585,Pt1.6W6.4O9
17586,Pt0.45W8.55O10
17587,Pt0.9W8.1O10
17588,Pt1.8W7.2O10
17589,Mn0.05Re0.95O
17590,Mn0.1Re0.9O
17591,Mn0.2Re0.8O
17592,Mn0.05Re0.95O2
17593,Mn0.1Re0.9O2
17594,Mn0.2Re0.8O2
17595,Mn0.05Re0.95O3
17596,Mn0.1Re0.9O3
17597,Mn0.2Re0.8O3
17598,Mn0.05Re0.95O4
17599,Mn0.1Re0.9O4
17600,Mn0.2Re0.8O4
17601,Mn0.05Re0.95O5
17602,Mn0.1Re0.9O5
17603,Mn0.2Re0.8O5
17604,Mn0.05Re0.95O6
17605,Mn0.1Re0.9O6
17606,Mn0.2Re0.8O6
17607,Mn0.05Re0.95O7
17608,Mn0.1Re0.9O7
17609,Mn0.2Re0.8O7
17610,Mn0.05Re0.95O8
17611,Mn0.1Re0.9O8
17612,Mn0.2Re0.8O8
17613,Mn0.05Re0.95O9
17614,Mn0.1Re0.9O9
17615,Mn0.2Re0.8O9
17616,Mn0.05Re0.95O10
17617,Mn0.1Re0.9O10
17618,Mn0.2Re0.8O10
17619,Mn0.1Re1.9O3
17620,Mn0.2Re1.8O3
17621,Mn0.4Re1.6O3
17622,Mn0.1Re1.9O5
17623,Mn0.2Re1.8O5
17624,Mn0.4Re1.6O5
17625,Mn0.1Re1.9O7
17626,Mn0.2Re1.8O7
17627,Mn0.4Re1.6O7
17628,Mn0.1Re1.9O9
17629,Mn0.2Re1.8O9
17630,Mn0.4Re1.6O9
17631,Mn0.15Re2.85O4
17632,Mn0.3Re2.7O4
17633,Mn0.6Re2.4O4
17634,Mn0.15Re2.85O5
17635,Mn0.3Re2.7O5
17636,Mn0.6Re2.4O5
17637,Mn0.15Re2.85O7
17638,Mn0.3Re2.7O7
17639,Mn0.6Re2.4O7
17640,Mn0.15Re2.85O8
17641,Mn0.3Re2.7O8
17642,Mn0.6Re2.4O8
17643,Mn0.15Re2.85O10
17644,Mn0.3Re2.7O10
17645,Mn0.6Re2.4O10
17646,Mn0.2Re3.8O5
17647,Mn0.4Re3.6O5
17648,Mn0.8Re3.2O5
17649,Mn0.2Re3.8O7
17650,Mn0.4Re3.6O7
17651,Mn0.8Re3.2O7
17652,Mn0.2Re3.8O9
17653,Mn0.4Re3.6O9
17654,Mn0.8Re3.2O9
17655,Mn0.25Re4.75O6
17656,Mn0.5Re4.5O6
17657,MnReO6
17658,Mn0.25Re4.75O7
17659,Mn0.5Re4.5O7
17660,MnReO7
17661,Mn0.25Re4.75O8
17662,Mn0.5Re4.5O8
17663,MnReO8
17664,Mn0.25Re4.75O9
17665,Mn0.5Re4.5O9
17666,MnReO9
17667,Mn0.3Re5.7O7
17668,Mn0.6Re5.4O7
17669,Mn1.2Re4.8O7
17670,Mn0.35Re6.65O8
17671,Mn0.7Re6.3O8
17672,Mn1.4Re5.6O8
17673,Mn0.35Re6.65O9
17674,Mn0.7Re6.3O9
17675,Mn1.4Re5.6O9
17676,Mn0.35Re6.65O10
17677,Mn0.7Re6.3O10
17678,Mn1.4Re5.6O10
17679,Mn0.4Re7.6O9
17680,Mn0.8Re7.2O9
17681,Mn1.6Re6.4O9
17682,Mn0.45Re8.55O10
17683,Mn0.9Re8.1O10
17684,Mn1.8Re7.2O10
17685,Fe0.05Re0.95O
17686,Fe0.1Re0.9O
17687,Fe0.2Re0.8O
17688,Fe0.05Re0.95O2
17689,Fe0.1Re0.9O2
17690,Fe0.2Re0.8O2
17691,Fe0.05Re0.95O3
17692,Fe0.1Re0.9O3
17693,Fe0.2Re0.8O3
17694,Fe0.05Re0.95O4
17695,Fe0.1Re0.9O4
17696,Fe0.2Re0.8O4
17697,Fe0.05Re0.95O5
17698,Fe0.1Re0.9O5
17699,Fe0.2Re0.8O5
17700,Fe0.05Re0.95O6
17701,Fe0.1Re0.9O6
17702,Fe0.2Re0.8O6
17703,Fe0.05Re0.95O7
17704,Fe0.1Re0.9O7
17705,Fe0.2Re0.8O7
17706,Fe0.05Re0.95O8
17707,Fe0.1Re0.9O8
17708,Fe0.2Re0.8O8
17709,Fe0.05Re0.95O9
17710,Fe0.1Re0.9O9
17711,Fe0.2Re0.8O9
17712,Fe0.05Re0.95O10
17713,Fe0.1Re0.9O10
17714,Fe0.2Re0.8O10
17715,Fe0.1Re1.9O3
17716,Fe0.2Re1.8O3
17717,Fe0.4Re1.6O3
17718,Fe0.1Re1.9O5
17719,Fe0.2Re1.8O5
17720,Fe0.4Re1.6O5
17721,Fe0.1Re1.9O7
17722,Fe0.2Re1.8O7
17723,Fe0.4Re1.6O7
17724,Fe0.1Re1.9O9
17725,Fe0.2Re1.8O9
17726,Fe0.4Re1.6O9
17727,Fe0.15Re2.85O4
17728,Fe0.3Re2.7O4
17729,Fe0.6Re2.4O4
17730,Fe0.15Re2.85O5
17731,Fe0.3Re2.7O5
17732,Fe0.6Re2.4O5
17733,Fe0.15Re2.85O7
17734,Fe0.3Re2.7O7
17735,Fe0.6Re2.4O7
17736,Fe0.15Re2.85O8
17737,Fe0.3Re2.7O8
17738,Fe0.6Re2.4O8
17739,Fe0.15Re2.85O10
17740,Fe0.3Re2.7O10
17741,Fe0.6Re2.4O10
17742,Fe0.2Re3.8O5
17743,Fe0.4Re3.6O5
17744,Fe0.8Re3.2O5
17745,Fe0.2Re3.8O7
17746,Fe0.4Re3.6O7
17747,Fe0.8Re3.2O7
17748,Fe0.2Re3.8O9
17749,Fe0.4Re3.6O9
17750,Fe0.8Re3.2O9
17751,Fe0.25Re4.75O6
17752,Fe0.5Re4.5O6
17753,FeReO6
17754,Fe0.25Re4.75O7
17755,Fe0.5Re4.5O7
17756,FeReO7
17757,Fe0.25Re4.75O8
17758,Fe0.5Re4.5O8
17759,FeReO8
17760,Fe0.25Re4.75O9
17761,Fe0.5Re4.5O9
17762,FeReO9
17763,Fe0.3Re5.7O7
17764,Fe0.6Re5.4O7
17765,Fe1.2Re4.8O7
17766,Fe0.35Re6.65O8
17767,Fe0.7Re6.3O8
17768,Fe1.4Re5.6O8
17769,Fe0.35Re6.65O9
17770,Fe0.7Re6.3O9
17771,Fe1.4Re5.6O9
17772,Fe0.35Re6.65O10
17773,Fe0.7Re6.3O10
17774,Fe1.4Re5.6O10
17775,Fe0.4Re7.6O9
17776,Fe0.8Re7.2O9
17777,Fe1.6Re6.4O9
17778,Fe0.45Re8.55O10
17779,Fe0.9Re8.1O10
17780,Fe1.8Re7.2O10
17781,Co0.05Re0.95O
17782,Co0.1Re0.9O
17783,Co0.2Re0.8O
17784,Co0.05Re0.95O2
17785,Co0.1Re0.9O2
17786,Co0.2Re0.8O2
17787,Co0.05Re0.95O3
17788,Co0.1Re0.9O3
17789,Co0.2Re0.8O3
17790,Co0.05Re0.95O4
17791,Co0.1Re0.9O4
17792,Co0.2Re0.8O4
17793,Co0.05Re0.95O5
17794,Co0.1Re0.9O5
17795,Co0.2Re0.8O5
17796,Co0.05Re0.95O6
17797,Co0.1Re0.9O6
17798,Co0.2Re0.8O6
17799,Co0.05Re0.95O7
17800,Co0.1Re0.9O7
17801,Co0.2Re0.8O7
17802,Co0.05Re0.95O8
17803,Co0.1Re0.9O8
17804,Co0.2Re0.8O8
17805,Co0.05Re0.95O9
17806,Co0.1Re0.9O9
17807,Co0.2Re0.8O9
17808,Co0.05Re0.95O10
17809,Co0.1Re0.9O10
17810,Co0.2Re0.8O10
17811,Co0.1Re1.9O3
17812,Co0.2Re1.8O3
17813,Co0.4Re1.6O3
17814,Co0.1Re1.9O5
17815,Co0.2Re1.8O5
17816,Co0.4Re1.6O5
17817,Co0.1Re1.9O7
17818,Co0.2Re1.8O7
17819,Co0.4Re1.6O7
17820,Co0.1Re1.9O9
17821,Co0.2Re1.8O9
17822,Co0.4Re1.6O9
17823,Co0.15Re2.85O4
17824,Co0.3Re2.7O4
17825,Co0.6Re2.4O4
17826,Co0.15Re2.85O5
17827,Co0.3Re2.7O5
17828,Co0.6Re2.4O5
17829,Co0.15Re2.85O7
17830,Co0.3Re2.7O7
17831,Co0.6Re2.4O7
17832,Co0.15Re2.85O8
17833,Co0.3Re2.7O8
17834,Co0.6Re2.4O8
17835,Co0.15Re2.85O10
17836,Co0.3Re2.7O10
17837,Co0.6Re2.4O10
17838,Co0.2Re3.8O5
17839,Co0.4Re3.6O5
17840,Co0.8Re3.2O5
17841,Co0.2Re3.8O7
17842,Co0.4Re3.6O7
17843,Co0.8Re3.2O7
17844,Co0.2Re3.8O9
17845,Co0.4Re3.6O9
17846,Co0.8Re3.2O9
17847,Co0.25Re4.75O6
17848,Co0.5Re4.5O6
17849,CoReO6
17850,Co0.25Re4.75O7
17851,Co0.5Re4.5O7
17852,CoReO7
17853,Co0.25Re4.75O8
17854,Co0.5Re4.5O8
17855,CoReO8
17856,Co0.25Re4.75O9
17857,Co0.5Re4.5O9
17858,CoReO9
17859,Co0.3Re5.7O7
17860,Co0.6Re5.4O7
17861,Co1.2Re4.8O7
17862,Co0.35Re6.65O8
17863,Co0.7Re6.3O8
17864,Co1.4Re5.6O8
17865,Co0.35Re6.65O9
17866,Co0.7Re6.3O9
17867,Co1.4Re5.6O9
17868,Co0.35Re6.65O10
17869,Co0.7Re6.3O10
17870,Co1.4Re5.6O10
17871,Co0.4Re7.6O9
17872,Co0.8Re7.2O9
17873,Co1.6Re6.4O9
17874,Co0.45Re8.55O10
17875,Co0.9Re8.1O10
17876,Co1.8Re7.2O10
17877,Ni0.05Re0.95O
17878,Ni0.1Re0.9O
17879,Ni0.2Re0.8O
17880,Ni0.05Re0.95O2
17881,Ni0.1Re0.9O2
17882,Ni0.2Re0.8O2
17883,Ni0.05Re0.95O3
17884,Ni0.1Re0.9O3
17885,Ni0.2Re0.8O3
17886,Ni0.05Re0.95O4
17887,Ni0.1Re0.9O4
17888,Ni0.2Re0.8O4
17889,Ni0.05Re0.95O5
17890,Ni0.1Re0.9O5
17891,Ni0.2Re0.8O5
17892,Ni0.05Re0.95O6
17893,Ni0.1Re0.9O6
17894,Ni0.2Re0.8O6
17895,Ni0.05Re0.95O7
17896,Ni0.1Re0.9O7
17897,Ni0.2Re0.8O7
17898,Ni0.05Re0.95O8
17899,Ni0.1Re0.9O8
17900,Ni0.2Re0.8O8
17901,Ni0.05Re0.95O9
17902,Ni0.1Re0.9O9
17903,Ni0.2Re0.8O9
17904,Ni0.05Re0.95O10
17905,Ni0.1Re0.9O10
17906,Ni0.2Re0.8O10
17907,Ni0.1Re1.9O3
17908,Ni0.2Re1.8O3
17909,Ni0.4Re1.6O3
17910,Ni0.1Re1.9O5
17911,Ni0.2Re1.8O5
17912,Ni0.4Re1.6O5
17913,Ni0.1Re1.9O7
17914,Ni0.2Re1.8O7
17915,Ni0.4Re1.6O7
17916,Ni0.1Re1.9O9
17917,Ni0.2Re1.8O9
17918,Ni0.4Re1.6O9
17919,Ni0.15Re2.85O4
17920,Ni0.3Re2.7O4
17921,Ni0.6Re2.4O4
17922,Ni0.15Re2.85O5
17923,Ni0.3Re2.7O5
17924,Ni0.6Re2.4O5
17925,Ni0.15Re2.85O7
17926,Ni0.3Re2.7O7
17927,Ni0.6Re2.4O7
17928,Ni0.15Re2.85O8
17929,Ni0.3Re2.7O8
17930,Ni0.6Re2.4O8
17931,Ni0.15Re2.85O10
17932,Ni0.3Re2.7O10
17933,Ni0.6Re2.4O10
17934,Ni0.2Re3.8O5
17935,Ni0.4Re3.6O5
17936,Ni0.8Re3.2O5
17937,Ni0.2Re3.8O7
17938,Ni0.4Re3.6O7
17939,Ni0.8Re3.2O7
17940,Ni0.2Re3.8O9
17941,Ni0.4Re3.6O9
17942,Ni0.8Re3.2O9
17943,Ni0.25Re4.75O6
17944,Ni0.5Re4.5O6
17945,NiReO6
17946,Ni0.25Re4.75O7
17947,Ni0.5Re4.5O7
17948,NiReO7
17949,Ni0.25Re4.75O8
17950,Ni0.5Re4.5O8
17951,NiReO8
17952,Ni0.25Re4.75O9
17953,Ni0.5Re4.5O9
17954,NiReO9
17955,Ni0.3Re5.7O7
17956,Ni0.6Re5.4O7
17957,Ni1.2Re4.8O7
17958,Ni0.35Re6.65O8
17959,Ni0.7Re6.3O8
17960,Ni1.4Re5.6O8
17961,Ni0.35Re6.65O9
17962,Ni0.7Re6.3O9
17963,Ni1.4Re5.6O9
17964,Ni0.35Re6.65O10
17965,Ni0.7Re6.3O10
17966,Ni1.4Re5.6O10
17967,Ni0.4Re7.6O9
17968,Ni0.8Re7.2O9
17969,Ni1.6Re6.4O9
17970,Ni0.45Re8.55O10
17971,Ni0.9Re8.1O10
17972,Ni1.8Re7.2O10
17973,Ru0.05Re0.95O
17974,Ru0.1Re0.9O
17975,Ru0.2Re0.8O
17976,Ru0.05Re0.95O2
17977,Ru0.1Re0.9O2
17978,Ru0.2Re0.8O2
17979,Ru0.05Re0.95O3
17980,Ru0.1Re0.9O3
17981,Ru0.2Re0.8O3
17982,Ru0.05Re0.95O4
17983,Ru0.1Re0.9O4
17984,Ru0.2Re0.8O4
17985,Ru0.05Re0.95O5
17986,Ru0.1Re0.9O5
17987,Ru0.2Re0.8O5
17988,Ru0.05Re0.95O6
17989,Ru0.1Re0.9O6
17990,Ru0.2Re0.8O6
17991,Ru0.05Re0.95O7
17992,Ru0.1Re0.9O7
17993,Ru0.2Re0.8O7
17994,Ru0.05Re0.95O8
17995,Ru0.1Re0.9O8
17996,Ru0.2Re0.8O8
17997,Ru0.05Re0.95O9
17998,Ru0.1Re0.9O9
17999,Ru0.2Re0.8O9
18000,Ru0.05Re0.95O10
18001,Ru0.1Re0.9O10
18002,Ru0.2Re0.8O10
18003,Ru0.1Re1.9O3
18004,Ru0.2Re1.8O3
18005,Ru0.4Re1.6O3
18006,Ru0.1Re1.9O5
18007,Ru0.2Re1.8O5
18008,Ru0.4Re1.6O5
18009,Ru0.1Re1.9O7
18010,Ru0.2Re1.8O7
18011,Ru0.4Re1.6O7
18012,Ru0.1Re1.9O9
18013,Ru0.2Re1.8O9
18014,Ru0.4Re1.6O9
18015,Ru0.15Re2.85O4
18016,Ru0.3Re2.7O4
18017,Ru0.6Re2.4O4
18018,Ru0.15Re2.85O5
18019,Ru0.3Re2.7O5
18020,Ru0.6Re2.4O5
18021,Ru0.15Re2.85O7
18022,Ru0.3Re2.7O7
18023,Ru0.6Re2.4O7
18024,Ru0.15Re2.85O8
18025,Ru0.3Re2.7O8
18026,Ru0.6Re2.4O8
18027,Ru0.15Re2.85O10
18028,Ru0.3Re2.7O10
18029,Ru0.6Re2.4O10
18030,Ru0.2Re3.8O5
18031,Ru0.4Re3.6O5
18032,Ru0.8Re3.2O5
18033,Ru0.2Re3.8O7
18034,Ru0.4Re3.6O7
18035,Ru0.8Re3.2O7
18036,Ru0.2Re3.8O9
18037,Ru0.4Re3.6O9
18038,Ru0.8Re3.2O9
18039,Ru0.25Re4.75O6
18040,Ru0.5Re4.5O6
18041,RuReO6
18042,Ru0.25Re4.75O7
18043,Ru0.5Re4.5O7
18044,RuReO7
18045,Ru0.25Re4.75O8
18046,Ru0.5Re4.5O8
18047,RuReO8
18048,Ru0.25Re4.75O9
18049,Ru0.5Re4.5O9
18050,RuReO9
18051,Ru0.3Re5.7O7
18052,Ru0.6Re5.4O7
18053,Ru1.2Re4.8O7
18054,Ru0.35Re6.65O8
18055,Ru0.7Re6.3O8
18056,Ru1.4Re5.6O8
18057,Ru0.35Re6.65O9
18058,Ru0.7Re6.3O9
18059,Ru1.4Re5.6O9
18060,Ru0.35Re6.65O10
18061,Ru0.7Re6.3O10
18062,Ru1.4Re5.6O10
18063,Ru0.4Re7.6O9
18064,Ru0.8Re7.2O9
18065,Ru1.6Re6.4O9
18066,Ru0.45Re8.55O10
18067,Ru0.9Re8.1O10
18068,Ru1.8Re7.2O10
18069,Pd0.05Re0.95O
18070,Pd0.1Re0.9O
18071,Pd0.2Re0.8O
18072,Pd0.05Re0.95O2
18073,Pd0.1Re0.9O2
18074,Pd0.2Re0.8O2
18075,Pd0.05Re0.95O3
18076,Pd0.1Re0.9O3
18077,Pd0.2Re0.8O3
18078,Pd0.05Re0.95O4
18079,Pd0.1Re0.9O4
18080,Pd0.2Re0.8O4
18081,Pd0.05Re0.95O5
18082,Pd0.1Re0.9O5
18083,Pd0.2Re0.8O5
18084,Pd0.05Re0.95O6
18085,Pd0.1Re0.9O6
18086,Pd0.2Re0.8O6
18087,Pd0.05Re0.95O7
18088,Pd0.1Re0.9O7
18089,Pd0.2Re0.8O7
18090,Pd0.05Re0.95O8
18091,Pd0.1Re0.9O8
18092,Pd0.2Re0.8O8
18093,Pd0.05Re0.95O9
18094,Pd0.1Re0.9O9
18095,Pd0.2Re0.8O9
18096,Pd0.05Re0.95O10
18097,Pd0.1Re0.9O10
18098,Pd0.2Re0.8O10
18099,Pd0.1Re1.9O3
18100,Pd0.2Re1.8O3
18101,Pd0.4Re1.6O3
18102,Pd0.1Re1.9O5
18103,Pd0.2Re1.8O5
18104,Pd0.4Re1.6O5
18105,Pd0.1Re1.9O7
18106,Pd0.2Re1.8O7
18107,Pd0.4Re1.6O7
18108,Pd0.1Re1.9O9
18109,Pd0.2Re1.8O9
18110,Pd0.4Re1.6O9
18111,Pd0.15Re2.85O4
18112,Pd0.3Re2.7O4
18113,Pd0.6Re2.4O4
18114,Pd0.15Re2.85O5
18115,Pd0.3Re2.7O5
18116,Pd0.6Re2.4O5
18117,Pd0.15Re2.85O7
18118,Pd0.3Re2.7O7
18119,Pd0.6Re2.4O7
18120,Pd0.15Re2.85O8
18121,Pd0.3Re2.7O8
18122,Pd0.6Re2.4O8
18123,Pd0.15Re2.85O10
18124,Pd0.3Re2.7O10
18125,Pd0.6Re2.4O10
18126,Pd0.2Re3.8O5
18127,Pd0.4Re3.6O5
18128,Pd0.8Re3.2O5
18129,Pd0.2Re3.8O7
18130,Pd0.4Re3.6O7
18131,Pd0.8Re3.2O7
18132,Pd0.2Re3.8O9
18133,Pd0.4Re3.6O9
18134,Pd0.8Re3.2O9
18135,Pd0.25Re4.75O6
18136,Pd0.5Re4.5O6
18137,PdReO6
18138,Pd0.25Re4.75O7
18139,Pd0.5Re4.5O7
18140,PdReO7
18141,Pd0.25Re4.75O8
18142,Pd0.5Re4.5O8
18143,PdReO8
18144,Pd0.25Re4.75O9
18145,Pd0.5Re4.5O9
18146,PdReO9
18147,Pd0.3Re5.7O7
18148,Pd0.6Re5.4O7
18149,Pd1.2Re4.8O7
18150,Pd0.35Re6.65O8
18151,Pd0.7Re6.3O8
18152,Pd1.4Re5.6O8
18153,Pd0.35Re6.65O9
18154,Pd0.7Re6.3O9
18155,Pd1.4Re5.6O9
18156,Pd0.35Re6.65O10
18157,Pd0.7Re6.3O10
18158,Pd1.4Re5.6O10
18159,Pd0.4Re7.6O9
18160,Pd0.8Re7.2O9
18161,Pd1.6Re6.4O9
18162,Pd0.45Re8.55O10
18163,Pd0.9Re8.1O10
18164,Pd1.8Re7.2O10
18165,Ag0.05Re0.95O
18166,Ag0.1Re0.9O
18167,Ag0.2Re0.8O
18168,Ag0.05Re0.95O2
18169,Ag0.1Re0.9O2
18170,Ag0.2Re0.8O2
18171,Ag0.05Re0.95O3
18172,Ag0.1Re0.9O3
18173,Ag0.2Re0.8O3
18174,Ag0.05Re0.95O4
18175,Ag0.1Re0.9O4
18176,Ag0.2Re0.8O4
18177,Ag0.05Re0.95O5
18178,Ag0.1Re0.9O5
18179,Ag0.2Re0.8O5
18180,Ag0.05Re0.95O6
18181,Ag0.1Re0.9O6
18182,Ag0.2Re0.8O6
18183,Ag0.05Re0.95O7
18184,Ag0.1Re0.9O7
18185,Ag0.2Re0.8O7
18186,Ag0.05Re0.95O8
18187,Ag0.1Re0.9O8
18188,Ag0.2Re0.8O8
18189,Ag0.05Re0.95O9
18190,Ag0.1Re0.9O9
18191,Ag0.2Re0.8O9
18192,Ag0.05Re0.95O10
18193,Ag0.1Re0.9O10
18194,Ag0.2Re0.8O10
18195,Ag0.1Re1.9O3
18196,Ag0.2Re1.8O3
18197,Ag0.4Re1.6O3
18198,Ag0.1Re1.9O5
18199,Ag0.2Re1.8O5
18200,Ag0.4Re1.6O5
18201,Ag0.1Re1.9O7
18202,Ag0.2Re1.8O7
18203,Ag0.4Re1.6O7
18204,Ag0.1Re1.9O9
18205,Ag0.2Re1.8O9
18206,Ag0.4Re1.6O9
18207,Ag0.15Re2.85O4
18208,Ag0.3Re2.7O4
18209,Ag0.6Re2.4O4
18210,Ag0.15Re2.85O5
18211,Ag0.3Re2.7O5
18212,Ag0.6Re2.4O5
18213,Ag0.15Re2.85O7
18214,Ag0.3Re2.7O7
18215,Ag0.6Re2.4O7
18216,Ag0.15Re2.85O8
18217,Ag0.3Re2.7O8
18218,Ag0.6Re2.4O8
18219,Ag0.15Re2.85O10
18220,Ag0.3Re2.7O10
18221,Ag0.6Re2.4O10
18222,Ag0.2Re3.8O5
18223,Ag0.4Re3.6O5
18224,Ag0.8Re3.2O5
18225,Ag0.2Re3.8O7
18226,Ag0.4Re3.6O7
18227,Ag0.8Re3.2O7
18228,Ag0.2Re3.8O9
18229,Ag0.4Re3.6O9
18230,Ag0.8Re3.2O9
18231,Ag0.25Re4.75O6
18232,Ag0.5Re4.5O6
18233,AgReO6
18234,Ag0.25Re4.75O7
18235,Ag0.5Re4.5O7
18236,AgReO7
18237,Ag0.25Re4.75O8
18238,Ag0.5Re4.5O8
18239,AgReO8
18240,Ag0.25Re4.75O9
18241,Ag0.5Re4.5O9
18242,AgReO9
18243,Ag0.3Re5.7O7
18244,Ag0.6Re5.4O7
18245,Ag1.2Re4.8O7
18246,Ag0.35Re6.65O8
18247,Ag0.7Re6.3O8
18248,Ag1.4Re5.6O8
18249,Ag0.35Re6.65O9
18250,Ag0.7Re6.3O9
18251,Ag1.4Re5.6O9
18252,Ag0.35Re6.65O10
18253,Ag0.7Re6.3O10
18254,Ag1.4Re5.6O10
18255,Ag0.4Re7.6O9
18256,Ag0.8Re7.2O9
18257,Ag1.6Re6.4O9
18258,Ag0.45Re8.55O10
18259,Ag0.9Re8.1O10
18260,Ag1.8Re7.2O10
18261,Pt0.05Re0.95O
18262,Pt0.1Re0.9O
18263,Pt0.2Re0.8O
18264,Pt0.05Re0.95O2
18265,Pt0.1Re0.9O2
18266,Pt0.2Re0.8O2
18267,Pt0.05Re0.95O3
18268,Pt0.1Re0.9O3
18269,Pt0.2Re0.8O3
18270,Pt0.05Re0.95O4
18271,Pt0.1Re0.9O4
18272,Pt0.2Re0.8O4
18273,Pt0.05Re0.95O5
18274,Pt0.1Re0.9O5
18275,Pt0.2Re0.8O5
18276,Pt0.05Re0.95O6
18277,Pt0.1Re0.9O6
18278,Pt0.2Re0.8O6
18279,Pt0.05Re0.95O7
18280,Pt0.1Re0.9O7
18281,Pt0.2Re0.8O7
18282,Pt0.05Re0.95O8
18283,Pt0.1Re0.9O8
18284,Pt0.2Re0.8O8
18285,Pt0.05Re0.95O9
18286,Pt0.1Re0.9O9
18287,Pt0.2Re0.8O9
18288,Pt0.05Re0.95O10
18289,Pt0.1Re0.9O10
18290,Pt0.2Re0.8O10
18291,Pt0.1Re1.9O3
18292,Pt0.2Re1.8O3
18293,Pt0.4Re1.6O3
18294,Pt0.1Re1.9O5
18295,Pt0.2Re1.8O5
18296,Pt0.4Re1.6O5
18297,Pt0.1Re1.9O7
18298,Pt0.2Re1.8O7
18299,Pt0.4Re1.6O7
18300,Pt0.1Re1.9O9
18301,Pt0.2Re1.8O9
18302,Pt0.4Re1.6O9
18303,Pt0.15Re2.85O4
18304,Pt0.3Re2.7O4
18305,Pt0.6Re2.4O4
18306,Pt0.15Re2.85O5
18307,Pt0.3Re2.7O5
18308,Pt0.6Re2.4O5
18309,Pt0.15Re2.85O7
18310,Pt0.3Re2.7O7
18311,Pt0.6Re2.4O7
18312,Pt0.15Re2.85O8
18313,Pt0.3Re2.7O8
18314,Pt0.6Re2.4O8
18315,Pt0.15Re2.85O10
18316,Pt0.3Re2.7O10
18317,Pt0.6Re2.4O10
18318,Pt0.2Re3.8O5
18319,Pt0.4Re3.6O5
18320,Pt0.8Re3.2O5
18321,Pt0.2Re3.8O7
18322,Pt0.4Re3.6O7
18323,Pt0.8Re3.2O7
18324,Pt0.2Re3.8O9
18325,Pt0.4Re3.6O9
18326,Pt0.8Re3.2O9
18327,Pt0.25Re4.75O6
18328,Pt0.5Re4.5O6
18329,PtReO6
18330,Pt0.25Re4.75O7
18331,Pt0.5Re4.5O7
18332,PtReO7
18333,Pt0.25Re4.75O8
18334,Pt0.5Re4.5O8
18335,PtReO8
18336,Pt0.25Re4.75O9
18337,Pt0.5Re4.5O9
18338,PtReO9
18339,Pt0.3Re5.7O7
18340,Pt0.6Re5.4O7
18341,Pt1.2Re4.8O7
18342,Pt0.35Re6.65O8
18343,Pt0.7Re6.3O8
18344,Pt1.4Re5.6O8
18345,Pt0.35Re6.65O9
18346,Pt0.7Re6.3O9
18347,Pt1.4Re5.6O9
18348,Pt0.35Re6.65O10
18349,Pt0.7Re6.3O10
18350,Pt1.4Re5.6O10
18351,Pt0.4Re7.6O9
18352,Pt0.8Re7.2O9
18353,Pt1.6Re6.4O9
18354,Pt0.45Re8.55O10
18355,Pt0.9Re8.1O10
18356,Pt1.8Re7.2O10
18357,Mn0.05Os0.95O
18358,Mn0.1Os0.9O
18359,Mn0.2Os0.8O
18360,Mn0.05Os0.95O2
18361,Mn0.1Os0.9O2
18362,Mn0.2Os0.8O2
18363,Mn0.05Os0.95O3
18364,Mn0.1Os0.9O3
18365,Mn0.2Os0.8O3
18366,Mn0.05Os0.95O4
18367,Mn0.1Os0.9O4
18368,Mn0.2Os0.8O4
18369,Mn0.05Os0.95O5
18370,Mn0.1Os0.9O5
18371,Mn0.2Os0.8O5
18372,Mn0.05Os0.95O6
18373,Mn0.1Os0.9O6
18374,Mn0.2Os0.8O6
18375,Mn0.05Os0.95O7
18376,Mn0.1Os0.9O7
18377,Mn0.2Os0.8O7
18378,Mn0.05Os0.95O8
18379,Mn0.1Os0.9O8
18380,Mn0.2Os0.8O8
18381,Mn0.05Os0.95O9
18382,Mn0.1Os0.9O9
18383,Mn0.2Os0.8O9
18384,Mn0.05Os0.95O10
18385,Mn0.1Os0.9O10
18386,Mn0.2Os0.8O10
18387,Mn0.1Os1.9O3
18388,Mn0.2Os1.8O3
18389,Mn0.4Os1.6O3
18390,Mn0.1Os1.9O5
18391,Mn0.2Os1.8O5
18392,Mn0.4Os1.6O5
18393,Mn0.1Os1.9O7
18394,Mn0.2Os1.8O7
18395,Mn0.4Os1.6O7
18396,Mn0.1Os1.9O9
18397,Mn0.2Os1.8O9
18398,Mn0.4Os1.6O9
18399,Mn0.15Os2.85O4
18400,Mn0.3Os2.7O4
18401,Mn0.6Os2.4O4
18402,Mn0.15Os2.85O5
18403,Mn0.3Os2.7O5
18404,Mn0.6Os2.4O5
18405,Mn0.15Os2.85O7
18406,Mn0.3Os2.7O7
18407,Mn0.6Os2.4O7
18408,Mn0.15Os2.85O8
18409,Mn0.3Os2.7O8
18410,Mn0.6Os2.4O8
18411,Mn0.15Os2.85O10
18412,Mn0.3Os2.7O10
18413,Mn0.6Os2.4O10
18414,Mn0.2Os3.8O5
18415,Mn0.4Os3.6O5
18416,Mn0.8Os3.2O5
18417,Mn0.2Os3.8O7
18418,Mn0.4Os3.6O7
18419,Mn0.8Os3.2O7
18420,Mn0.2Os3.8O9
18421,Mn0.4Os3.6O9
18422,Mn0.8Os3.2O9
18423,Mn0.25Os4.75O6
18424,Mn0.5Os4.5O6
18425,MnOsO6
18426,Mn0.25Os4.75O7
18427,Mn0.5Os4.5O7
18428,MnOsO7
18429,Mn0.25Os4.75O8
18430,Mn0.5Os4.5O8
18431,MnOsO8
18432,Mn0.25Os4.75O9
18433,Mn0.5Os4.5O9
18434,MnOsO9
18435,Mn0.3Os5.7O7
18436,Mn0.6Os5.4O7
18437,Mn1.2Os4.8O7
18438,Mn0.35Os6.65O8
18439,Mn0.7Os6.3O8
18440,Mn1.4Os5.6O8
18441,Mn0.35Os6.65O9
18442,Mn0.7Os6.3O9
18443,Mn1.4Os5.6O9
18444,Mn0.35Os6.65O10
18445,Mn0.7Os6.3O10
18446,Mn1.4Os5.6O10
18447,Mn0.4Os7.6O9
18448,Mn0.8Os7.2O9
18449,Mn1.6Os6.4O9
18450,Mn0.45Os8.55O10
18451,Mn0.9Os8.1O10
18452,Mn1.8Os7.2O10
18453,Fe0.05Os0.95O
18454,Fe0.1Os0.9O
18455,Fe0.2Os0.8O
18456,Fe0.05Os0.95O2
18457,Fe0.1Os0.9O2
18458,Fe0.2Os0.8O2
18459,Fe0.05Os0.95O3
18460,Fe0.1Os0.9O3
18461,Fe0.2Os0.8O3
18462,Fe0.05Os0.95O4
18463,Fe0.1Os0.9O4
18464,Fe0.2Os0.8O4
18465,Fe0.05Os0.95O5
18466,Fe0.1Os0.9O5
18467,Fe0.2Os0.8O5
18468,Fe0.05Os0.95O6
18469,Fe0.1Os0.9O6
18470,Fe0.2Os0.8O6
18471,Fe0.05Os0.95O7
18472,Fe0.1Os0.9O7
18473,Fe0.2Os0.8O7
18474,Fe0.05Os0.95O8
18475,Fe0.1Os0.9O8
18476,Fe0.2Os0.8O8
18477,Fe0.05Os0.95O9
18478,Fe0.1Os0.9O9
18479,Fe0.2Os0.8O9
18480,Fe0.05Os0.95O10
18481,Fe0.1Os0.9O10
18482,Fe0.2Os0.8O10
18483,Fe0.1Os1.9O3
18484,Fe0.2Os1.8O3
18485,Fe0.4Os1.6O3
18486,Fe0.1Os1.9O5
18487,Fe0.2Os1.8O5
18488,Fe0.4Os1.6O5
18489,Fe0.1Os1.9O7
18490,Fe0.2Os1.8O7
18491,Fe0.4Os1.6O7
18492,Fe0.1Os1.9O9
18493,Fe0.2Os1.8O9
18494,Fe0.4Os1.6O9
18495,Fe0.15Os2.85O4
18496,Fe0.3Os2.7O4
18497,Fe0.6Os2.4O4
18498,Fe0.15Os2.85O5
18499,Fe0.3Os2.7O5
18500,Fe0.6Os2.4O5
18501,Fe0.15Os2.85O7
18502,Fe0.3Os2.7O7
18503,Fe0.6Os2.4O7
18504,Fe0.15Os2.85O8
18505,Fe0.3Os2.7O8
18506,Fe0.6Os2.4O8
18507,Fe0.15Os2.85O10
18508,Fe0.3Os2.7O10
18509,Fe0.6Os2.4O10
18510,Fe0.2Os3.8O5
18511,Fe0.4Os3.6O5
18512,Fe0.8Os3.2O5
18513,Fe0.2Os3.8O7
18514,Fe0.4Os3.6O7
18515,Fe0.8Os3.2O7
18516,Fe0.2Os3.8O9
18517,Fe0.4Os3.6O9
18518,Fe0.8Os3.2O9
18519,Fe0.25Os4.75O6
18520,Fe0.5Os4.5O6
18521,FeOsO6
18522,Fe0.25Os4.75O7
18523,Fe0.5Os4.5O7
18524,FeOsO7
18525,Fe0.25Os4.75O8
18526,Fe0.5Os4.5O8
18527,FeOsO8
18528,Fe0.25Os4.75O9
18529,Fe0.5Os4.5O9
18530,FeOsO9
18531,Fe0.3Os5.7O7
18532,Fe0.6Os5.4O7
18533,Fe1.2Os4.8O7
18534,Fe0.35Os6.65O8
18535,Fe0.7Os6.3O8
18536,Fe1.4Os5.6O8
18537,Fe0.35Os6.65O9
18538,Fe0.7Os6.3O9
18539,Fe1.4Os5.6O9
18540,Fe0.35Os6.65O10
18541,Fe0.7Os6.3O10
18542,Fe1.4Os5.6O10
18543,Fe0.4Os7.6O9
18544,Fe0.8Os7.2O9
18545,Fe1.6Os6.4O9
18546,Fe0.45Os8.55O10
18547,Fe0.9Os8.1O10
18548,Fe1.8Os7.2O10
18549,Co0.05Os0.95O
18550,Co0.1Os0.9O
18551,Co0.2Os0.8O
18552,Co0.05Os0.95O2
18553,Co0.1Os0.9O2
18554,Co0.2Os0.8O2
18555,Co0.05Os0.95O3
18556,Co0.1Os0.9O3
18557,Co0.2Os0.8O3
18558,Co0.05Os0.95O4
18559,Co0.1Os0.9O4
18560,Co0.2Os0.8O4
18561,Co0.05Os0.95O5
18562,Co0.1Os0.9O5
18563,Co0.2Os0.8O5
18564,Co0.05Os0.95O6
18565,Co0.1Os0.9O6
18566,Co0.2Os0.8O6
18567,Co0.05Os0.95O7
18568,Co0.1Os0.9O7
18569,Co0.2Os0.8O7
18570,Co0.05Os0.95O8
18571,Co0.1Os0.9O8
18572,Co0.2Os0.8O8
18573,Co0.05Os0.95O9
18574,Co0.1Os0.9O9
18575,Co0.2Os0.8O9
18576,Co0.05Os0.95O10
18577,Co0.1Os0.9O10
18578,Co0.2Os0.8O10
18579,Co0.1Os1.9O3
18580,Co0.2Os1.8O3
18581,Co0.4Os1.6O3
18582,Co0.1Os1.9O5
18583,Co0.2Os1.8O5
18584,Co0.4Os1.6O5
18585,Co0.1Os1.9O7
18586,Co0.2Os1.8O7
18587,Co0.4Os1.6O7
18588,Co0.1Os1.9O9
18589,Co0.2Os1.8O9
18590,Co0.4Os1.6O9
18591,Co0.15Os2.85O4
18592,Co0.3Os2.7O4
18593,Co0.6Os2.4O4
18594,Co0.15Os2.85O5
18595,Co0.3Os2.7O5
18596,Co0.6Os2.4O5
18597,Co0.15Os2.85O7
18598,Co0.3Os2.7O7
18599,Co0.6Os2.4O7
18600,Co0.15Os2.85O8
18601,Co0.3Os2.7O8
18602,Co0.6Os2.4O8
18603,Co0.15Os2.85O10
18604,Co0.3Os2.7O10
18605,Co0.6Os2.4O10
18606,Co0.2Os3.8O5
18607,Co0.4Os3.6O5
18608,Co0.8Os3.2O5
18609,Co0.2Os3.8O7
18610,Co0.4Os3.6O7
18611,Co0.8Os3.2O7
18612,Co0.2Os3.8O9
18613,Co0.4Os3.6O9
18614,Co0.8Os3.2O9
18615,Co0.25Os4.75O6
18616,Co0.5Os4.5O6
18617,CoOsO6
18618,Co0.25Os4.75O7
18619,Co0.5Os4.5O7
18620,CoOsO7
18621,Co0.25Os4.75O8
18622,Co0.5Os4.5O8
18623,CoOsO8
18624,Co0.25Os4.75O9
18625,Co0.5Os4.5O9
18626,CoOsO9
18627,Co0.3Os5.7O7
18628,Co0.6Os5.4O7
18629,Co1.2Os4.8O7
18630,Co0.35Os6.65O8
18631,Co0.7Os6.3O8
18632,Co1.4Os5.6O8
18633,Co0.35Os6.65O9
18634,Co0.7Os6.3O9
18635,Co1.4Os5.6O9
18636,Co0.35Os6.65O10
18637,Co0.7Os6.3O10
18638,Co1.4Os5.6O10
18639,Co0.4Os7.6O9
18640,Co0.8Os7.2O9
18641,Co1.6Os6.4O9
18642,Co0.45Os8.55O10
18643,Co0.9Os8.1O10
18644,Co1.8Os7.2O10
18645,Ni0.05Os0.95O
18646,Ni0.1Os0.9O
18647,Ni0.2Os0.8O
18648,Ni0.05Os0.95O2
18649,Ni0.1Os0.9O2
18650,Ni0.2Os0.8O2
18651,Ni0.05Os0.95O3
18652,Ni0.1Os0.9O3
18653,Ni0.2Os0.8O3
18654,Ni0.05Os0.95O4
18655,Ni0.1Os0.9O4
18656,Ni0.2Os0.8O4
18657,Ni0.05Os0.95O5
18658,Ni0.1Os0.9O5
18659,Ni0.2Os0.8O5
18660,Ni0.05Os0.95O6
18661,Ni0.1Os0.9O6
18662,Ni0.2Os0.8O6
18663,Ni0.05Os0.95O7
18664,Ni0.1Os0.9O7
18665,Ni0.2Os0.8O7
18666,Ni0.05Os0.95O8
18667,Ni0.1Os0.9O8
18668,Ni0.2Os0.8O8
18669,Ni0.05Os0.95O9
18670,Ni0.1Os0.9O9
18671,Ni0.2Os0.8O9
18672,Ni0.05Os0.95O10
18673,Ni0.1Os0.9O10
18674,Ni0.2Os0.8O10
18675,Ni0.1Os1.9O3
18676,Ni0.2Os1.8O3
18677,Ni0.4Os1.6O3
18678,Ni0.1Os1.9O5
18679,Ni0.2Os1.8O5
18680,Ni0.4Os1.6O5
18681,Ni0.1Os1.9O7
18682,Ni0.2Os1.8O7
18683,Ni0.4Os1.6O7
18684,Ni0.1Os1.9O9
18685,Ni0.2Os1.8O9
18686,Ni0.4Os1.6O9
18687,Ni0.15Os2.85O4
18688,Ni0.3Os2.7O4
18689,Ni0.6Os2.4O4
18690,Ni0.15Os2.85O5
18691,Ni0.3Os2.7O5
18692,Ni0.6Os2.4O5
18693,Ni0.15Os2.85O7
18694,Ni0.3Os2.7O7
18695,Ni0.6Os2.4O7
18696,Ni0.15Os2.85O8
18697,Ni0.3Os2.7O8
18698,Ni0.6Os2.4O8
18699,Ni0.15Os2.85O10
18700,Ni0.3Os2.7O10
18701,Ni0.6Os2.4O10
18702,Ni0.2Os3.8O5
18703,Ni0.4Os3.6O5
18704,Ni0.8Os3.2O5
18705,Ni0.2Os3.8O7
18706,Ni0.4Os3.6O7
18707,Ni0.8Os3.2O7
18708,Ni0.2Os3.8O9
18709,Ni0.4Os3.6O9
18710,Ni0.8Os3.2O9
18711,Ni0.25Os4.75O6
18712,Ni0.5Os4.5O6
18713,NiOsO6
18714,Ni0.25Os4.75O7
18715,Ni0.5Os4.5O7
18716,NiOsO7
18717,Ni0.25Os4.75O8
18718,Ni0.5Os4.5O8
18719,NiOsO8
18720,Ni0.25Os4.75O9
18721,Ni0.5Os4.5O9
18722,NiOsO9
18723,Ni0.3Os5.7O7
18724,Ni0.6Os5.4O7
18725,Ni1.2Os4.8O7
18726,Ni0.35Os6.65O8
18727,Ni0.7Os6.3O8
18728,Ni1.4Os5.6O8
18729,Ni0.35Os6.65O9
18730,Ni0.7Os6.3O9
18731,Ni1.4Os5.6O9
18732,Ni0.35Os6.65O10
18733,Ni0.7Os6.3O10
18734,Ni1.4Os5.6O10
18735,Ni0.4Os7.6O9
18736,Ni0.8Os7.2O9
18737,Ni1.6Os6.4O9
18738,Ni0.45Os8.55O10
18739,Ni0.9Os8.1O10
18740,Ni1.8Os7.2O10
18741,Ru0.05Os0.95O
18742,Ru0.1Os0.9O
18743,Ru0.2Os0.8O
18744,Ru0.05Os0.95O2
18745,Ru0.1Os0.9O2
18746,Ru0.2Os0.8O2
18747,Ru0.05Os0.95O3
18748,Ru0.1Os0.9O3
18749,Ru0.2Os0.8O3
18750,Ru0.05Os0.95O4
18751,Ru0.1Os0.9O4
18752,Ru0.2Os0.8O4
18753,Ru0.05Os0.95O5
18754,Ru0.1Os0.9O5
18755,Ru0.2Os0.8O5
18756,Ru0.05Os0.95O6
18757,Ru0.1Os0.9O6
18758,Ru0.2Os0.8O6
18759,Ru0.05Os0.95O7
18760,Ru0.1Os0.9O7
18761,Ru0.2Os0.8O7
18762,Ru0.05Os0.95O8
18763,Ru0.1Os0.9O8
18764,Ru0.2Os0.8O8
18765,Ru0.05Os0.95O9
18766,Ru0.1Os0.9O9
18767,Ru0.2Os0.8O9
18768,Ru0.05Os0.95O10
18769,Ru0.1Os0.9O10
18770,Ru0.2Os0.8O10
18771,Ru0.1Os1.9O3
18772,Ru0.2Os1.8O3
18773,Ru0.4Os1.6O3
18774,Ru0.1Os1.9O5
18775,Ru0.2Os1.8O5
18776,Ru0.4Os1.6O5
18777,Ru0.1Os1.9O7
18778,Ru0.2Os1.8O7
18779,Ru0.4Os1.6O7
18780,Ru0.1Os1.9O9
18781,Ru0.2Os1.8O9
18782,Ru0.4Os1.6O9
18783,Ru0.15Os2.85O4
18784,Ru0.3Os2.7O4
18785,Ru0.6Os2.4O4
18786,Ru0.15Os2.85O5
18787,Ru0.3Os2.7O5
18788,Ru0.6Os2.4O5
18789,Ru0.15Os2.85O7
18790,Ru0.3Os2.7O7
18791,Ru0.6Os2.4O7
18792,Ru0.15Os2.85O8
18793,Ru0.3Os2.7O8
18794,Ru0.6Os2.4O8
18795,Ru0.15Os2.85O10
18796,Ru0.3Os2.7O10
18797,Ru0.6Os2.4O10
18798,Ru0.2Os3.8O5
18799,Ru0.4Os3.6O5
18800,Ru0.8Os3.2O5
18801,Ru0.2Os3.8O7
18802,Ru0.4Os3.6O7
18803,Ru0.8Os3.2O7
18804,Ru0.2Os3.8O9
18805,Ru0.4Os3.6O9
18806,Ru0.8Os3.2O9
18807,Ru0.25Os4.75O6
18808,Ru0.5Os4.5O6
18809,RuOsO6
18810,Ru0.25Os4.75O7
18811,Ru0.5Os4.5O7
18812,RuOsO7
18813,Ru0.25Os4.75O8
18814,Ru0.5Os4.5O8
18815,RuOsO8
18816,Ru0.25Os4.75O9
18817,Ru0.5Os4.5O9
18818,RuOsO9
18819,Ru0.3Os5.7O7
18820,Ru0.6Os5.4O7
18821,Ru1.2Os4.8O7
18822,Ru0.35Os6.65O8
18823,Ru0.7Os6.3O8
18824,Ru1.4Os5.6O8
18825,Ru0.35Os6.65O9
18826,Ru0.7Os6.3O9
18827,Ru1.4Os5.6O9
18828,Ru0.35Os6.65O10
18829,Ru0.7Os6.3O10
18830,Ru1.4Os5.6O10
18831,Ru0.4Os7.6O9
18832,Ru0.8Os7.2O9
18833,Ru1.6Os6.4O9
18834,Ru0.45Os8.55O10
18835,Ru0.9Os8.1O10
18836,Ru1.8Os7.2O10
18837,Pd0.05Os0.95O
18838,Pd0.1Os0.9O
18839,Pd0.2Os0.8O
18840,Pd0.05Os0.95O2
18841,Pd0.1Os0.9O2
18842,Pd0.2Os0.8O2
18843,Pd0.05Os0.95O3
18844,Pd0.1Os0.9O3
18845,Pd0.2Os0.8O3
18846,Pd0.05Os0.95O4
18847,Pd0.1Os0.9O4
18848,Pd0.2Os0.8O4
18849,Pd0.05Os0.95O5
18850,Pd0.1Os0.9O5
18851,Pd0.2Os0.8O5
18852,Pd0.05Os0.95O6
18853,Pd0.1Os0.9O6
18854,Pd0.2Os0.8O6
18855,Pd0.05Os0.95O7
18856,Pd0.1Os0.9O7
18857,Pd0.2Os0.8O7
18858,Pd0.05Os0.95O8
18859,Pd0.1Os0.9O8
18860,Pd0.2Os0.8O8
18861,Pd0.05Os0.95O9
18862,Pd0.1Os0.9O9
18863,Pd0.2Os0.8O9
18864,Pd0.05Os0.95O10
18865,Pd0.1Os0.9O10
18866,Pd0.2Os0.8O10
18867,Pd0.1Os1.9O3
18868,Pd0.2Os1.8O3
18869,Pd0.4Os1.6O3
18870,Pd0.1Os1.9O5
18871,Pd0.2Os1.8O5
18872,Pd0.4Os1.6O5
18873,Pd0.1Os1.9O7
18874,Pd0.2Os1.8O7
18875,Pd0.4Os1.6O7
18876,Pd0.1Os1.9O9
18877,Pd0.2Os1.8O9
18878,Pd0.4Os1.6O9
18879,Pd0.15Os2.85O4
18880,Pd0.3Os2.7O4
18881,Pd0.6Os2.4O4
18882,Pd0.15Os2.85O5
18883,Pd0.3Os2.7O5
18884,Pd0.6Os2.4O5
18885,Pd0.15Os2.85O7
18886,Pd0.3Os2.7O7
18887,Pd0.6Os2.4O7
18888,Pd0.15Os2.85O8
18889,Pd0.3Os2.7O8
18890,Pd0.6Os2.4O8
18891,Pd0.15Os2.85O10
18892,Pd0.3Os2.7O10
18893,Pd0.6Os2.4O10
18894,Pd0.2Os3.8O5
18895,Pd0.4Os3.6O5
18896,Pd0.8Os3.2O5
18897,Pd0.2Os3.8O7
18898,Pd0.4Os3.6O7
18899,Pd0.8Os3.2O7
18900,Pd0.2Os3.8O9
18901,Pd0.4Os3.6O9
18902,Pd0.8Os3.2O9
18903,Pd0.25Os4.75O6
18904,Pd0.5Os4.5O6
18905,PdOsO6
18906,Pd0.25Os4.75O7
18907,Pd0.5Os4.5O7
18908,PdOsO7
18909,Pd0.25Os4.75O8
18910,Pd0.5Os4.5O8
18911,PdOsO8
18912,Pd0.25Os4.75O9
18913,Pd0.5Os4.5O9
18914,PdOsO9
18915,Pd0.3Os5.7O7
18916,Pd0.6Os5.4O7
18917,Pd1.2Os4.8O7
18918,Pd0.35Os6.65O8
18919,Pd0.7Os6.3O8
18920,Pd1.4Os5.6O8
18921,Pd0.35Os6.65O9
18922,Pd0.7Os6.3O9
18923,Pd1.4Os5.6O9
18924,Pd0.35Os6.65O10
18925,Pd0.7Os6.3O10
18926,Pd1.4Os5.6O10
18927,Pd0.4Os7.6O9
18928,Pd0.8Os7.2O9
18929,Pd1.6Os6.4O9
18930,Pd0.45Os8.55O10
18931,Pd0.9Os8.1O10
18932,Pd1.8Os7.2O10
18933,Ag0.05Os0.95O
18934,Ag0.1Os0.9O
18935,Ag0.2Os0.8O
18936,Ag0.05Os0.95O2
18937,Ag0.1Os0.9O2
18938,Ag0.2Os0.8O2
18939,Ag0.05Os0.95O3
18940,Ag0.1Os0.9O3
18941,Ag0.2Os0.8O3
18942,Ag0.05Os0.95O4
18943,Ag0.1Os0.9O4
18944,Ag0.2Os0.8O4
18945,Ag0.05Os0.95O5
18946,Ag0.1Os0.9O5
18947,Ag0.2Os0.8O5
18948,Ag0.05Os0.95O6
18949,Ag0.1Os0.9O6
18950,Ag0.2Os0.8O6
18951,Ag0.05Os0.95O7
18952,Ag0.1Os0.9O7
18953,Ag0.2Os0.8O7
18954,Ag0.05Os0.95O8
18955,Ag0.1Os0.9O8
18956,Ag0.2Os0.8O8
18957,Ag0.05Os0.95O9
18958,Ag0.1Os0.9O9
18959,Ag0.2Os0.8O9
18960,Ag0.05Os0.95O10
18961,Ag0.1Os0.9O10
18962,Ag0.2Os0.8O10
18963,Ag0.1Os1.9O3
18964,Ag0.2Os1.8O3
18965,Ag0.4Os1.6O3
18966,Ag0.1Os1.9O5
18967,Ag0.2Os1.8O5
18968,Ag0.4Os1.6O5
18969,Ag0.1Os1.9O7
18970,Ag0.2Os1.8O7
18971,Ag0.4Os1.6O7
18972,Ag0.1Os1.9O9
18973,Ag0.2Os1.8O9
18974,Ag0.4Os1.6O9
18975,Ag0.15Os2.85O4
18976,Ag0.3Os2.7O4
18977,Ag0.6Os2.4O4
18978,Ag0.15Os2.85O5
18979,Ag0.3Os2.7O5
18980,Ag0.6Os2.4O5
18981,Ag0.15Os2.85O7
18982,Ag0.3Os2.7O7
18983,Ag0.6Os2.4O7
18984,Ag0.15Os2.85O8
18985,Ag0.3Os2.7O8
18986,Ag0.6Os2.4O8
18987,Ag0.15Os2.85O10
18988,Ag0.3Os2.7O10
18989,Ag0.6Os2.4O10
18990,Ag0.2Os3.8O5
18991,Ag0.4Os3.6O5
18992,Ag0.8Os3.2O5
18993,Ag0.2Os3.8O7
18994,Ag0.4Os3.6O7
18995,Ag0.8Os3.2O7
18996,Ag0.2Os3.8O9
18997,Ag0.4Os3.6O9
18998,Ag0.8Os3.2O9
18999,Ag0.25Os4.75O6
19000,Ag0.5Os4.5O6
19001,AgOsO6
19002,Ag0.25Os4.75O7
19003,Ag0.5Os4.5O7
19004,AgOsO7
19005,Ag0.25Os4.75O8
19006,Ag0.5Os4.5O8
19007,AgOsO8
19008,Ag0.25Os4.75O9
19009,Ag0.5Os4.5O9
19010,AgOsO9
19011,Ag0.3Os5.7O7
19012,Ag0.6Os5.4O7
19013,Ag1.2Os4.8O7
19014,Ag0.35Os6.65O8
19015,Ag0.7Os6.3O8
19016,Ag1.4Os5.6O8
19017,Ag0.35Os6.65O9
19018,Ag0.7Os6.3O9
19019,Ag1.4Os5.6O9
19020,Ag0.35Os6.65O10
19021,Ag0.7Os6.3O10
19022,Ag1.4Os5.6O10
19023,Ag0.4Os7.6O9
19024,Ag0.8Os7.2O9
19025,Ag1.6Os6.4O9
19026,Ag0.45Os8.55O10
19027,Ag0.9Os8.1O10
19028,Ag1.8Os7.2O10
19029,Pt0.05Os0.95O
19030,Pt0.1Os0.9O
19031,Pt0.2Os0.8O
19032,Pt0.05Os0.95O2
19033,Pt0.1Os0.9O2
19034,Pt0.2Os0.8O2
19035,Pt0.05Os0.95O3
19036,Pt0.1Os0.9O3
19037,Pt0.2Os0.8O3
19038,Pt0.05Os0.95O4
19039,Pt0.1Os0.9O4
19040,Pt0.2Os0.8O4
19041,Pt0.05Os0.95O5
19042,Pt0.1Os0.9O5
19043,Pt0.2Os0.8O5
19044,Pt0.05Os0.95O6
19045,Pt0.1Os0.9O6
19046,Pt0.2Os0.8O6
19047,Pt0.05Os0.95O7
19048,Pt0.1Os0.9O7
19049,Pt0.2Os0.8O7
19050,Pt0.05Os0.95O8
19051,Pt0.1Os0.9O8
19052,Pt0.2Os0.8O8
19053,Pt0.05Os0.95O9
19054,Pt0.1Os0.9O9
19055,Pt0.2Os0.8O9
19056,Pt0.05Os0.95O10
19057,Pt0.1Os0.9O10
19058,Pt0.2Os0.8O10
19059,Pt0.1Os1.9O3
19060,Pt0.2Os1.8O3
19061,Pt0.4Os1.6O3
19062,Pt0.1Os1.9O5
19063,Pt0.2Os1.8O5
19064,Pt0.4Os1.6O5
19065,Pt0.1Os1.9O7
19066,Pt0.2Os1.8O7
19067,Pt0.4Os1.6O7
19068,Pt0.1Os1.9O9
19069,Pt0.2Os1.8O9
19070,Pt0.4Os1.6O9
19071,Pt0.15Os2.85O4
19072,Pt0.3Os2.7O4
19073,Pt0.6Os2.4O4
19074,Pt0.15Os2.85O5
19075,Pt0.3Os2.7O5
19076,Pt0.6Os2.4O5
19077,Pt0.15Os2.85O7
19078,Pt0.3Os2.7O7
19079,Pt0.6Os2.4O7
19080,Pt0.15Os2.85O8
19081,Pt0.3Os2.7O8
19082,Pt0.6Os2.4O8
19083,Pt0.15Os2.85O10
19084,Pt0.3Os2.7O10
19085,Pt0.6Os2.4O10
19086,Pt0.2Os3.8O5
19087,Pt0.4Os3.6O5
19088,Pt0.8Os3.2O5
19089,Pt0.2Os3.8O7
19090,Pt0.4Os3.6O7
19091,Pt0.8Os3.2O7
19092,Pt0.2Os3.8O9
19093,Pt0.4Os3.6O9
19094,Pt0.8Os3.2O9
19095,Pt0.25Os4.75O6
19096,Pt0.5Os4.5O6
19097,PtOsO6
19098,Pt0.25Os4.75O7
19099,Pt0.5Os4.5O7
19100,PtOsO7
19101,Pt0.25Os4.75O8
19102,Pt0.5Os4.5O8
19103,PtOsO8
19104,Pt0.25Os4.75O9
19105,Pt0.5Os4.5O9
19106,PtOsO9
19107,Pt0.3Os5.7O7
19108,Pt0.6Os5.4O7
19109,Pt1.2Os4.8O7
19110,Pt0.35Os6.65O8
19111,Pt0.7Os6.3O8
19112,Pt1.4Os5.6O8
19113,Pt0.35Os6.65O9
19114,Pt0.7Os6.3O9
19115,Pt1.4Os5.6O9
19116,Pt0.35Os6.65O10
19117,Pt0.7Os6.3O10
19118,Pt1.4Os5.6O10
19119,Pt0.4Os7.6O9
19120,Pt0.8Os7.2O9
19121,Pt1.6Os6.4O9
19122,Pt0.45Os8.55O10
19123,Pt0.9Os8.1O10
19124,Pt1.8Os7.2O10
19125,Mn0.05Ir0.95O
19126,Mn0.1Ir0.9O
19127,Mn0.2Ir0.8O
19128,Mn0.05Ir0.95O2
19129,Mn0.1Ir0.9O2
19130,Mn0.2Ir0.8O2
19131,Mn0.05Ir0.95O3
19132,Mn0.1Ir0.9O3
19133,Mn0.2Ir0.8O3
19134,Mn0.05Ir0.95O4
19135,Mn0.1Ir0.9O4
19136,Mn0.2Ir0.8O4
19137,Mn0.05Ir0.95O5
19138,Mn0.1Ir0.9O5
19139,Mn0.2Ir0.8O5
19140,Mn0.05Ir0.95O6
19141,Mn0.1Ir0.9O6
19142,Mn0.2Ir0.8O6
19143,Mn0.05Ir0.95O7
19144,Mn0.1Ir0.9O7
19145,Mn0.2Ir0.8O7
19146,Mn0.05Ir0.95O8
19147,Mn0.1Ir0.9O8
19148,Mn0.2Ir0.8O8
19149,Mn0.05Ir0.95O9
19150,Mn0.1Ir0.9O9
19151,Mn0.2Ir0.8O9
19152,Mn0.05Ir0.95O10
19153,Mn0.1Ir0.9O10
19154,Mn0.2Ir0.8O10
19155,Mn0.1Ir1.9O3
19156,Mn0.2Ir1.8O3
19157,Mn0.4Ir1.6O3
19158,Mn0.1Ir1.9O5
19159,Mn0.2Ir1.8O5
19160,Mn0.4Ir1.6O5
19161,Mn0.1Ir1.9O7
19162,Mn0.2Ir1.8O7
19163,Mn0.4Ir1.6O7
19164,Mn0.1Ir1.9O9
19165,Mn0.2Ir1.8O9
19166,Mn0.4Ir1.6O9
19167,Mn0.15Ir2.85O4
19168,Mn0.3Ir2.7O4
19169,Mn0.6Ir2.4O4
19170,Mn0.15Ir2.85O5
19171,Mn0.3Ir2.7O5
19172,Mn0.6Ir2.4O5
19173,Mn0.15Ir2.85O7
19174,Mn0.3Ir2.7O7
19175,Mn0.6Ir2.4O7
19176,Mn0.15Ir2.85O8
19177,Mn0.3Ir2.7O8
19178,Mn0.6Ir2.4O8
19179,Mn0.15Ir2.85O10
19180,Mn0.3Ir2.7O10
19181,Mn0.6Ir2.4O10
19182,Mn0.2Ir3.8O5
19183,Mn0.4Ir3.6O5
19184,Mn0.8Ir3.2O5
19185,Mn0.2Ir3.8O7
19186,Mn0.4Ir3.6O7
19187,Mn0.8Ir3.2O7
19188,Mn0.2Ir3.8O9
19189,Mn0.4Ir3.6O9
19190,Mn0.8Ir3.2O9
19191,Mn0.25Ir4.75O6
19192,Mn0.5Ir4.5O6
19193,MnIrO6
19194,Mn0.25Ir4.75O7
19195,Mn0.5Ir4.5O7
19196,MnIrO7
19197,Mn0.25Ir4.75O8
19198,Mn0.5Ir4.5O8
19199,MnIrO8
19200,Mn0.25Ir4.75O9
19201,Mn0.5Ir4.5O9
19202,MnIrO9
19203,Mn0.3Ir5.7O7
19204,Mn0.6Ir5.4O7
19205,Mn1.2Ir4.8O7
19206,Mn0.35Ir6.65O8
19207,Mn0.7Ir6.3O8
19208,Mn1.4Ir5.6O8
19209,Mn0.35Ir6.65O9
19210,Mn0.7Ir6.3O9
19211,Mn1.4Ir5.6O9
19212,Mn0.35Ir6.65O10
19213,Mn0.7Ir6.3O10
19214,Mn1.4Ir5.6O10
19215,Mn0.4Ir7.6O9
19216,Mn0.8Ir7.2O9
19217,Mn1.6Ir6.4O9
19218,Mn0.45Ir8.55O10
19219,Mn0.9Ir8.1O10
19220,Mn1.8Ir7.2O10
19221,Fe0.05Ir0.95O
19222,Fe0.1Ir0.9O
19223,Fe0.2Ir0.8O
19224,Fe0.05Ir0.95O2
19225,Fe0.1Ir0.9O2
19226,Fe0.2Ir0.8O2
19227,Fe0.05Ir0.95O3
19228,Fe0.1Ir0.9O3
19229,Fe0.2Ir0.8O3
19230,Fe0.05Ir0.95O4
19231,Fe0.1Ir0.9O4
19232,Fe0.2Ir0.8O4
19233,Fe0.05Ir0.95O5
19234,Fe0.1Ir0.9O5
19235,Fe0.2Ir0.8O5
19236,Fe0.05Ir0.95O6
19237,Fe0.1Ir0.9O6
19238,Fe0.2Ir0.8O6
19239,Fe0.05Ir0.95O7
19240,Fe0.1Ir0.9O7
19241,Fe0.2Ir0.8O7
19242,Fe0.05Ir0.95O8
19243,Fe0.1Ir0.9O8
19244,Fe0.2Ir0.8O8
19245,Fe0.05Ir0.95O9
19246,Fe0.1Ir0.9O9
19247,Fe0.2Ir0.8O9
19248,Fe0.05Ir0.95O10
19249,Fe0.1Ir0.9O10
19250,Fe0.2Ir0.8O10
19251,Fe0.1Ir1.9O3
19252,Fe0.2Ir1.8O3
19253,Fe0.4Ir1.6O3
19254,Fe0.1Ir1.9O5
19255,Fe0.2Ir1.8O5
19256,Fe0.4Ir1.6O5
19257,Fe0.1Ir1.9O7
19258,Fe0.2Ir1.8O7
19259,Fe0.4Ir1.6O7
19260,Fe0.1Ir1.9O9
19261,Fe0.2Ir1.8O9
19262,Fe0.4Ir1.6O9
19263,Fe0.15Ir2.85O4
19264,Fe0.3Ir2.7O4
19265,Fe0.6Ir2.4O4
19266,Fe0.15Ir2.85O5
19267,Fe0.3Ir2.7O5
19268,Fe0.6Ir2.4O5
19269,Fe0.15Ir2.85O7
19270,Fe0.3Ir2.7O7
19271,Fe0.6Ir2.4O7
19272,Fe0.15Ir2.85O8
19273,Fe0.3Ir2.7O8
19274,Fe0.6Ir2.4O8
19275,Fe0.15Ir2.85O10
19276,Fe0.3Ir2.7O10
19277,Fe0.6Ir2.4O10
19278,Fe0.2Ir3.8O5
19279,Fe0.4Ir3.6O5
19280,Fe0.8Ir3.2O5
19281,Fe0.2Ir3.8O7
19282,Fe0.4Ir3.6O7
19283,Fe0.8Ir3.2O7
19284,Fe0.2Ir3.8O9
19285,Fe0.4Ir3.6O9
19286,Fe0.8Ir3.2O9
19287,Fe0.25Ir4.75O6
19288,Fe0.5Ir4.5O6
19289,FeIrO6
19290,Fe0.25Ir4.75O7
19291,Fe0.5Ir4.5O7
19292,FeIrO7
19293,Fe0.25Ir4.75O8
19294,Fe0.5Ir4.5O8
19295,FeIrO8
19296,Fe0.25Ir4.75O9
19297,Fe0.5Ir4.5O9
19298,FeIrO9
19299,Fe0.3Ir5.7O7
19300,Fe0.6Ir5.4O7
19301,Fe1.2Ir4.8O7
19302,Fe0.35Ir6.65O8
19303,Fe0.7Ir6.3O8
19304,Fe1.4Ir5.6O8
19305,Fe0.35Ir6.65O9
19306,Fe0.7Ir6.3O9
19307,Fe1.4Ir5.6O9
19308,Fe0.35Ir6.65O10
19309,Fe0.7Ir6.3O10
19310,Fe1.4Ir5.6O10
19311,Fe0.4Ir7.6O9
19312,Fe0.8Ir7.2O9
19313,Fe1.6Ir6.4O9
19314,Fe0.45Ir8.55O10
19315,Fe0.9Ir8.1O10
19316,Fe1.8Ir7.2O10
19317,Co0.05Ir0.95O
19318,Co0.1Ir0.9O
19319,Co0.2Ir0.8O
19320,Co0.05Ir0.95O2
19321,Co0.1Ir0.9O2
19322,Co0.2Ir0.8O2
19323,Co0.05Ir0.95O3
19324,Co0.1Ir0.9O3
19325,Co0.2Ir0.8O3
19326,Co0.05Ir0.95O4
19327,Co0.1Ir0.9O4
19328,Co0.2Ir0.8O4
19329,Co0.05Ir0.95O5
19330,Co0.1Ir0.9O5
19331,Co0.2Ir0.8O5
19332,Co0.05Ir0.95O6
19333,Co0.1Ir0.9O6
19334,Co0.2Ir0.8O6
19335,Co0.05Ir0.95O7
19336,Co0.1Ir0.9O7
19337,Co0.2Ir0.8O7
19338,Co0.05Ir0.95O8
19339,Co0.1Ir0.9O8
19340,Co0.2Ir0.8O8
19341,Co0.05Ir0.95O9
19342,Co0.1Ir0.9O9
19343,Co0.2Ir0.8O9
19344,Co0.05Ir0.95O10
19345,Co0.1Ir0.9O10
19346,Co0.2Ir0.8O10
19347,Co0.1Ir1.9O3
19348,Co0.2Ir1.8O3
19349,Co0.4Ir1.6O3
19350,Co0.1Ir1.9O5
19351,Co0.2Ir1.8O5
19352,Co0.4Ir1.6O5
19353,Co0.1Ir1.9O7
19354,Co0.2Ir1.8O7
19355,Co0.4Ir1.6O7
19356,Co0.1Ir1.9O9
19357,Co0.2Ir1.8O9
19358,Co0.4Ir1.6O9
19359,Co0.15Ir2.85O4
19360,Co0.3Ir2.7O4
19361,Co0.6Ir2.4O4
19362,Co0.15Ir2.85O5
19363,Co0.3Ir2.7O5
19364,Co0.6Ir2.4O5
19365,Co0.15Ir2.85O7
19366,Co0.3Ir2.7O7
19367,Co0.6Ir2.4O7
19368,Co0.15Ir2.85O8
19369,Co0.3Ir2.7O8
19370,Co0.6Ir2.4O8
19371,Co0.15Ir2.85O10
19372,Co0.3Ir2.7O10
19373,Co0.6Ir2.4O10
19374,Co0.2Ir3.8O5
19375,Co0.4Ir3.6O5
19376,Co0.8Ir3.2O5
19377,Co0.2Ir3.8O7
19378,Co0.4Ir3.6O7
19379,Co0.8Ir3.2O7
19380,Co0.2Ir3.8O9
19381,Co0.4Ir3.6O9
19382,Co0.8Ir3.2O9
19383,Co0.25Ir4.75O6
19384,Co0.5Ir4.5O6
19385,CoIrO6
19386,Co0.25Ir4.75O7
19387,Co0.5Ir4.5O7
19388,CoIrO7
19389,Co0.25Ir4.75O8
19390,Co0.5Ir4.5O8
19391,CoIrO8
19392,Co0.25Ir4.75O9
19393,Co0.5Ir4.5O9
19394,CoIrO9
19395,Co0.3Ir5.7O7
19396,Co0.6Ir5.4O7
19397,Co1.2Ir4.8O7
19398,Co0.35Ir6.65O8
19399,Co0.7Ir6.3O8
19400,Co1.4Ir5.6O8
19401,Co0.35Ir6.65O9
19402,Co0.7Ir6.3O9
19403,Co1.4Ir5.6O9
19404,Co0.35Ir6.65O10
19405,Co0.7Ir6.3O10
19406,Co1.4Ir5.6O10
19407,Co0.4Ir7.6O9
19408,Co0.8Ir7.2O9
19409,Co1.6Ir6.4O9
19410,Co0.45Ir8.55O10
19411,Co0.9Ir8.1O10
19412,Co1.8Ir7.2O10
19413,Ni0.05Ir0.95O
19414,Ni0.1Ir0.9O
19415,Ni0.2Ir0.8O
19416,Ni0.05Ir0.95O2
19417,Ni0.1Ir0.9O2
19418,Ni0.2Ir0.8O2
19419,Ni0.05Ir0.95O3
19420,Ni0.1Ir0.9O3
19421,Ni0.2Ir0.8O3
19422,Ni0.05Ir0.95O4
19423,Ni0.1Ir0.9O4
19424,Ni0.2Ir0.8O4
19425,Ni0.05Ir0.95O5
19426,Ni0.1Ir0.9O5
19427,Ni0.2Ir0.8O5
19428,Ni0.05Ir0.95O6
19429,Ni0.1Ir0.9O6
19430,Ni0.2Ir0.8O6
19431,Ni0.05Ir0.95O7
19432,Ni0.1Ir0.9O7
19433,Ni0.2Ir0.8O7
19434,Ni0.05Ir0.95O8
19435,Ni0.1Ir0.9O8
19436,Ni0.2Ir0.8O8
19437,Ni0.05Ir0.95O9
19438,Ni0.1Ir0.9O9
19439,Ni0.2Ir0.8O9
19440,Ni0.05Ir0.95O10
19441,Ni0.1Ir0.9O10
19442,Ni0.2Ir0.8O10
19443,Ni0.1Ir1.9O3
19444,Ni0.2Ir1.8O3
19445,Ni0.4Ir1.6O3
19446,Ni0.1Ir1.9O5
19447,Ni0.2Ir1.8O5
19448,Ni0.4Ir1.6O5
19449,Ni0.1Ir1.9O7
19450,Ni0.2Ir1.8O7
19451,Ni0.4Ir1.6O7
19452,Ni0.1Ir1.9O9
19453,Ni0.2Ir1.8O9
19454,Ni0.4Ir1.6O9
19455,Ni0.15Ir2.85O4
19456,Ni0.3Ir2.7O4
19457,Ni0.6Ir2.4O4
19458,Ni0.15Ir2.85O5
19459,Ni0.3Ir2.7O5
19460,Ni0.6Ir2.4O5
19461,Ni0.15Ir2.85O7
19462,Ni0.3Ir2.7O7
19463,Ni0.6Ir2.4O7
19464,Ni0.15Ir2.85O8
19465,Ni0.3Ir2.7O8
19466,Ni0.6Ir2.4O8
19467,Ni0.15Ir2.85O10
19468,Ni0.3Ir2.7O10
19469,Ni0.6Ir2.4O10
19470,Ni0.2Ir3.8O5
19471,Ni0.4Ir3.6O5
19472,Ni0.8Ir3.2O5
19473,Ni0.2Ir3.8O7
19474,Ni0.4Ir3.6O7
19475,Ni0.8Ir3.2O7
19476,Ni0.2Ir3.8O9
19477,Ni0.4Ir3.6O9
19478,Ni0.8Ir3.2O9
19479,Ni0.25Ir4.75O6
19480,Ni0.5Ir4.5O6
19481,NiIrO6
19482,Ni0.25Ir4.75O7
19483,Ni0.5Ir4.5O7
19484,NiIrO7
19485,Ni0.25Ir4.75O8
19486,Ni0.5Ir4.5O8
19487,NiIrO8
19488,Ni0.25Ir4.75O9
19489,Ni0.5Ir4.5O9
19490,NiIrO9
19491,Ni0.3Ir5.7O7
19492,Ni0.6Ir5.4O7
19493,Ni1.2Ir4.8O7
19494,Ni0.35Ir6.65O8
19495,Ni0.7Ir6.3O8
19496,Ni1.4Ir5.6O8
19497,Ni0.35Ir6.65O9
19498,Ni0.7Ir6.3O9
19499,Ni1.4Ir5.6O9
19500,Ni0.35Ir6.65O10
19501,Ni0.7Ir6.3O10
19502,Ni1.4Ir5.6O10
19503,Ni0.4Ir7.6O9
19504,Ni0.8Ir7.2O9
19505,Ni1.6Ir6.4O9
19506,Ni0.45Ir8.55O10
19507,Ni0.9Ir8.1O10
19508,Ni1.8Ir7.2O10
19509,Ru0.05Ir0.95O
19510,Ru0.1Ir0.9O
19511,Ru0.2Ir0.8O
19512,Ru0.05Ir0.95O2
19513,Ru0.1Ir0.9O2
19514,Ru0.2Ir0.8O2
19515,Ru0.05Ir0.95O3
19516,Ru0.1Ir0.9O3
19517,Ru0.2Ir0.8O3
19518,Ru0.05Ir0.95O4
19519,Ru0.1Ir0.9O4
19520,Ru0.2Ir0.8O4
19521,Ru0.05Ir0.95O5
19522,Ru0.1Ir0.9O5
19523,Ru0.2Ir0.8O5
19524,Ru0.05Ir0.95O6
19525,Ru0.1Ir0.9O6
19526,Ru0.2Ir0.8O6
19527,Ru0.05Ir0.95O7
19528,Ru0.1Ir0.9O7
19529,Ru0.2Ir0.8O7
19530,Ru0.05Ir0.95O8
19531,Ru0.1Ir0.9O8
19532,Ru0.2Ir0.8O8
19533,Ru0.05Ir0.95O9
19534,Ru0.1Ir0.9O9
19535,Ru0.2Ir0.8O9
19536,Ru0.05Ir0.95O10
19537,Ru0.1Ir0.9O10
19538,Ru0.2Ir0.8O10
19539,Ru0.1Ir1.9O3
19540,Ru0.2Ir1.8O3
19541,Ru0.4Ir1.6O3
19542,Ru0.1Ir1.9O5
19543,Ru0.2Ir1.8O5
19544,Ru0.4Ir1.6O5
19545,Ru0.1Ir1.9O7
19546,Ru0.2Ir1.8O7
19547,Ru0.4Ir1.6O7
19548,Ru0.1Ir1.9O9
19549,Ru0.2Ir1.8O9
19550,Ru0.4Ir1.6O9
19551,Ru0.15Ir2.85O4
19552,Ru0.3Ir2.7O4
19553,Ru0.6Ir2.4O4
19554,Ru0.15Ir2.85O5
19555,Ru0.3Ir2.7O5
19556,Ru0.6Ir2.4O5
19557,Ru0.15Ir2.85O7
19558,Ru0.3Ir2.7O7
19559,Ru0.6Ir2.4O7
19560,Ru0.15Ir2.85O8
19561,Ru0.3Ir2.7O8
19562,Ru0.6Ir2.4O8
19563,Ru0.15Ir2.85O10
19564,Ru0.3Ir2.7O10
19565,Ru0.6Ir2.4O10
19566,Ru0.2Ir3.8O5
19567,Ru0.4Ir3.6O5
19568,Ru0.8Ir3.2O5
19569,Ru0.2Ir3.8O7
19570,Ru0.4Ir3.6O7
19571,Ru0.8Ir3.2O7
19572,Ru0.2Ir3.8O9
19573,Ru0.4Ir3.6O9
19574,Ru0.8Ir3.2O9
19575,Ru0.25Ir4.75O6
19576,Ru0.5Ir4.5O6
19577,RuIrO6
19578,Ru0.25Ir4.75O7
19579,Ru0.5Ir4.5O7
19580,RuIrO7
19581,Ru0.25Ir4.75O8
19582,Ru0.5Ir4.5O8
19583,RuIrO8
19584,Ru0.25Ir4.75O9
19585,Ru0.5Ir4.5O9
19586,RuIrO9
19587,Ru0.3Ir5.7O7
19588,Ru0.6Ir5.4O7
19589,Ru1.2Ir4.8O7
19590,Ru0.35Ir6.65O8
19591,Ru0.7Ir6.3O8
19592,Ru1.4Ir5.6O8
19593,Ru0.35Ir6.65O9
19594,Ru0.7Ir6.3O9
19595,Ru1.4Ir5.6O9
19596,Ru0.35Ir6.65O10
19597,Ru0.7Ir6.3O10
19598,Ru1.4Ir5.6O10
19599,Ru0.4Ir7.6O9
19600,Ru0.8Ir7.2O9
19601,Ru1.6Ir6.4O9
19602,Ru0.45Ir8.55O10
19603,Ru0.9Ir8.1O10
19604,Ru1.8Ir7.2O10
19605,Pd0.05Ir0.95O
19606,Pd0.1Ir0.9O
19607,Pd0.2Ir0.8O
19608,Pd0.05Ir0.95O2
19609,Pd0.1Ir0.9O2
19610,Pd0.2Ir0.8O2
19611,Pd0.05Ir0.95O3
19612,Pd0.1Ir0.9O3
19613,Pd0.2Ir0.8O3
19614,Pd0.05Ir0.95O4
19615,Pd0.1Ir0.9O4
19616,Pd0.2Ir0.8O4
19617,Pd0.05Ir0.95O5
19618,Pd0.1Ir0.9O5
19619,Pd0.2Ir0.8O5
19620,Pd0.05Ir0.95O6
19621,Pd0.1Ir0.9O6
19622,Pd0.2Ir0.8O6
19623,Pd0.05Ir0.95O7
19624,Pd0.1Ir0.9O7
19625,Pd0.2Ir0.8O7
19626,Pd0.05Ir0.95O8
19627,Pd0.1Ir0.9O8
19628,Pd0.2Ir0.8O8
19629,Pd0.05Ir0.95O9
19630,Pd0.1Ir0.9O9
19631,Pd0.2Ir0.8O9
19632,Pd0.05Ir0.95O10
19633,Pd0.1Ir0.9O10
19634,Pd0.2Ir0.8O10
19635,Pd0.1Ir1.9O3
19636,Pd0.2Ir1.8O3
19637,Pd0.4Ir1.6O3
19638,Pd0.1Ir1.9O5
19639,Pd0.2Ir1.8O5
19640,Pd0.4Ir1.6O5
19641,Pd0.1Ir1.9O7
19642,Pd0.2Ir1.8O7
19643,Pd0.4Ir1.6O7
19644,Pd0.1Ir1.9O9
19645,Pd0.2Ir1.8O9
19646,Pd0.4Ir1.6O9
19647,Pd0.15Ir2.85O4
19648,Pd0.3Ir2.7O4
19649,Pd0.6Ir2.4O4
19650,Pd0.15Ir2.85O5
19651,Pd0.3Ir2.7O5
19652,Pd0.6Ir2.4O5
19653,Pd0.15Ir2.85O7
19654,Pd0.3Ir2.7O7
19655,Pd0.6Ir2.4O7
19656,Pd0.15Ir2.85O8
19657,Pd0.3Ir2.7O8
19658,Pd0.6Ir2.4O8
19659,Pd0.15Ir2.85O10
19660,Pd0.3Ir2.7O10
19661,Pd0.6Ir2.4O10
19662,Pd0.2Ir3.8O5
19663,Pd0.4Ir3.6O5
19664,Pd0.8Ir3.2O5
19665,Pd0.2Ir3.8O7
19666,Pd0.4Ir3.6O7
19667,Pd0.8Ir3.2O7
19668,Pd0.2Ir3.8O9
19669,Pd0.4Ir3.6O9
19670,Pd0.8Ir3.2O9
19671,Pd0.25Ir4.75O6
19672,Pd0.5Ir4.5O6
19673,PdIrO6
19674,Pd0.25Ir4.75O7
19675,Pd0.5Ir4.5O7
19676,PdIrO7
19677,Pd0.25Ir4.75O8
19678,Pd0.5Ir4.5O8
19679,PdIrO8
19680,Pd0.25Ir4.75O9
19681,Pd0.5Ir4.5O9
19682,PdIrO9
19683,Pd0.3Ir5.7O7
19684,Pd0.6Ir5.4O7
19685,Pd1.2Ir4.8O7
19686,Pd0.35Ir6.65O8
19687,Pd0.7Ir6.3O8
19688,Pd1.4Ir5.6O8
19689,Pd0.35Ir6.65O9
19690,Pd0.7Ir6.3O9
19691,Pd1.4Ir5.6O9
19692,Pd0.35Ir6.65O10
19693,Pd0.7Ir6.3O10
19694,Pd1.4Ir5.6O10
19695,Pd0.4Ir7.6O9
19696,Pd0.8Ir7.2O9
19697,Pd1.6Ir6.4O9
19698,Pd0.45Ir8.55O10
19699,Pd0.9Ir8.1O10
19700,Pd1.8Ir7.2O10
19701,Ag0.05Ir0.95O
19702,Ag0.1Ir0.9O
19703,Ag0.2Ir0.8O
19704,Ag0.05Ir0.95O2
19705,Ag0.1Ir0.9O2
19706,Ag0.2Ir0.8O2
19707,Ag0.05Ir0.95O3
19708,Ag0.1Ir0.9O3
19709,Ag0.2Ir0.8O3
19710,Ag0.05Ir0.95O4
19711,Ag0.1Ir0.9O4
19712,Ag0.2Ir0.8O4
19713,Ag0.05Ir0.95O5
19714,Ag0.1Ir0.9O5
19715,Ag0.2Ir0.8O5
19716,Ag0.05Ir0.95O6
19717,Ag0.1Ir0.9O6
19718,Ag0.2Ir0.8O6
19719,Ag0.05Ir0.95O7
19720,Ag0.1Ir0.9O7
19721,Ag0.2Ir0.8O7
19722,Ag0.05Ir0.95O8
19723,Ag0.1Ir0.9O8
19724,Ag0.2Ir0.8O8
19725,Ag0.05Ir0.95O9
19726,Ag0.1Ir0.9O9
19727,Ag0.2Ir0.8O9
19728,Ag0.05Ir0.95O10
19729,Ag0.1Ir0.9O10
19730,Ag0.2Ir0.8O10
19731,Ag0.1Ir1.9O3
19732,Ag0.2Ir1.8O3
19733,Ag0.4Ir1.6O3
19734,Ag0.1Ir1.9O5
19735,Ag0.2Ir1.8O5
19736,Ag0.4Ir1.6O5
19737,Ag0.1Ir1.9O7
19738,Ag0.2Ir1.8O7
19739,Ag0.4Ir1.6O7
19740,Ag0.1Ir1.9O9
19741,Ag0.2Ir1.8O9
19742,Ag0.4Ir1.6O9
19743,Ag0.15Ir2.85O4
19744,Ag0.3Ir2.7O4
19745,Ag0.6Ir2.4O4
19746,Ag0.15Ir2.85O5
19747,Ag0.3Ir2.7O5
19748,Ag0.6Ir2.4O5
19749,Ag0.15Ir2.85O7
19750,Ag0.3Ir2.7O7
19751,Ag0.6Ir2.4O7
19752,Ag0.15Ir2.85O8
19753,Ag0.3Ir2.7O8
19754,Ag0.6Ir2.4O8
19755,Ag0.15Ir2.85O10
19756,Ag0.3Ir2.7O10
19757,Ag0.6Ir2.4O10
19758,Ag0.2Ir3.8O5
19759,Ag0.4Ir3.6O5
19760,Ag0.8Ir3.2O5
19761,Ag0.2Ir3.8O7
19762,Ag0.4Ir3.6O7
19763,Ag0.8Ir3.2O7
19764,Ag0.2Ir3.8O9
19765,Ag0.4Ir3.6O9
19766,Ag0.8Ir3.2O9
19767,Ag0.25Ir4.75O6
19768,Ag0.5Ir4.5O6
19769,AgIrO6
19770,Ag0.25Ir4.75O7
19771,Ag0.5Ir4.5O7
19772,AgIrO7
19773,Ag0.25Ir4.75O8
19774,Ag0.5Ir4.5O8
19775,AgIrO8
19776,Ag0.25Ir4.75O9
19777,Ag0.5Ir4.5O9
19778,AgIrO9
19779,Ag0.3Ir5.7O7
19780,Ag0.6Ir5.4O7
19781,Ag1.2Ir4.8O7
19782,Ag0.35Ir6.65O8
19783,Ag0.7Ir6.3O8
19784,Ag1.4Ir5.6O8
19785,Ag0.35Ir6.65O9
19786,Ag0.7Ir6.3O9
19787,Ag1.4Ir5.6O9
19788,Ag0.35Ir6.65O10
19789,Ag0.7Ir6.3O10
19790,Ag1.4Ir5.6O10
19791,Ag0.4Ir7.6O9
19792,Ag0.8Ir7.2O9
19793,Ag1.6Ir6.4O9
19794,Ag0.45Ir8.55O10
19795,Ag0.9Ir8.1O10
19796,Ag1.8Ir7.2O10
19797,Pt0.05Ir0.95O
19798,Pt0.1Ir0.9O
19799,Pt0.2Ir0.8O
19800,Pt0.05Ir0.95O2
19801,Pt0.1Ir0.9O2
19802,Pt0.2Ir0.8O2
19803,Pt0.05Ir0.95O3
19804,Pt0.1Ir0.9O3
19805,Pt0.2Ir0.8O3
19806,Pt0.05Ir0.95O4
19807,Pt0.1Ir0.9O4
19808,Pt0.2Ir0.8O4
19809,Pt0.05Ir0.95O5
19810,Pt0.1Ir0.9O5
19811,Pt0.2Ir0.8O5
19812,Pt0.05Ir0.95O6
19813,Pt0.1Ir0.9O6
19814,Pt0.2Ir0.8O6
19815,Pt0.05Ir0.95O7
19816,Pt0.1Ir0.9O7
19817,Pt0.2Ir0.8O7
19818,Pt0.05Ir0.95O8
19819,Pt0.1Ir0.9O8
19820,Pt0.2Ir0.8O8
19821,Pt0.05Ir0.95O9
19822,Pt0.1Ir0.9O9
19823,Pt0.2Ir0.8O9
19824,Pt0.05Ir0.95O10
19825,Pt0.1Ir0.9O10
19826,Pt0.2Ir0.8O10
19827,Pt0.1Ir1.9O3
19828,Pt0.2Ir1.8O3
19829,Pt0.4Ir1.6O3
19830,Pt0.1Ir1.9O5
19831,Pt0.2Ir1.8O5
19832,Pt0.4Ir1.6O5
19833,Pt0.1Ir1.9O7
19834,Pt0.2Ir1.8O7
19835,Pt0.4Ir1.6O7
19836,Pt0.1Ir1.9O9
19837,Pt0.2Ir1.8O9
19838,Pt0.4Ir1.6O9
19839,Pt0.15Ir2.85O4
19840,Pt0.3Ir2.7O4
19841,Pt0.6Ir2.4O4
19842,Pt0.15Ir2.85O5
19843,Pt0.3Ir2.7O5
19844,Pt0.6Ir2.4O5
19845,Pt0.15Ir2.85O7
19846,Pt0.3Ir2.7O7
19847,Pt0.6Ir2.4O7
19848,Pt0.15Ir2.85O8
19849,Pt0.3Ir2.7O8
19850,Pt0.6Ir2.4O8
19851,Pt0.15Ir2.85O10
19852,Pt0.3Ir2.7O10
19853,Pt0.6Ir2.4O10
19854,Pt0.2Ir3.8O5
19855,Pt0.4Ir3.6O5
19856,Pt0.8Ir3.2O5
19857,Pt0.2Ir3.8O7
19858,Pt0.4Ir3.6O7
19859,Pt0.8Ir3.2O7
19860,Pt0.2Ir3.8O9
19861,Pt0.4Ir3.6O9
19862,Pt0.8Ir3.2O9
19863,Pt0.25Ir4.75O6
19864,Pt0.5Ir4.5O6
19865,PtIrO6
19866,Pt0.25Ir4.75O7
19867,Pt0.5Ir4.5O7
19868,PtIrO7
19869,Pt0.25Ir4.75O8
19870,Pt0.5Ir4.5O8
19871,PtIrO8
19872,Pt0.25Ir4.75O9
19873,Pt0.5Ir4.5O9
19874,PtIrO9
19875,Pt0.3Ir5.7O7
19876,Pt0.6Ir5.4O7
19877,Pt1.2Ir4.8O7
19878,Pt0.35Ir6.65O8
19879,Pt0.7Ir6.3O8
19880,Pt1.4Ir5.6O8
19881,Pt0.35Ir6.65O9
19882,Pt0.7Ir6.3O9
19883,Pt1.4Ir5.6O9
19884,Pt0.35Ir6.65O10
19885,Pt0.7Ir6.3O10
19886,Pt1.4Ir5.6O10
19887,Pt0.4Ir7.6O9
19888,Pt0.8Ir7.2O9
19889,Pt1.6Ir6.4O9
19890,Pt0.45Ir8.55O10
19891,Pt0.9Ir8.1O10
19892,Pt1.8Ir7.2O10
19893,Mn0.05Pt0.95O
19894,Mn0.1Pt0.9O
19895,Mn0.2Pt0.8O
19896,Mn0.05Pt0.95O2
19897,Mn0.1Pt0.9O2
19898,Mn0.2Pt0.8O2
19899,Mn0.05Pt0.95O3
19900,Mn0.1Pt0.9O3
19901,Mn0.2Pt0.8O3
19902,Mn0.05Pt0.95O4
19903,Mn0.1Pt0.9O4
19904,Mn0.2Pt0.8O4
19905,Mn0.05Pt0.95O5
19906,Mn0.1Pt0.9O5
19907,Mn0.2Pt0.8O5
19908,Mn0.05Pt0.95O6
19909,Mn0.1Pt0.9O6
19910,Mn0.2Pt0.8O6
19911,Mn0.05Pt0.95O7
19912,Mn0.1Pt0.9O7
19913,Mn0.2Pt0.8O7
19914,Mn0.05Pt0.95O8
19915,Mn0.1Pt0.9O8
19916,Mn0.2Pt0.8O8
19917,Mn0.05Pt0.95O9
19918,Mn0.1Pt0.9O9
19919,Mn0.2Pt0.8O9
19920,Mn0.05Pt0.95O10
19921,Mn0.1Pt0.9O10
19922,Mn0.2Pt0.8O10
19923,Mn0.1Pt1.9O3
19924,Mn0.2Pt1.8O3
19925,Mn0.4Pt1.6O3
19926,Mn0.1Pt1.9O5
19927,Mn0.2Pt1.8O5
19928,Mn0.4Pt1.6O5
19929,Mn0.1Pt1.9O7
19930,Mn0.2Pt1.8O7
19931,Mn0.4Pt1.6O7
19932,Mn0.1Pt1.9O9
19933,Mn0.2Pt1.8O9
19934,Mn0.4Pt1.6O9
19935,Mn0.15Pt2.85O4
19936,Mn0.3Pt2.7O4
19937,Mn0.6Pt2.4O4
19938,Mn0.15Pt2.85O5
19939,Mn0.3Pt2.7O5
19940,Mn0.6Pt2.4O5
19941,Mn0.15Pt2.85O7
19942,Mn0.3Pt2.7O7
19943,Mn0.6Pt2.4O7
19944,Mn0.15Pt2.85O8
19945,Mn0.3Pt2.7O8
19946,Mn0.6Pt2.4O8
19947,Mn0.15Pt2.85O10
19948,Mn0.3Pt2.7O10
19949,Mn0.6Pt2.4O10
19950,Mn0.2Pt3.8O5
19951,Mn0.4Pt3.6O5
19952,Mn0.8Pt3.2O5
19953,Mn0.2Pt3.8O7
19954,Mn0.4Pt3.6O7
19955,Mn0.8Pt3.2O7
19956,Mn0.2Pt3.8O9
19957,Mn0.4Pt3.6O9
19958,Mn0.8Pt3.2O9
19959,Mn0.25Pt4.75O6
19960,Mn0.5Pt4.5O6
19961,MnPtO6
19962,Mn0.25Pt4.75O7
19963,Mn0.5Pt4.5O7
19964,MnPtO7
19965,Mn0.25Pt4.75O8
19966,Mn0.5Pt4.5O8
19967,MnPtO8
19968,Mn0.25Pt4.75O9
19969,Mn0.5Pt4.5O9
19970,MnPtO9
19971,Mn0.3Pt5.7O7
19972,Mn0.6Pt5.4O7
19973,Mn1.2Pt4.8O7
19974,Mn0.35Pt6.65O8
19975,Mn0.7Pt6.3O8
19976,Mn1.4Pt5.6O8
19977,Mn0.35Pt6.65O9
19978,Mn0.7Pt6.3O9
19979,Mn1.4Pt5.6O9
19980,Mn0.35Pt6.65O10
19981,Mn0.7Pt6.3O10
19982,Mn1.4Pt5.6O10
19983,Mn0.4Pt7.6O9
19984,Mn0.8Pt7.2O9
19985,Mn1.6Pt6.4O9
19986,Mn0.45Pt8.55O10
19987,Mn0.9Pt8.1O10
19988,Mn1.8Pt7.2O10
19989,Fe0.05Pt0.95O
19990,Fe0.1Pt0.9O
19991,Fe0.2Pt0.8O
19992,Fe0.05Pt0.95O2
19993,Fe0.1Pt0.9O2
19994,Fe0.2Pt0.8O2
19995,Fe0.05Pt0.95O3
19996,Fe0.1Pt0.9O3
19997,Fe0.2Pt0.8O3
19998,Fe0.05Pt0.95O4
19999,Fe0.1Pt0.9O4
20000,Fe0.2Pt0.8O4
20001,Fe0.05Pt0.95O5
20002,Fe0.1Pt0.9O5
20003,Fe0.2Pt0.8O5
20004,Fe0.05Pt0.95O6
20005,Fe0.1Pt0.9O6
20006,Fe0.2Pt0.8O6
20007,Fe0.05Pt0.95O7
20008,Fe0.1Pt0.9O7
20009,Fe0.2Pt0.8O7
20010,Fe0.05Pt0.95O8
20011,Fe0.1Pt0.9O8
20012,Fe0.2Pt0.8O8
20013,Fe0.05Pt0.95O9
20014,Fe0.1Pt0.9O9
20015,Fe0.2Pt0.8O9
20016,Fe0.05Pt0.95O10
20017,Fe0.1Pt0.9O10
20018,Fe0.2Pt0.8O10
20019,Fe0.1Pt1.9O3
20020,Fe0.2Pt1.8O3
20021,Fe0.4Pt1.6O3
20022,Fe0.1Pt1.9O5
20023,Fe0.2Pt1.8O5
20024,Fe0.4Pt1.6O5
20025,Fe0.1Pt1.9O7
20026,Fe0.2Pt1.8O7
20027,Fe0.4Pt1.6O7
20028,Fe0.1Pt1.9O9
20029,Fe0.2Pt1.8O9
20030,Fe0.4Pt1.6O9
20031,Fe0.15Pt2.85O4
20032,Fe0.3Pt2.7O4
20033,Fe0.6Pt2.4O4
20034,Fe0.15Pt2.85O5
20035,Fe0.3Pt2.7O5
20036,Fe0.6Pt2.4O5
20037,Fe0.15Pt2.85O7
20038,Fe0.3Pt2.7O7
20039,Fe0.6Pt2.4O7
20040,Fe0.15Pt2.85O8
20041,Fe0.3Pt2.7O8
20042,Fe0.6Pt2.4O8
20043,Fe0.15Pt2.85O10
20044,Fe0.3Pt2.7O10
20045,Fe0.6Pt2.4O10
20046,Fe0.2Pt3.8O5
20047,Fe0.4Pt3.6O5
20048,Fe0.8Pt3.2O5
20049,Fe0.2Pt3.8O7
20050,Fe0.4Pt3.6O7
20051,Fe0.8Pt3.2O7
20052,Fe0.2Pt3.8O9
20053,Fe0.4Pt3.6O9
20054,Fe0.8Pt3.2O9
20055,Fe0.25Pt4.75O6
20056,Fe0.5Pt4.5O6
20057,FePtO6
20058,Fe0.25Pt4.75O7
20059,Fe0.5Pt4.5O7
20060,FePtO7
20061,Fe0.25Pt4.75O8
20062,Fe0.5Pt4.5O8
20063,FePtO8
20064,Fe0.25Pt4.75O9
20065,Fe0.5Pt4.5O9
20066,FePtO9
20067,Fe0.3Pt5.7O7
20068,Fe0.6Pt5.4O7
20069,Fe1.2Pt4.8O7
20070,Fe0.35Pt6.65O8
20071,Fe0.7Pt6.3O8
20072,Fe1.4Pt5.6O8
20073,Fe0.35Pt6.65O9
20074,Fe0.7Pt6.3O9
20075,Fe1.4Pt5.6O9
20076,Fe0.35Pt6.65O10
20077,Fe0.7Pt6.3O10
20078,Fe1.4Pt5.6O10
20079,Fe0.4Pt7.6O9
20080,Fe0.8Pt7.2O9
20081,Fe1.6Pt6.4O9
20082,Fe0.45Pt8.55O10
20083,Fe0.9Pt8.1O10
20084,Fe1.8Pt7.2O10
20085,Co0.05Pt0.95O
20086,Co0.1Pt0.9O
20087,Co0.2Pt0.8O
20088,Co0.05Pt0.95O2
20089,Co0.1Pt0.9O2
20090,Co0.2Pt0.8O2
20091,Co0.05Pt0.95O3
20092,Co0.1Pt0.9O3
20093,Co0.2Pt0.8O3
20094,Co0.05Pt0.95O4
20095,Co0.1Pt0.9O4
20096,Co0.2Pt0.8O4
20097,Co0.05Pt0.95O5
20098,Co0.1Pt0.9O5
20099,Co0.2Pt0.8O5
20100,Co0.05Pt0.95O6
20101,Co0.1Pt0.9O6
20102,Co0.2Pt0.8O6
20103,Co0.05Pt0.95O7
20104,Co0.1Pt0.9O7
20105,Co0.2Pt0.8O7
20106,Co0.05Pt0.95O8
20107,Co0.1Pt0.9O8
20108,Co0.2Pt0.8O8
20109,Co0.05Pt0.95O9
20110,Co0.1Pt0.9O9
20111,Co0.2Pt0.8O9
20112,Co0.05Pt0.95O10
20113,Co0.1Pt0.9O10
20114,Co0.2Pt0.8O10
20115,Co0.1Pt1.9O3
20116,Co0.2Pt1.8O3
20117,Co0.4Pt1.6O3
20118,Co0.1Pt1.9O5
20119,Co0.2Pt1.8O5
20120,Co0.4Pt1.6O5
20121,Co0.1Pt1.9O7
20122,Co0.2Pt1.8O7
20123,Co0.4Pt1.6O7
20124,Co0.1Pt1.9O9
20125,Co0.2Pt1.8O9
20126,Co0.4Pt1.6O9
20127,Co0.15Pt2.85O4
20128,Co0.3Pt2.7O4
20129,Co0.6Pt2.4O4
20130,Co0.15Pt2.85O5
20131,Co0.3Pt2.7O5
20132,Co0.6Pt2.4O5
20133,Co0.15Pt2.85O7
20134,Co0.3Pt2.7O7
20135,Co0.6Pt2.4O7
20136,Co0.15Pt2.85O8
20137,Co0.3Pt2.7O8
20138,Co0.6Pt2.4O8
20139,Co0.15Pt2.85O10
20140,Co0.3Pt2.7O10
20141,Co0.6Pt2.4O10
20142,Co0.2Pt3.8O5
20143,Co0.4Pt3.6O5
20144,Co0.8Pt3.2O5
20145,Co0.2Pt3.8O7
20146,Co0.4Pt3.6O7
20147,Co0.8Pt3.2O7
20148,Co0.2Pt3.8O9
20149,Co0.4Pt3.6O9
20150,Co0.8Pt3.2O9
20151,Co0.25Pt4.75O6
20152,Co0.5Pt4.5O6
20153,CoPtO6
20154,Co0.25Pt4.75O7
20155,Co0.5Pt4.5O7
20156,CoPtO7
20157,Co0.25Pt4.75O8
20158,Co0.5Pt4.5O8
20159,CoPtO8
20160,Co0.25Pt4.75O9
20161,Co0.5Pt4.5O9
20162,CoPtO9
20163,Co0.3Pt5.7O7
20164,Co0.6Pt5.4O7
20165,Co1.2Pt4.8O7
20166,Co0.35Pt6.65O8
20167,Co0.7Pt6.3O8
20168,Co1.4Pt5.6O8
20169,Co0.35Pt6.65O9
20170,Co0.7Pt6.3O9
20171,Co1.4Pt5.6O9
20172,Co0.35Pt6.65O10
20173,Co0.7Pt6.3O10
20174,Co1.4Pt5.6O10
20175,Co0.4Pt7.6O9
20176,Co0.8Pt7.2O9
20177,Co1.6Pt6.4O9
20178,Co0.45Pt8.55O10
20179,Co0.9Pt8.1O10
20180,Co1.8Pt7.2O10
20181,Ni0.05Pt0.95O
20182,Ni0.1Pt0.9O
20183,Ni0.2Pt0.8O
20184,Ni0.05Pt0.95O2
20185,Ni0.1Pt0.9O2
20186,Ni0.2Pt0.8O2
20187,Ni0.05Pt0.95O3
20188,Ni0.1Pt0.9O3
20189,Ni0.2Pt0.8O3
20190,Ni0.05Pt0.95O4
20191,Ni0.1Pt0.9O4
20192,Ni0.2Pt0.8O4
20193,Ni0.05Pt0.95O5
20194,Ni0.1Pt0.9O5
20195,Ni0.2Pt0.8O5
20196,Ni0.05Pt0.95O6
20197,Ni0.1Pt0.9O6
20198,Ni0.2Pt0.8O6
20199,Ni0.05Pt0.95O7
20200,Ni0.1Pt0.9O7
20201,Ni0.2Pt0.8O7
20202,Ni0.05Pt0.95O8
20203,Ni0.1Pt0.9O8
20204,Ni0.2Pt0.8O8
20205,Ni0.05Pt0.95O9
20206,Ni0.1Pt0.9O9
20207,Ni0.2Pt0.8O9
20208,Ni0.05Pt0.95O10
20209,Ni0.1Pt0.9O10
20210,Ni0.2Pt0.8O10
20211,Ni0.1Pt1.9O3
20212,Ni0.2Pt1.8O3
20213,Ni0.4Pt1.6O3
20214,Ni0.1Pt1.9O5
20215,Ni0.2Pt1.8O5
20216,Ni0.4Pt1.6O5
20217,Ni0.1Pt1.9O7
20218,Ni0.2Pt1.8O7
20219,Ni0.4Pt1.6O7
20220,Ni0.1Pt1.9O9
20221,Ni0.2Pt1.8O9
20222,Ni0.4Pt1.6O9
20223,Ni0.15Pt2.85O4
20224,Ni0.3Pt2.7O4
20225,Ni0.6Pt2.4O4
20226,Ni0.15Pt2.85O5
20227,Ni0.3Pt2.7O5
20228,Ni0.6Pt2.4O5
20229,Ni0.15Pt2.85O7
20230,Ni0.3Pt2.7O7
20231,Ni0.6Pt2.4O7
20232,Ni0.15Pt2.85O8
20233,Ni0.3Pt2.7O8
20234,Ni0.6Pt2.4O8
20235,Ni0.15Pt2.85O10
20236,Ni0.3Pt2.7O10
20237,Ni0.6Pt2.4O10
20238,Ni0.2Pt3.8O5
20239,Ni0.4Pt3.6O5
20240,Ni0.8Pt3.2O5
20241,Ni0.2Pt3.8O7
20242,Ni0.4Pt3.6O7
20243,Ni0.8Pt3.2O7
20244,Ni0.2Pt3.8O9
20245,Ni0.4Pt3.6O9
20246,Ni0.8Pt3.2O9
20247,Ni0.25Pt4.75O6
20248,Ni0.5Pt4.5O6
20249,NiPtO6
20250,Ni0.25Pt4.75O7
20251,Ni0.5Pt4.5O7
20252,NiPtO7
20253,Ni0.25Pt4.75O8
20254,Ni0.5Pt4.5O8
20255,NiPtO8
20256,Ni0.25Pt4.75O9
20257,Ni0.5Pt4.5O9
20258,NiPtO9
20259,Ni0.3Pt5.7O7
20260,Ni0.6Pt5.4O7
20261,Ni1.2Pt4.8O7
20262,Ni0.35Pt6.65O8
20263,Ni0.7Pt6.3O8
20264,Ni1.4Pt5.6O8
20265,Ni0.35Pt6.65O9
20266,Ni0.7Pt6.3O9
20267,Ni1.4Pt5.6O9
20268,Ni0.35Pt6.65O10
20269,Ni0.7Pt6.3O10
20270,Ni1.4Pt5.6O10
20271,Ni0.4Pt7.6O9
20272,Ni0.8Pt7.2O9
20273,Ni1.6Pt6.4O9
20274,Ni0.45Pt8.55O10
20275,Ni0.9Pt8.1O10
20276,Ni1.8Pt7.2O10
20277,Ru0.05Pt0.95O
20278,Ru0.1Pt0.9O
20279,Ru0.2Pt0.8O
20280,Ru0.05Pt0.95O2
20281,Ru0.1Pt0.9O2
20282,Ru0.2Pt0.8O2
20283,Ru0.05Pt0.95O3
20284,Ru0.1Pt0.9O3
20285,Ru0.2Pt0.8O3
20286,Ru0.05Pt0.95O4
20287,Ru0.1Pt0.9O4
20288,Ru0.2Pt0.8O4
20289,Ru0.05Pt0.95O5
20290,Ru0.1Pt0.9O5
20291,Ru0.2Pt0.8O5
20292,Ru0.05Pt0.95O6
20293,Ru0.1Pt0.9O6
20294,Ru0.2Pt0.8O6
20295,Ru0.05Pt0.95O7
20296,Ru0.1Pt0.9O7
20297,Ru0.2Pt0.8O7
20298,Ru0.05Pt0.95O8
20299,Ru0.1Pt0.9O8
20300,Ru0.2Pt0.8O8
20301,Ru0.05Pt0.95O9
20302,Ru0.1Pt0.9O9
20303,Ru0.2Pt0.8O9
20304,Ru0.05Pt0.95O10
20305,Ru0.1Pt0.9O10
20306,Ru0.2Pt0.8O10
20307,Ru0.1Pt1.9O3
20308,Ru0.2Pt1.8O3
20309,Ru0.4Pt1.6O3
20310,Ru0.1Pt1.9O5
20311,Ru0.2Pt1.8O5
20312,Ru0.4Pt1.6O5
20313,Ru0.1Pt1.9O7
20314,Ru0.2Pt1.8O7
20315,Ru0.4Pt1.6O7
20316,Ru0.1Pt1.9O9
20317,Ru0.2Pt1.8O9
20318,Ru0.4Pt1.6O9
20319,Ru0.15Pt2.85O4
20320,Ru0.3Pt2.7O4
20321,Ru0.6Pt2.4O4
20322,Ru0.15Pt2.85O5
20323,Ru0.3Pt2.7O5
20324,Ru0.6Pt2.4O5
20325,Ru0.15Pt2.85O7
20326,Ru0.3Pt2.7O7
20327,Ru0.6Pt2.4O7
20328,Ru0.15Pt2.85O8
20329,Ru0.3Pt2.7O8
20330,Ru0.6Pt2.4O8
20331,Ru0.15Pt2.85O10
20332,Ru0.3Pt2.7O10
20333,Ru0.6Pt2.4O10
20334,Ru0.2Pt3.8O5
20335,Ru0.4Pt3.6O5
20336,Ru0.8Pt3.2O5
20337,Ru0.2Pt3.8O7
20338,Ru0.4Pt3.6O7
20339,Ru0.8Pt3.2O7
20340,Ru0.2Pt3.8O9
20341,Ru0.4Pt3.6O9
20342,Ru0.8Pt3.2O9
20343,Ru0.25Pt4.75O6
20344,Ru0.5Pt4.5O6
20345,RuPtO6
20346,Ru0.25Pt4.75O7
20347,Ru0.5Pt4.5O7
20348,RuPtO7
20349,Ru0.25Pt4.75O8
20350,Ru0.5Pt4.5O8
20351,RuPtO8
20352,Ru0.25Pt4.75O9
20353,Ru0.5Pt4.5O9
20354,RuPtO9
20355,Ru0.3Pt5.7O7
20356,Ru0.6Pt5.4O7
20357,Ru1.2Pt4.8O7
20358,Ru0.35Pt6.65O8
20359,Ru0.7Pt6.3O8
20360,Ru1.4Pt5.6O8
20361,Ru0.35Pt6.65O9
20362,Ru0.7Pt6.3O9
20363,Ru1.4Pt5.6O9
20364,Ru0.35Pt6.65O10
20365,Ru0.7Pt6.3O10
20366,Ru1.4Pt5.6O10
20367,Ru0.4Pt7.6O9
20368,Ru0.8Pt7.2O9
20369,Ru1.6Pt6.4O9
20370,Ru0.45Pt8.55O10
20371,Ru0.9Pt8.1O10
20372,Ru1.8Pt7.2O10
20373,Pd0.05Pt0.95O
20374,Pd0.1Pt0.9O
20375,Pd0.2Pt0.8O
20376,Pd0.05Pt0.95O2
20377,Pd0.1Pt0.9O2
20378,Pd0.2Pt0.8O2
20379,Pd0.05Pt0.95O3
20380,Pd0.1Pt0.9O3
20381,Pd0.2Pt0.8O3
20382,Pd0.05Pt0.95O4
20383,Pd0.1Pt0.9O4
20384,Pd0.2Pt0.8O4
20385,Pd0.05Pt0.95O5
20386,Pd0.1Pt0.9O5
20387,Pd0.2Pt0.8O5
20388,Pd0.05Pt0.95O6
20389,Pd0.1Pt0.9O6
20390,Pd0.2Pt0.8O6
20391,Pd0.05Pt0.95O7
20392,Pd0.1Pt0.9O7
20393,Pd0.2Pt0.8O7
20394,Pd0.05Pt0.95O8
20395,Pd0.1Pt0.9O8
20396,Pd0.2Pt0.8O8
20397,Pd0.05Pt0.95O9
20398,Pd0.1Pt0.9O9
20399,Pd0.2Pt0.8O9
20400,Pd0.05Pt0.95O10
20401,Pd0.1Pt0.9O10
20402,Pd0.2Pt0.8O10
20403,Pd0.1Pt1.9O3
20404,Pd0.2Pt1.8O3
20405,Pd0.4Pt1.6O3
20406,Pd0.1Pt1.9O5
20407,Pd0.2Pt1.8O5
20408,Pd0.4Pt1.6O5
20409,Pd0.1Pt1.9O7
20410,Pd0.2Pt1.8O7
20411,Pd0.4Pt1.6O7
20412,Pd0.1Pt1.9O9
20413,Pd0.2Pt1.8O9
20414,Pd0.4Pt1.6O9
20415,Pd0.15Pt2.85O4
20416,Pd0.3Pt2.7O4
20417,Pd0.6Pt2.4O4
20418,Pd0.15Pt2.85O5
20419,Pd0.3Pt2.7O5
20420,Pd0.6Pt2.4O5
20421,Pd0.15Pt2.85O7
20422,Pd0.3Pt2.7O7
20423,Pd0.6Pt2.4O7
20424,Pd0.15Pt2.85O8
20425,Pd0.3Pt2.7O8
20426,Pd0.6Pt2.4O8
20427,Pd0.15Pt2.85O10
20428,Pd0.3Pt2.7O10
20429,Pd0.6Pt2.4O10
20430,Pd0.2Pt3.8O5
20431,Pd0.4Pt3.6O5
20432,Pd0.8Pt3.2O5
20433,Pd0.2Pt3.8O7
20434,Pd0.4Pt3.6O7
20435,Pd0.8Pt3.2O7
20436,Pd0.2Pt3.8O9
20437,Pd0.4Pt3.6O9
20438,Pd0.8Pt3.2O9
20439,Pd0.25Pt4.75O6
20440,Pd0.5Pt4.5O6
20441,PdPtO6
20442,Pd0.25Pt4.75O7
20443,Pd0.5Pt4.5O7
20444,PdPtO7
20445,Pd0.25Pt4.75O8
20446,Pd0.5Pt4.5O8
20447,PdPtO8
20448,Pd0.25Pt4.75O9
20449,Pd0.5Pt4.5O9
20450,PdPtO9
20451,Pd0.3Pt5.7O7
20452,Pd0.6Pt5.4O7
20453,Pd1.2Pt4.8O7
20454,Pd0.35Pt6.65O8
20455,Pd0.7Pt6.3O8
20456,Pd1.4Pt5.6O8
20457,Pd0.35Pt6.65O9
20458,Pd0.7Pt6.3O9
20459,Pd1.4Pt5.6O9
20460,Pd0.35Pt6.65O10
20461,Pd0.7Pt6.3O10
20462,Pd1.4Pt5.6O10
20463,Pd0.4Pt7.6O9
20464,Pd0.8Pt7.2O9
20465,Pd1.6Pt6.4O9
20466,Pd0.45Pt8.55O10
20467,Pd0.9Pt8.1O10
20468,Pd1.8Pt7.2O10
20469,Ag0.05Pt0.95O
20470,Ag0.1Pt0.9O
20471,Ag0.2Pt0.8O
20472,Ag0.05Pt0.95O2
20473,Ag0.1Pt0.9O2
20474,Ag0.2Pt0.8O2
20475,Ag0.05Pt0.95O3
20476,Ag0.1Pt0.9O3
20477,Ag0.2Pt0.8O3
20478,Ag0.05Pt0.95O4
20479,Ag0.1Pt0.9O4
20480,Ag0.2Pt0.8O4
20481,Ag0.05Pt0.95O5
20482,Ag0.1Pt0.9O5
20483,Ag0.2Pt0.8O5
20484,Ag0.05Pt0.95O6
20485,Ag0.1Pt0.9O6
20486,Ag0.2Pt0.8O6
20487,Ag0.05Pt0.95O7
20488,Ag0.1Pt0.9O7
20489,Ag0.2Pt0.8O7
20490,Ag0.05Pt0.95O8
20491,Ag0.1Pt0.9O8
20492,Ag0.2Pt0.8O8
20493,Ag0.05Pt0.95O9
20494,Ag0.1Pt0.9O9
20495,Ag0.2Pt0.8O9
20496,Ag0.05Pt0.95O10
20497,Ag0.1Pt0.9O10
20498,Ag0.2Pt0.8O10
20499,Ag0.1Pt1.9O3
20500,Ag0.2Pt1.8O3
20501,Ag0.4Pt1.6O3
20502,Ag0.1Pt1.9O5
20503,Ag0.2Pt1.8O5
20504,Ag0.4Pt1.6O5
20505,Ag0.1Pt1.9O7
20506,Ag0.2Pt1.8O7
20507,Ag0.4Pt1.6O7
20508,Ag0.1Pt1.9O9
20509,Ag0.2Pt1.8O9
20510,Ag0.4Pt1.6O9
20511,Ag0.15Pt2.85O4
20512,Ag0.3Pt2.7O4
20513,Ag0.6Pt2.4O4
20514,Ag0.15Pt2.85O5
20515,Ag0.3Pt2.7O5
20516,Ag0.6Pt2.4O5
20517,Ag0.15Pt2.85O7
20518,Ag0.3Pt2.7O7
20519,Ag0.6Pt2.4O7
20520,Ag0.15Pt2.85O8
20521,Ag0.3Pt2.7O8
20522,Ag0.6Pt2.4O8
20523,Ag0.15Pt2.85O10
20524,Ag0.3Pt2.7O10
20525,Ag0.6Pt2.4O10
20526,Ag0.2Pt3.8O5
20527,Ag0.4Pt3.6O5
20528,Ag0.8Pt3.2O5
20529,Ag0.2Pt3.8O7
20530,Ag0.4Pt3.6O7
20531,Ag0.8Pt3.2O7
20532,Ag0.2Pt3.8O9
20533,Ag0.4Pt3.6O9
20534,Ag0.8Pt3.2O9
20535,Ag0.25Pt4.75O6
20536,Ag0.5Pt4.5O6
20537,AgPtO6
20538,Ag0.25Pt4.75O7
20539,Ag0.5Pt4.5O7
20540,AgPtO7
20541,Ag0.25Pt4.75O8
20542,Ag0.5Pt4.5O8
20543,AgPtO8
20544,Ag0.25Pt4.75O9
20545,Ag0.5Pt4.5O9
20546,AgPtO9
20547,Ag0.3Pt5.7O7
20548,Ag0.6Pt5.4O7
20549,Ag1.2Pt4.8O7
20550,Ag0.35Pt6.65O8
20551,Ag0.7Pt6.3O8
20552,Ag1.4Pt5.6O8
20553,Ag0.35Pt6.65O9
20554,Ag0.7Pt6.3O9
20555,Ag1.4Pt5.6O9
20556,Ag0.35Pt6.65O10
20557,Ag0.7Pt6.3O10
20558,Ag1.4Pt5.6O10
20559,Ag0.4Pt7.6O9
20560,Ag0.8Pt7.2O9
20561,Ag1.6Pt6.4O9
20562,Ag0.45Pt8.55O10
20563,Ag0.9Pt8.1O10
20564,Ag1.8Pt7.2O10
20565,Mn0.05Au0.95O
20566,Mn0.1Au0.9O
20567,Mn0.2Au0.8O
20568,Mn0.05Au0.95O2
20569,Mn0.1Au0.9O2
20570,Mn0.2Au0.8O2
20571,Mn0.05Au0.95O3
20572,Mn0.1Au0.9O3
20573,Mn0.2Au0.8O3
20574,Mn0.05Au0.95O4
20575,Mn0.1Au0.9O4
20576,Mn0.2Au0.8O4
20577,Mn0.05Au0.95O5
20578,Mn0.1Au0.9O5
20579,Mn0.2Au0.8O5
20580,Mn0.05Au0.95O6
20581,Mn0.1Au0.9O6
20582,Mn0.2Au0.8O6
20583,Mn0.05Au0.95O7
20584,Mn0.1Au0.9O7
20585,Mn0.2Au0.8O7
20586,Mn0.05Au0.95O8
20587,Mn0.1Au0.9O8
20588,Mn0.2Au0.8O8
20589,Mn0.05Au0.95O9
20590,Mn0.1Au0.9O9
20591,Mn0.2Au0.8O9
20592,Mn0.05Au0.95O10
20593,Mn0.1Au0.9O10
20594,Mn0.2Au0.8O10
20595,Mn0.1Au1.9O3
20596,Mn0.2Au1.8O3
20597,Mn0.4Au1.6O3
20598,Mn0.1Au1.9O5
20599,Mn0.2Au1.8O5
20600,Mn0.4Au1.6O5
20601,Mn0.1Au1.9O7
20602,Mn0.2Au1.8O7
20603,Mn0.4Au1.6O7
20604,Mn0.1Au1.9O9
20605,Mn0.2Au1.8O9
20606,Mn0.4Au1.6O9
20607,Mn0.15Au2.85O4
20608,Mn0.3Au2.7O4
20609,Mn0.6Au2.4O4
20610,Mn0.15Au2.85O5
20611,Mn0.3Au2.7O5
20612,Mn0.6Au2.4O5
20613,Mn0.15Au2.85O7
20614,Mn0.3Au2.7O7
20615,Mn0.6Au2.4O7
20616,Mn0.15Au2.85O8
20617,Mn0.3Au2.7O8
20618,Mn0.6Au2.4O8
20619,Mn0.15Au2.85O10
20620,Mn0.3Au2.7O10
20621,Mn0.6Au2.4O10
20622,Mn0.2Au3.8O5
20623,Mn0.4Au3.6O5
20624,Mn0.8Au3.2O5
20625,Mn0.2Au3.8O7
20626,Mn0.4Au3.6O7
20627,Mn0.8Au3.2O7
20628,Mn0.2Au3.8O9
20629,Mn0.4Au3.6O9
20630,Mn0.8Au3.2O9
20631,Mn0.25Au4.75O6
20632,Mn0.5Au4.5O6
20633,MnAuO6
20634,Mn0.25Au4.75O7
20635,Mn0.5Au4.5O7
20636,MnAuO7
20637,Mn0.25Au4.75O8
20638,Mn0.5Au4.5O8
20639,MnAuO8
20640,Mn0.25Au4.75O9
20641,Mn0.5Au4.5O9
20642,MnAuO9
20643,Mn0.3Au5.7O7
20644,Mn0.6Au5.4O7
20645,Mn1.2Au4.8O7
20646,Mn0.35Au6.65O8
20647,Mn0.7Au6.3O8
20648,Mn1.4Au5.6O8
20649,Mn0.35Au6.65O9
20650,Mn0.7Au6.3O9
20651,Mn1.4Au5.6O9
20652,Mn0.35Au6.65O10
20653,Mn0.7Au6.3O10
20654,Mn1.4Au5.6O10
20655,Mn0.4Au7.6O9
20656,Mn0.8Au7.2O9
20657,Mn1.6Au6.4O9
20658,Mn0.45Au8.55O10
20659,Mn0.9Au8.1O10
20660,Mn1.8Au7.2O10
20661,Fe0.05Au0.95O
20662,Fe0.1Au0.9O
20663,Fe0.2Au0.8O
20664,Fe0.05Au0.95O2
20665,Fe0.1Au0.9O2
20666,Fe0.2Au0.8O2
20667,Fe0.05Au0.95O3
20668,Fe0.1Au0.9O3
20669,Fe0.2Au0.8O3
20670,Fe0.05Au0.95O4
20671,Fe0.1Au0.9O4
20672,Fe0.2Au0.8O4
20673,Fe0.05Au0.95O5
20674,Fe0.1Au0.9O5
20675,Fe0.2Au0.8O5
20676,Fe0.05Au0.95O6
20677,Fe0.1Au0.9O6
20678,Fe0.2Au0.8O6
20679,Fe0.05Au0.95O7
20680,Fe0.1Au0.9O7
20681,Fe0.2Au0.8O7
20682,Fe0.05Au0.95O8
20683,Fe0.1Au0.9O8
20684,Fe0.2Au0.8O8
20685,Fe0.05Au0.95O9
20686,Fe0.1Au0.9O9
20687,Fe0.2Au0.8O9
20688,Fe0.05Au0.95O10
20689,Fe0.1Au0.9O10
20690,Fe0.2Au0.8O10
20691,Fe0.1Au1.9O3
20692,Fe0.2Au1.8O3
20693,Fe0.4Au1.6O3
20694,Fe0.1Au1.9O5
20695,Fe0.2Au1.8O5
20696,Fe0.4Au1.6O5
20697,Fe0.1Au1.9O7
20698,Fe0.2Au1.8O7
20699,Fe0.4Au1.6O7
20700,Fe0.1Au1.9O9
20701,Fe0.2Au1.8O9
20702,Fe0.4Au1.6O9
20703,Fe0.15Au2.85O4
20704,Fe0.3Au2.7O4
20705,Fe0.6Au2.4O4
20706,Fe0.15Au2.85O5
20707,Fe0.3Au2.7O5
20708,Fe0.6Au2.4O5
20709,Fe0.15Au2.85O7
20710,Fe0.3Au2.7O7
20711,Fe0.6Au2.4O7
20712,Fe0.15Au2.85O8
20713,Fe0.3Au2.7O8
20714,Fe0.6Au2.4O8
20715,Fe0.15Au2.85O10
20716,Fe0.3Au2.7O10
20717,Fe0.6Au2.4O10
20718,Fe0.2Au3.8O5
20719,Fe0.4Au3.6O5
20720,Fe0.8Au3.2O5
20721,Fe0.2Au3.8O7
20722,Fe0.4Au3.6O7
20723,Fe0.8Au3.2O7
20724,Fe0.2Au3.8O9
20725,Fe0.4Au3.6O9
20726,Fe0.8Au3.2O9
20727,Fe0.25Au4.75O6
20728,Fe0.5Au4.5O6
20729,FeAuO6
20730,Fe0.25Au4.75O7
20731,Fe0.5Au4.5O7
20732,FeAuO7
20733,Fe0.25Au4.75O8
20734,Fe0.5Au4.5O8
20735,FeAuO8
20736,Fe0.25Au4.75O9
20737,Fe0.5Au4.5O9
20738,FeAuO9
20739,Fe0.3Au5.7O7
20740,Fe0.6Au5.4O7
20741,Fe1.2Au4.8O7
20742,Fe0.35Au6.65O8
20743,Fe0.7Au6.3O8
20744,Fe1.4Au5.6O8
20745,Fe0.35Au6.65O9
20746,Fe0.7Au6.3O9
20747,Fe1.4Au5.6O9
20748,Fe0.35Au6.65O10
20749,Fe0.7Au6.3O10
20750,Fe1.4Au5.6O10
20751,Fe0.4Au7.6O9
20752,Fe0.8Au7.2O9
20753,Fe1.6Au6.4O9
20754,Fe0.45Au8.55O10
20755,Fe0.9Au8.1O10
20756,Fe1.8Au7.2O10
20757,Co0.05Au0.95O
20758,Co0.1Au0.9O
20759,Co0.2Au0.8O
20760,Co0.05Au0.95O2
20761,Co0.1Au0.9O2
20762,Co0.2Au0.8O2
20763,Co0.05Au0.95O3
20764,Co0.1Au0.9O3
20765,Co0.2Au0.8O3
20766,Co0.05Au0.95O4
20767,Co0.1Au0.9O4
20768,Co0.2Au0.8O4
20769,Co0.05Au0.95O5
20770,Co0.1Au0.9O5
20771,Co0.2Au0.8O5
20772,Co0.05Au0.95O6
20773,Co0.1Au0.9O6
20774,Co0.2Au0.8O6
20775,Co0.05Au0.95O7
20776,Co0.1Au0.9O7
20777,Co0.2Au0.8O7
20778,Co0.05Au0.95O8
20779,Co0.1Au0.9O8
20780,Co0.2Au0.8O8
20781,Co0.05Au0.95O9
20782,Co0.1Au0.9O9
20783,Co0.2Au0.8O9
20784,Co0.05Au0.95O10
20785,Co0.1Au0.9O10
20786,Co0.2Au0.8O10
20787,Co0.1Au1.9O3
20788,Co0.2Au1.8O3
20789,Co0.4Au1.6O3
20790,Co0.1Au1.9O5
20791,Co0.2Au1.8O5
20792,Co0.4Au1.6O5
20793,Co0.1Au1.9O7
20794,Co0.2Au1.8O7
20795,Co0.4Au1.6O7
20796,Co0.1Au1.9O9
20797,Co0.2Au1.8O9
20798,Co0.4Au1.6O9
20799,Co0.15Au2.85O4
20800,Co0.3Au2.7O4
20801,Co0.6Au2.4O4
20802,Co0.15Au2.85O5
20803,Co0.3Au2.7O5
20804,Co0.6Au2.4O5
20805,Co0.15Au2.85O7
20806,Co0.3Au2.7O7
20807,Co0.6Au2.4O7
20808,Co0.15Au2.85O8
20809,Co0.3Au2.7O8
20810,Co0.6Au2.4O8
20811,Co0.15Au2.85O10
20812,Co0.3Au2.7O10
20813,Co0.6Au2.4O10
20814,Co0.2Au3.8O5
20815,Co0.4Au3.6O5
20816,Co0.8Au3.2O5
20817,Co0.2Au3.8O7
20818,Co0.4Au3.6O7
20819,Co0.8Au3.2O7
20820,Co0.2Au3.8O9
20821,Co0.4Au3.6O9
20822,Co0.8Au3.2O9
20823,Co0.25Au4.75O6
20824,Co0.5Au4.5O6
20825,CoAuO6
20826,Co0.25Au4.75O7
20827,Co0.5Au4.5O7
20828,CoAuO7
20829,Co0.25Au4.75O8
20830,Co0.5Au4.5O8
20831,CoAuO8
20832,Co0.25Au4.75O9
20833,Co0.5Au4.5O9
20834,CoAuO9
20835,Co0.3Au5.7O7
20836,Co0.6Au5.4O7
20837,Co1.2Au4.8O7
20838,Co0.35Au6.65O8
20839,Co0.7Au6.3O8
20840,Co1.4Au5.6O8
20841,Co0.35Au6.65O9
20842,Co0.7Au6.3O9
20843,Co1.4Au5.6O9
20844,Co0.35Au6.65O10
20845,Co0.7Au6.3O10
20846,Co1.4Au5.6O10
20847,Co0.4Au7.6O9
20848,Co0.8Au7.2O9
20849,Co1.6Au6.4O9
20850,Co0.45Au8.55O10
20851,Co0.9Au8.1O10
20852,Co1.8Au7.2O10
20853,Ni0.05Au0.95O
20854,Ni0.1Au0.9O
20855,Ni0.2Au0.8O
20856,Ni0.05Au0.95O2
20857,Ni0.1Au0.9O2
20858,Ni0.2Au0.8O2
20859,Ni0.05Au0.95O3
20860,Ni0.1Au0.9O3
20861,Ni0.2Au0.8O3
20862,Ni0.05Au0.95O4
20863,Ni0.1Au0.9O4
20864,Ni0.2Au0.8O4
20865,Ni0.05Au0.95O5
20866,Ni0.1Au0.9O5
20867,Ni0.2Au0.8O5
20868,Ni0.05Au0.95O6
20869,Ni0.1Au0.9O6
20870,Ni0.2Au0.8O6
20871,Ni0.05Au0.95O7
20872,Ni0.1Au0.9O7
20873,Ni0.2Au0.8O7
20874,Ni0.05Au0.95O8
20875,Ni0.1Au0.9O8
20876,Ni0.2Au0.8O8
20877,Ni0.05Au0.95O9
20878,Ni0.1Au0.9O9
20879,Ni0.2Au0.8O9
20880,Ni0.05Au0.95O10
20881,Ni0.1Au0.9O10
20882,Ni0.2Au0.8O10
20883,Ni0.1Au1.9O3
20884,Ni0.2Au1.8O3
20885,Ni0.4Au1.6O3
20886,Ni0.1Au1.9O5
20887,Ni0.2Au1.8O5
20888,Ni0.4Au1.6O5
20889,Ni0.1Au1.9O7
20890,Ni0.2Au1.8O7
20891,Ni0.4Au1.6O7
20892,Ni0.1Au1.9O9
20893,Ni0.2Au1.8O9
20894,Ni0.4Au1.6O9
20895,Ni0.15Au2.85O4
20896,Ni0.3Au2.7O4
20897,Ni0.6Au2.4O4
20898,Ni0.15Au2.85O5
20899,Ni0.3Au2.7O5
20900,Ni0.6Au2.4O5
20901,Ni0.15Au2.85O7
20902,Ni0.3Au2.7O7
20903,Ni0.6Au2.4O7
20904,Ni0.15Au2.85O8
20905,Ni0.3Au2.7O8
20906,Ni0.6Au2.4O8
20907,Ni0.15Au2.85O10
20908,Ni0.3Au2.7O10
20909,Ni0.6Au2.4O10
20910,Ni0.2Au3.8O5
20911,Ni0.4Au3.6O5
20912,Ni0.8Au3.2O5
20913,Ni0.2Au3.8O7
20914,Ni0.4Au3.6O7
20915,Ni0.8Au3.2O7
20916,Ni0.2Au3.8O9
20917,Ni0.4Au3.6O9
20918,Ni0.8Au3.2O9
20919,Ni0.25Au4.75O6
20920,Ni0.5Au4.5O6
20921,NiAuO6
20922,Ni0.25Au4.75O7
20923,Ni0.5Au4.5O7
20924,NiAuO7
20925,Ni0.25Au4.75O8
20926,Ni0.5Au4.5O8
20927,NiAuO8
20928,Ni0.25Au4.75O9
20929,Ni0.5Au4.5O9
20930,NiAuO9
20931,Ni0.3Au5.7O7
20932,Ni0.6Au5.4O7
20933,Ni1.2Au4.8O7
20934,Ni0.35Au6.65O8
20935,Ni0.7Au6.3O8
20936,Ni1.4Au5.6O8
20937,Ni0.35Au6.65O9
20938,Ni0.7Au6.3O9
20939,Ni1.4Au5.6O9
20940,Ni0.35Au6.65O10
20941,Ni0.7Au6.3O10
20942,Ni1.4Au5.6O10
20943,Ni0.4Au7.6O9
20944,Ni0.8Au7.2O9
20945,Ni1.6Au6.4O9
20946,Ni0.45Au8.55O10
20947,Ni0.9Au8.1O10
20948,Ni1.8Au7.2O10
20949,Ru0.05Au0.95O
20950,Ru0.1Au0.9O
20951,Ru0.2Au0.8O
20952,Ru0.05Au0.95O2
20953,Ru0.1Au0.9O2
20954,Ru0.2Au0.8O2
20955,Ru0.05Au0.95O3
20956,Ru0.1Au0.9O3
20957,Ru0.2Au0.8O3
20958,Ru0.05Au0.95O4
20959,Ru0.1Au0.9O4
20960,Ru0.2Au0.8O4
20961,Ru0.05Au0.95O5
20962,Ru0.1Au0.9O5
20963,Ru0.2Au0.8O5
20964,Ru0.05Au0.95O6
20965,Ru0.1Au0.9O6
20966,Ru0.2Au0.8O6
20967,Ru0.05Au0.95O7
20968,Ru0.1Au0.9O7
20969,Ru0.2Au0.8O7
20970,Ru0.05Au0.95O8
20971,Ru0.1Au0.9O8
20972,Ru0.2Au0.8O8
20973,Ru0.05Au0.95O9
20974,Ru0.1Au0.9O9
20975,Ru0.2Au0.8O9
20976,Ru0.05Au0.95O10
20977,Ru0.1Au0.9O10
20978,Ru0.2Au0.8O10
20979,Ru0.1Au1.9O3
20980,Ru0.2Au1.8O3
20981,Ru0.4Au1.6O3
20982,Ru0.1Au1.9O5
20983,Ru0.2Au1.8O5
20984,Ru0.4Au1.6O5
20985,Ru0.1Au1.9O7
20986,Ru0.2Au1.8O7
20987,Ru0.4Au1.6O7
20988,Ru0.1Au1.9O9
20989,Ru0.2Au1.8O9
20990,Ru0.4Au1.6O9
20991,Ru0.15Au2.85O4
20992,Ru0.3Au2.7O4
20993,Ru0.6Au2.4O4
20994,Ru0.15Au2.85O5
20995,Ru0.3Au2.7O5
20996,Ru0.6Au2.4O5
20997,Ru0.15Au2.85O7
20998,Ru0.3Au2.7O7
20999,Ru0.6Au2.4O7
21000,Ru0.15Au2.85O8
21001,Ru0.3Au2.7O8
21002,Ru0.6Au2.4O8
21003,Ru0.15Au2.85O10
21004,Ru0.3Au2.7O10
21005,Ru0.6Au2.4O10
21006,Ru0.2Au3.8O5
21007,Ru0.4Au3.6O5
21008,Ru0.8Au3.2O5
21009,Ru0.2Au3.8O7
21010,Ru0.4Au3.6O7
21011,Ru0.8Au3.2O7
21012,Ru0.2Au3.8O9
21013,Ru0.4Au3.6O9
21014,Ru0.8Au3.2O9
21015,Ru0.25Au4.75O6
21016,Ru0.5Au4.5O6
21017,RuAuO6
21018,Ru0.25Au4.75O7
21019,Ru0.5Au4.5O7
21020,RuAuO7
21021,Ru0.25Au4.75O8
21022,Ru0.5Au4.5O8
21023,RuAuO8
21024,Ru0.25Au4.75O9
21025,Ru0.5Au4.5O9
21026,RuAuO9
21027,Ru0.3Au5.7O7
21028,Ru0.6Au5.4O7
21029,Ru1.2Au4.8O7
21030,Ru0.35Au6.65O8
21031,Ru0.7Au6.3O8
21032,Ru1.4Au5.6O8
21033,Ru0.35Au6.65O9
21034,Ru0.7Au6.3O9
21035,Ru1.4Au5.6O9
21036,Ru0.35Au6.65O10
21037,Ru0.7Au6.3O10
21038,Ru1.4Au5.6O10
21039,Ru0.4Au7.6O9
21040,Ru0.8Au7.2O9
21041,Ru1.6Au6.4O9
21042,Ru0.45Au8.55O10
21043,Ru0.9Au8.1O10
21044,Ru1.8Au7.2O10
21045,Pd0.05Au0.95O
21046,Pd0.1Au0.9O
21047,Pd0.2Au0.8O
21048,Pd0.05Au0.95O2
21049,Pd0.1Au0.9O2
21050,Pd0.2Au0.8O2
21051,Pd0.05Au0.95O3
21052,Pd0.1Au0.9O3
21053,Pd0.2Au0.8O3
21054,Pd0.05Au0.95O4
21055,Pd0.1Au0.9O4
21056,Pd0.2Au0.8O4
21057,Pd0.05Au0.95O5
21058,Pd0.1Au0.9O5
21059,Pd0.2Au0.8O5
21060,Pd0.05Au0.95O6
21061,Pd0.1Au0.9O6
21062,Pd0.2Au0.8O6
21063,Pd0.05Au0.95O7
21064,Pd0.1Au0.9O7
21065,Pd0.2Au0.8O7
21066,Pd0.05Au0.95O8
21067,Pd0.1Au0.9O8
21068,Pd0.2Au0.8O8
21069,Pd0.05Au0.95O9
21070,Pd0.1Au0.9O9
21071,Pd0.2Au0.8O9
21072,Pd0.05Au0.95O10
21073,Pd0.1Au0.9O10
21074,Pd0.2Au0.8O10
21075,Pd0.1Au1.9O3
21076,Pd0.2Au1.8O3
21077,Pd0.4Au1.6O3
21078,Pd0.1Au1.9O5
21079,Pd0.2Au1.8O5
21080,Pd0.4Au1.6O5
21081,Pd0.1Au1.9O7
21082,Pd0.2Au1.8O7
21083,Pd0.4Au1.6O7
21084,Pd0.1Au1.9O9
21085,Pd0.2Au1.8O9
21086,Pd0.4Au1.6O9
21087,Pd0.15Au2.85O4
21088,Pd0.3Au2.7O4
21089,Pd0.6Au2.4O4
21090,Pd0.15Au2.85O5
21091,Pd0.3Au2.7O5
21092,Pd0.6Au2.4O5
21093,Pd0.15Au2.85O7
21094,Pd0.3Au2.7O7
21095,Pd0.6Au2.4O7
21096,Pd0.15Au2.85O8
21097,Pd0.3Au2.7O8
21098,Pd0.6Au2.4O8
21099,Pd0.15Au2.85O10
21100,Pd0.3Au2.7O10
21101,Pd0.6Au2.4O10
21102,Pd0.2Au3.8O5
21103,Pd0.4Au3.6O5
21104,Pd0.8Au3.2O5
21105,Pd0.2Au3.8O7
21106,Pd0.4Au3.6O7
21107,Pd0.8Au3.2O7
21108,Pd0.2Au3.8O9
21109,Pd0.4Au3.6O9
21110,Pd0.8Au3.2O9
21111,Pd0.25Au4.75O6
21112,Pd0.5Au4.5O6
21113,PdAuO6
21114,Pd0.25Au4.75O7
21115,Pd0.5Au4.5O7
21116,PdAuO7
21117,Pd0.25Au4.75O8
21118,Pd0.5Au4.5O8
21119,PdAuO8
21120,Pd0.25Au4.75O9
21121,Pd0.5Au4.5O9
21122,PdAuO9
21123,Pd0.3Au5.7O7
21124,Pd0.6Au5.4O7
21125,Pd1.2Au4.8O7
21126,Pd0.35Au6.65O8
21127,Pd0.7Au6.3O8
21128,Pd1.4Au5.6O8
21129,Pd0.35Au6.65O9
21130,Pd0.7Au6.3O9
21131,Pd1.4Au5.6O9
21132,Pd0.35Au6.65O10
21133,Pd0.7Au6.3O10
21134,Pd1.4Au5.6O10
21135,Pd0.4Au7.6O9
21136,Pd0.8Au7.2O9
21137,Pd1.6Au6.4O9
21138,Pd0.45Au8.55O10
21139,Pd0.9Au8.1O10
21140,Pd1.8Au7.2O10
21141,Ag0.05Au0.95O
21142,Ag0.1Au0.9O
21143,Ag0.2Au0.8O
21144,Ag0.05Au0.95O2
21145,Ag0.1Au0.9O2
21146,Ag0.2Au0.8O2
21147,Ag0.05Au0.95O3
21148,Ag0.1Au0.9O3
21149,Ag0.2Au0.8O3
21150,Ag0.05Au0.95O4
21151,Ag0.1Au0.9O4
21152,Ag0.2Au0.8O4
21153,Ag0.05Au0.95O5
21154,Ag0.1Au0.9O5
21155,Ag0.2Au0.8O5
21156,Ag0.05Au0.95O6
21157,Ag0.1Au0.9O6
21158,Ag0.2Au0.8O6
21159,Ag0.05Au0.95O7
21160,Ag0.1Au0.9O7
21161,Ag0.2Au0.8O7
21162,Ag0.05Au0.95O8
21163,Ag0.1Au0.9O8
21164,Ag0.2Au0.8O8
21165,Ag0.05Au0.95O9
21166,Ag0.1Au0.9O9
21167,Ag0.2Au0.8O9
21168,Ag0.05Au0.95O10
21169,Ag0.1Au0.9O10
21170,Ag0.2Au0.8O10
21171,Ag0.1Au1.9O3
21172,Ag0.2Au1.8O3
21173,Ag0.4Au1.6O3
21174,Ag0.1Au1.9O5
21175,Ag0.2Au1.8O5
21176,Ag0.4Au1.6O5
21177,Ag0.1Au1.9O7
21178,Ag0.2Au1.8O7
21179,Ag0.4Au1.6O7
21180,Ag0.1Au1.9O9
21181,Ag0.2Au1.8O9
21182,Ag0.4Au1.6O9
21183,Ag0.15Au2.85O4
21184,Ag0.3Au2.7O4
21185,Ag0.6Au2.4O4
21186,Ag0.15Au2.85O5
21187,Ag0.3Au2.7O5
21188,Ag0.6Au2.4O5
21189,Ag0.15Au2.85O7
21190,Ag0.3Au2.7O7
21191,Ag0.6Au2.4O7
21192,Ag0.15Au2.85O8
21193,Ag0.3Au2.7O8
21194,Ag0.6Au2.4O8
21195,Ag0.15Au2.85O10
21196,Ag0.3Au2.7O10
21197,Ag0.6Au2.4O10
21198,Ag0.2Au3.8O5
21199,Ag0.4Au3.6O5
21200,Ag0.8Au3.2O5
21201,Ag0.2Au3.8O7
21202,Ag0.4Au3.6O7
21203,Ag0.8Au3.2O7
21204,Ag0.2Au3.8O9
21205,Ag0.4Au3.6O9
21206,Ag0.8Au3.2O9
21207,Ag0.25Au4.75O6
21208,Ag0.5Au4.5O6
21209,AgAuO6
21210,Ag0.25Au4.75O7
21211,Ag0.5Au4.5O7
21212,AgAuO7
21213,Ag0.25Au4.75O8
21214,Ag0.5Au4.5O8
21215,AgAuO8
21216,Ag0.25Au4.75O9
21217,Ag0.5Au4.5O9
21218,AgAuO9
21219,Ag0.3Au5.7O7
21220,Ag0.6Au5.4O7
21221,Ag1.2Au4.8O7
21222,Ag0.35Au6.65O8
21223,Ag0.7Au6.3O8
21224,Ag1.4Au5.6O8
21225,Ag0.35Au6.65O9
21226,Ag0.7Au6.3O9
21227,Ag1.4Au5.6O9
21228,Ag0.35Au6.65O10
21229,Ag0.7Au6.3O10
21230,Ag1.4Au5.6O10
21231,Ag0.4Au7.6O9
21232,Ag0.8Au7.2O9
21233,Ag1.6Au6.4O9
21234,Ag0.45Au8.55O10
21235,Ag0.9Au8.1O10
21236,Ag1.8Au7.2O10
21237,Pt0.05Au0.95O
21238,Pt0.1Au0.9O
21239,Pt0.2Au0.8O
21240,Pt0.05Au0.95O2
21241,Pt0.1Au0.9O2
21242,Pt0.2Au0.8O2
21243,Pt0.05Au0.95O3
21244,Pt0.1Au0.9O3
21245,Pt0.2Au0.8O3
21246,Pt0.05Au0.95O4
21247,Pt0.1Au0.9O4
21248,Pt0.2Au0.8O4
21249,Pt0.05Au0.95O5
21250,Pt0.1Au0.9O5
21251,Pt0.2Au0.8O5
21252,Pt0.05Au0.95O6
21253,Pt0.1Au0.9O6
21254,Pt0.2Au0.8O6
21255,Pt0.05Au0.95O7
21256,Pt0.1Au0.9O7
21257,Pt0.2Au0.8O7
21258,Pt0.05Au0.95O8
21259,Pt0.1Au0.9O8
21260,Pt0.2Au0.8O8
21261,Pt0.05Au0.95O9
21262,Pt0.1Au0.9O9
21263,Pt0.2Au0.8O9
21264,Pt0.05Au0.95O10
21265,Pt0.1Au0.9O10
21266,Pt0.2Au0.8O10
21267,Pt0.1Au1.9O3
21268,Pt0.2Au1.8O3
21269,Pt0.4Au1.6O3
21270,Pt0.1Au1.9O5
21271,Pt0.2Au1.8O5
21272,Pt0.4Au1.6O5
21273,Pt0.1Au1.9O7
21274,Pt0.2Au1.8O7
21275,Pt0.4Au1.6O7
21276,Pt0.1Au1.9O9
21277,Pt0.2Au1.8O9
21278,Pt0.4Au1.6O9
21279,Pt0.15Au2.85O4
21280,Pt0.3Au2.7O4
21281,Pt0.6Au2.4O4
21282,Pt0.15Au2.85O5
21283,Pt0.3Au2.7O5
21284,Pt0.6Au2.4O5
21285,Pt0.15Au2.85O7
21286,Pt0.3Au2.7O7
21287,Pt0.6Au2.4O7
21288,Pt0.15Au2.85O8
21289,Pt0.3Au2.7O8
21290,Pt0.6Au2.4O8
21291,Pt0.15Au2.85O10
21292,Pt0.3Au2.7O10
21293,Pt0.6Au2.4O10
21294,Pt0.2Au3.8O5
21295,Pt0.4Au3.6O5
21296,Pt0.8Au3.2O5
21297,Pt0.2Au3.8O7
21298,Pt0.4Au3.6O7
21299,Pt0.8Au3.2O7
21300,Pt0.2Au3.8O9
21301,Pt0.4Au3.6O9
21302,Pt0.8Au3.2O9
21303,Pt0.25Au4.75O6
21304,Pt0.5Au4.5O6
21305,PtAuO6
21306,Pt0.25Au4.75O7
21307,Pt0.5Au4.5O7
21308,PtAuO7
21309,Pt0.25Au4.75O8
21310,Pt0.5Au4.5O8
21311,PtAuO8
21312,Pt0.25Au4.75O9
21313,Pt0.5Au4.5O9
21314,PtAuO9
21315,Pt0.3Au5.7O7
21316,Pt0.6Au5.4O7
21317,Pt1.2Au4.8O7
21318,Pt0.35Au6.65O8
21319,Pt0.7Au6.3O8
21320,Pt1.4Au5.6O8
21321,Pt0.35Au6.65O9
21322,Pt0.7Au6.3O9
21323,Pt1.4Au5.6O9
21324,Pt0.35Au6.65O10
21325,Pt0.7Au6.3O10
21326,Pt1.4Au5.6O10
21327,Pt0.4Au7.6O9
21328,Pt0.8Au7.2O9
21329,Pt1.6Au6.4O9
21330,Pt0.45Au8.55O10
21331,Pt0.9Au8.1O10
21332,Pt1.8Au7.2O10
21333,Mn0.05La0.95O
21334,Mn0.1La0.9O
21335,Mn0.2La0.8O
21336,Mn0.05La0.95O2
21337,Mn0.1La0.9O2
21338,Mn0.2La0.8O2
21339,Mn0.05La0.95O3
21340,Mn0.1La0.9O3
21341,Mn0.2La0.8O3
21342,Mn0.05La0.95O4
21343,Mn0.1La0.9O4
21344,Mn0.2La0.8O4
21345,Mn0.05La0.95O5
21346,Mn0.1La0.9O5
21347,Mn0.2La0.8O5
21348,Mn0.05La0.95O6
21349,Mn0.1La0.9O6
21350,Mn0.2La0.8O6
21351,Mn0.05La0.95O7
21352,Mn0.1La0.9O7
21353,Mn0.2La0.8O7
21354,Mn0.05La0.95O8
21355,Mn0.1La0.9O8
21356,Mn0.2La0.8O8
21357,Mn0.05La0.95O9
21358,Mn0.1La0.9O9
21359,Mn0.2La0.8O9
21360,Mn0.05La0.95O10
21361,Mn0.1La0.9O10
21362,Mn0.2La0.8O10
21363,Mn0.1La1.9O3
21364,Mn0.2La1.8O3
21365,Mn0.4La1.6O3
21366,Mn0.1La1.9O5
21367,Mn0.2La1.8O5
21368,Mn0.4La1.6O5
21369,Mn0.1La1.9O7
21370,Mn0.2La1.8O7
21371,Mn0.4La1.6O7
21372,Mn0.1La1.9O9
21373,Mn0.2La1.8O9
21374,Mn0.4La1.6O9
21375,Mn0.15La2.85O4
21376,Mn0.3La2.7O4
21377,Mn0.6La2.4O4
21378,Mn0.15La2.85O5
21379,Mn0.3La2.7O5
21380,Mn0.6La2.4O5
21381,Mn0.15La2.85O7
21382,Mn0.3La2.7O7
21383,Mn0.6La2.4O7
21384,Mn0.15La2.85O8
21385,Mn0.3La2.7O8
21386,Mn0.6La2.4O8
21387,Mn0.15La2.85O10
21388,Mn0.3La2.7O10
21389,Mn0.6La2.4O10
21390,Mn0.2La3.8O5
21391,Mn0.4La3.6O5
21392,Mn0.8La3.2O5
21393,Mn0.2La3.8O7
21394,Mn0.4La3.6O7
21395,Mn0.8La3.2O7
21396,Mn0.2La3.8O9
21397,Mn0.4La3.6O9
21398,Mn0.8La3.2O9
21399,Mn0.25La4.75O6
21400,Mn0.5La4.5O6
21401,MnLaO6
21402,Mn0.25La4.75O7
21403,Mn0.5La4.5O7
21404,MnLaO7
21405,Mn0.25La4.75O8
21406,Mn0.5La4.5O8
21407,MnLaO8
21408,Mn0.25La4.75O9
21409,Mn0.5La4.5O9
21410,MnLaO9
21411,Mn0.3La5.7O7
21412,Mn0.6La5.4O7
21413,Mn1.2La4.8O7
21414,Mn0.35La6.65O8
21415,Mn0.7La6.3O8
21416,Mn1.4La5.6O8
21417,Mn0.35La6.65O9
21418,Mn0.7La6.3O9
21419,Mn1.4La5.6O9
21420,Mn0.35La6.65O10
21421,Mn0.7La6.3O10
21422,Mn1.4La5.6O10
21423,Mn0.4La7.6O9
21424,Mn0.8La7.2O9
21425,Mn1.6La6.4O9
21426,Mn0.45La8.55O10
21427,Mn0.9La8.1O10
21428,Mn1.8La7.2O10
21429,Fe0.05La0.95O
21430,Fe0.1La0.9O
21431,Fe0.2La0.8O
21432,Fe0.05La0.95O2
21433,Fe0.1La0.9O2
21434,Fe0.2La0.8O2
21435,Fe0.05La0.95O3
21436,Fe0.1La0.9O3
21437,Fe0.2La0.8O3
21438,Fe0.05La0.95O4
21439,Fe0.1La0.9O4
21440,Fe0.2La0.8O4
21441,Fe0.05La0.95O5
21442,Fe0.1La0.9O5
21443,Fe0.2La0.8O5
21444,Fe0.05La0.95O6
21445,Fe0.1La0.9O6
21446,Fe0.2La0.8O6
21447,Fe0.05La0.95O7
21448,Fe0.1La0.9O7
21449,Fe0.2La0.8O7
21450,Fe0.05La0.95O8
21451,Fe0.1La0.9O8
21452,Fe0.2La0.8O8
21453,Fe0.05La0.95O9
21454,Fe0.1La0.9O9
21455,Fe0.2La0.8O9
21456,Fe0.05La0.95O10
21457,Fe0.1La0.9O10
21458,Fe0.2La0.8O10
21459,Fe0.1La1.9O3
21460,Fe0.2La1.8O3
21461,Fe0.4La1.6O3
21462,Fe0.1La1.9O5
21463,Fe0.2La1.8O5
21464,Fe0.4La1.6O5
21465,Fe0.1La1.9O7
21466,Fe0.2La1.8O7
21467,Fe0.4La1.6O7
21468,Fe0.1La1.9O9
21469,Fe0.2La1.8O9
21470,Fe0.4La1.6O9
21471,Fe0.15La2.85O4
21472,Fe0.3La2.7O4
21473,Fe0.6La2.4O4
21474,Fe0.15La2.85O5
21475,Fe0.3La2.7O5
21476,Fe0.6La2.4O5
21477,Fe0.15La2.85O7
21478,Fe0.3La2.7O7
21479,Fe0.6La2.4O7
21480,Fe0.15La2.85O8
21481,Fe0.3La2.7O8
21482,Fe0.6La2.4O8
21483,Fe0.15La2.85O10
21484,Fe0.3La2.7O10
21485,Fe0.6La2.4O10
21486,Fe0.2La3.8O5
21487,Fe0.4La3.6O5
21488,Fe0.8La3.2O5
21489,Fe0.2La3.8O7
21490,Fe0.4La3.6O7
21491,Fe0.8La3.2O7
21492,Fe0.2La3.8O9
21493,Fe0.4La3.6O9
21494,Fe0.8La3.2O9
21495,Fe0.25La4.75O6
21496,Fe0.5La4.5O6
21497,FeLaO6
21498,Fe0.25La4.75O7
21499,Fe0.5La4.5O7
21500,FeLaO7
21501,Fe0.25La4.75O8
21502,Fe0.5La4.5O8
21503,FeLaO8
21504,Fe0.25La4.75O9
21505,Fe0.5La4.5O9
21506,FeLaO9
21507,Fe0.3La5.7O7
21508,Fe0.6La5.4O7
21509,Fe1.2La4.8O7
21510,Fe0.35La6.65O8
21511,Fe0.7La6.3O8
21512,Fe1.4La5.6O8
21513,Fe0.35La6.65O9
21514,Fe0.7La6.3O9
21515,Fe1.4La5.6O9
21516,Fe0.35La6.65O10
21517,Fe0.7La6.3O10
21518,Fe1.4La5.6O10
21519,Fe0.4La7.6O9
21520,Fe0.8La7.2O9
21521,Fe1.6La6.4O9
21522,Fe0.45La8.55O10
21523,Fe0.9La8.1O10
21524,Fe1.8La7.2O10
21525,Co0.05La0.95O
21526,Co0.1La0.9O
21527,Co0.2La0.8O
21528,Co0.05La0.95O2
21529,Co0.1La0.9O2
21530,Co0.2La0.8O2
21531,Co0.05La0.95O3
21532,Co0.1La0.9O3
21533,Co0.2La0.8O3
21534,Co0.05La0.95O4
21535,Co0.1La0.9O4
21536,Co0.2La0.8O4
21537,Co0.05La0.95O5
21538,Co0.1La0.9O5
21539,Co0.2La0.8O5
21540,Co0.05La0.95O6
21541,Co0.1La0.9O6
21542,Co0.2La0.8O6
21543,Co0.05La0.95O7
21544,Co0.1La0.9O7
21545,Co0.2La0.8O7
21546,Co0.05La0.95O8
21547,Co0.1La0.9O8
21548,Co0.2La0.8O8
21549,Co0.05La0.95O9
21550,Co0.1La0.9O9
21551,Co0.2La0.8O9
21552,Co0.05La0.95O10
21553,Co0.1La0.9O10
21554,Co0.2La0.8O10
21555,Co0.1La1.9O3
21556,Co0.2La1.8O3
21557,Co0.4La1.6O3
21558,Co0.1La1.9O5
21559,Co0.2La1.8O5
21560,Co0.4La1.6O5
21561,Co0.1La1.9O7
21562,Co0.2La1.8O7
21563,Co0.4La1.6O7
21564,Co0.1La1.9O9
21565,Co0.2La1.8O9
21566,Co0.4La1.6O9
21567,Co0.15La2.85O4
21568,Co0.3La2.7O4
21569,Co0.6La2.4O4
21570,Co0.15La2.85O5
21571,Co0.3La2.7O5
21572,Co0.6La2.4O5
21573,Co0.15La2.85O7
21574,Co0.3La2.7O7
21575,Co0.6La2.4O7
21576,Co0.15La2.85O8
21577,Co0.3La2.7O8
21578,Co0.6La2.4O8
21579,Co0.15La2.85O10
21580,Co0.3La2.7O10
21581,Co0.6La2.4O10
21582,Co0.2La3.8O5
21583,Co0.4La3.6O5
21584,Co0.8La3.2O5
21585,Co0.2La3.8O7
21586,Co0.4La3.6O7
21587,Co0.8La3.2O7
21588,Co0.2La3.8O9
21589,Co0.4La3.6O9
21590,Co0.8La3.2O9
21591,Co0.25La4.75O6
21592,Co0.5La4.5O6
21593,CoLaO6
21594,Co0.25La4.75O7
21595,Co0.5La4.5O7
21596,CoLaO7
21597,Co0.25La4.75O8
21598,Co0.5La4.5O8
21599,CoLaO8
21600,Co0.25La4.75O9
21601,Co0.5La4.5O9
21602,CoLaO9
21603,Co0.3La5.7O7
21604,Co0.6La5.4O7
21605,Co1.2La4.8O7
21606,Co0.35La6.65O8
21607,Co0.7La6.3O8
21608,Co1.4La5.6O8
21609,Co0.35La6.65O9
21610,Co0.7La6.3O9
21611,Co1.4La5.6O9
21612,Co0.35La6.65O10
21613,Co0.7La6.3O10
21614,Co1.4La5.6O10
21615,Co0.4La7.6O9
21616,Co0.8La7.2O9
21617,Co1.6La6.4O9
21618,Co0.45La8.55O10
21619,Co0.9La8.1O10
21620,Co1.8La7.2O10
21621,Ni0.05La0.95O
21622,Ni0.1La0.9O
21623,Ni0.2La0.8O
21624,Ni0.05La0.95O2
21625,Ni0.1La0.9O2
21626,Ni0.2La0.8O2
21627,Ni0.05La0.95O3
21628,Ni0.1La0.9O3
21629,Ni0.2La0.8O3
21630,Ni0.05La0.95O4
21631,Ni0.1La0.9O4
21632,Ni0.2La0.8O4
21633,Ni0.05La0.95O5
21634,Ni0.1La0.9O5
21635,Ni0.2La0.8O5
21636,Ni0.05La0.95O6
21637,Ni0.1La0.9O6
21638,Ni0.2La0.8O6
21639,Ni0.05La0.95O7
21640,Ni0.1La0.9O7
21641,Ni0.2La0.8O7
21642,Ni0.05La0.95O8
21643,Ni0.1La0.9O8
21644,Ni0.2La0.8O8
21645,Ni0.05La0.95O9
21646,Ni0.1La0.9O9
21647,Ni0.2La0.8O9
21648,Ni0.05La0.95O10
21649,Ni0.1La0.9O10
21650,Ni0.2La0.8O10
21651,Ni0.1La1.9O3
21652,Ni0.2La1.8O3
21653,Ni0.4La1.6O3
21654,Ni0.1La1.9O5
21655,Ni0.2La1.8O5
21656,Ni0.4La1.6O5
21657,Ni0.1La1.9O7
21658,Ni0.2La1.8O7
21659,Ni0.4La1.6O7
21660,Ni0.1La1.9O9
21661,Ni0.2La1.8O9
21662,Ni0.4La1.6O9
21663,Ni0.15La2.85O4
21664,Ni0.3La2.7O4
21665,Ni0.6La2.4O4
21666,Ni0.15La2.85O5
21667,Ni0.3La2.7O5
21668,Ni0.6La2.4O5
21669,Ni0.15La2.85O7
21670,Ni0.3La2.7O7
21671,Ni0.6La2.4O7
21672,Ni0.15La2.85O8
21673,Ni0.3La2.7O8
21674,Ni0.6La2.4O8
21675,Ni0.15La2.85O10
21676,Ni0.3La2.7O10
21677,Ni0.6La2.4O10
21678,Ni0.2La3.8O5
21679,Ni0.4La3.6O5
21680,Ni0.8La3.2O5
21681,Ni0.2La3.8O7
21682,Ni0.4La3.6O7
21683,Ni0.8La3.2O7
21684,Ni0.2La3.8O9
21685,Ni0.4La3.6O9
21686,Ni0.8La3.2O9
21687,Ni0.25La4.75O6
21688,Ni0.5La4.5O6
21689,NiLaO6
21690,Ni0.25La4.75O7
21691,Ni0.5La4.5O7
21692,NiLaO7
21693,Ni0.25La4.75O8
21694,Ni0.5La4.5O8
21695,NiLaO8
21696,Ni0.25La4.75O9
21697,Ni0.5La4.5O9
21698,NiLaO9
21699,Ni0.3La5.7O7
21700,Ni0.6La5.4O7
21701,Ni1.2La4.8O7
21702,Ni0.35La6.65O8
21703,Ni0.7La6.3O8
21704,Ni1.4La5.6O8
21705,Ni0.35La6.65O9
21706,Ni0.7La6.3O9
21707,Ni1.4La5.6O9
21708,Ni0.35La6.65O10
21709,Ni0.7La6.3O10
21710,Ni1.4La5.6O10
21711,Ni0.4La7.6O9
21712,Ni0.8La7.2O9
21713,Ni1.6La6.4O9
21714,Ni0.45La8.55O10
21715,Ni0.9La8.1O10
21716,Ni1.8La7.2O10
21717,Ru0.05La0.95O
21718,Ru0.1La0.9O
21719,Ru0.2La0.8O
21720,Ru0.05La0.95O2
21721,Ru0.1La0.9O2
21722,Ru0.2La0.8O2
21723,Ru0.05La0.95O3
21724,Ru0.1La0.9O3
21725,Ru0.2La0.8O3
21726,Ru0.05La0.95O4
21727,Ru0.1La0.9O4
21728,Ru0.2La0.8O4
21729,Ru0.05La0.95O5
21730,Ru0.1La0.9O5
21731,Ru0.2La0.8O5
21732,Ru0.05La0.95O6
21733,Ru0.1La0.9O6
21734,Ru0.2La0.8O6
21735,Ru0.05La0.95O7
21736,Ru0.1La0.9O7
21737,Ru0.2La0.8O7
21738,Ru0.05La0.95O8
21739,Ru0.1La0.9O8
21740,Ru0.2La0.8O8
21741,Ru0.05La0.95O9
21742,Ru0.1La0.9O9
21743,Ru0.2La0.8O9
21744,Ru0.05La0.95O10
21745,Ru0.1La0.9O10
21746,Ru0.2La0.8O10
21747,Ru0.1La1.9O3
21748,Ru0.2La1.8O3
21749,Ru0.4La1.6O3
21750,Ru0.1La1.9O5
21751,Ru0.2La1.8O5
21752,Ru0.4La1.6O5
21753,Ru0.1La1.9O7
21754,Ru0.2La1.8O7
21755,Ru0.4La1.6O7
21756,Ru0.1La1.9O9
21757,Ru0.2La1.8O9
21758,Ru0.4La1.6O9
21759,Ru0.15La2.85O4
21760,Ru0.3La2.7O4
21761,Ru0.6La2.4O4
21762,Ru0.15La2.85O5
21763,Ru0.3La2.7O5
21764,Ru0.6La2.4O5
21765,Ru0.15La2.85O7
21766,Ru0.3La2.7O7
21767,Ru0.6La2.4O7
21768,Ru0.15La2.85O8
21769,Ru0.3La2.7O8
21770,Ru0.6La2.4O8
21771,Ru0.15La2.85O10
21772,Ru0.3La2.7O10
21773,Ru0.6La2.4O10
21774,Ru0.2La3.8O5
21775,Ru0.4La3.6O5
21776,Ru0.8La3.2O5
21777,Ru0.2La3.8O7
21778,Ru0.4La3.6O7
21779,Ru0.8La3.2O7
21780,Ru0.2La3.8O9
21781,Ru0.4La3.6O9
21782,Ru0.8La3.2O9
21783,Ru0.25La4.75O6
21784,Ru0.5La4.5O6
21785,RuLaO6
21786,Ru0.25La4.75O7
21787,Ru0.5La4.5O7
21788,RuLaO7
21789,Ru0.25La4.75O8
21790,Ru0.5La4.5O8
21791,RuLaO8
21792,Ru0.25La4.75O9
21793,Ru0.5La4.5O9
21794,RuLaO9
21795,Ru0.3La5.7O7
21796,Ru0.6La5.4O7
21797,Ru1.2La4.8O7
21798,Ru0.35La6.65O8
21799,Ru0.7La6.3O8
21800,Ru1.4La5.6O8
21801,Ru0.35La6.65O9
21802,Ru0.7La6.3O9
21803,Ru1.4La5.6O9
21804,Ru0.35La6.65O10
21805,Ru0.7La6.3O10
21806,Ru1.4La5.6O10
21807,Ru0.4La7.6O9
21808,Ru0.8La7.2O9
21809,Ru1.6La6.4O9
21810,Ru0.45La8.55O10
21811,Ru0.9La8.1O10
21812,Ru1.8La7.2O10
21813,Pd0.05La0.95O
21814,Pd0.1La0.9O
21815,Pd0.2La0.8O
21816,Pd0.05La0.95O2
21817,Pd0.1La0.9O2
21818,Pd0.2La0.8O2
21819,Pd0.05La0.95O3
21820,Pd0.1La0.9O3
21821,Pd0.2La0.8O3
21822,Pd0.05La0.95O4
21823,Pd0.1La0.9O4
21824,Pd0.2La0.8O4
21825,Pd0.05La0.95O5
21826,Pd0.1La0.9O5
21827,Pd0.2La0.8O5
21828,Pd0.05La0.95O6
21829,Pd0.1La0.9O6
21830,Pd0.2La0.8O6
21831,Pd0.05La0.95O7
21832,Pd0.1La0.9O7
21833,Pd0.2La0.8O7
21834,Pd0.05La0.95O8
21835,Pd0.1La0.9O8
21836,Pd0.2La0.8O8
21837,Pd0.05La0.95O9
21838,Pd0.1La0.9O9
21839,Pd0.2La0.8O9
21840,Pd0.05La0.95O10
21841,Pd0.1La0.9O10
21842,Pd0.2La0.8O10
21843,Pd0.1La1.9O3
21844,Pd0.2La1.8O3
21845,Pd0.4La1.6O3
21846,Pd0.1La1.9O5
21847,Pd0.2La1.8O5
21848,Pd0.4La1.6O5
21849,Pd0.1La1.9O7
21850,Pd0.2La1.8O7
21851,Pd0.4La1.6O7
21852,Pd0.1La1.9O9
21853,Pd0.2La1.8O9
21854,Pd0.4La1.6O9
21855,Pd0.15La2.85O4
21856,Pd0.3La2.7O4
21857,Pd0.6La2.4O4
21858,Pd0.15La2.85O5
21859,Pd0.3La2.7O5
21860,Pd0.6La2.4O5
21861,Pd0.15La2.85O7
21862,Pd0.3La2.7O7
21863,Pd0.6La2.4O7
21864,Pd0.15La2.85O8
21865,Pd0.3La2.7O8
21866,Pd0.6La2.4O8
21867,Pd0.15La2.85O10
21868,Pd0.3La2.7O10
21869,Pd0.6La2.4O10
21870,Pd0.2La3.8O5
21871,Pd0.4La3.6O5
21872,Pd0.8La3.2O5
21873,Pd0.2La3.8O7
21874,Pd0.4La3.6O7
21875,Pd0.8La3.2O7
21876,Pd0.2La3.8O9
21877,Pd0.4La3.6O9
21878,Pd0.8La3.2O9
21879,Pd0.25La4.75O6
21880,Pd0.5La4.5O6
21881,PdLaO6
21882,Pd0.25La4.75O7
21883,Pd0.5La4.5O7
21884,PdLaO7
21885,Pd0.25La4.75O8
21886,Pd0.5La4.5O8
21887,PdLaO8
21888,Pd0.25La4.75O9
21889,Pd0.5La4.5O9
21890,PdLaO9
21891,Pd0.3La5.7O7
21892,Pd0.6La5.4O7
21893,Pd1.2La4.8O7
21894,Pd0.35La6.65O8
21895,Pd0.7La6.3O8
21896,Pd1.4La5.6O8
21897,Pd0.35La6.65O9
21898,Pd0.7La6.3O9
21899,Pd1.4La5.6O9
21900,Pd0.35La6.65O10
21901,Pd0.7La6.3O10
21902,Pd1.4La5.6O10
21903,Pd0.4La7.6O9
21904,Pd0.8La7.2O9
21905,Pd1.6La6.4O9
21906,Pd0.45La8.55O10
21907,Pd0.9La8.1O10
21908,Pd1.8La7.2O10
21909,Ag0.05La0.95O
21910,Ag0.1La0.9O
21911,Ag0.2La0.8O
21912,Ag0.05La0.95O2
21913,Ag0.1La0.9O2
21914,Ag0.2La0.8O2
21915,Ag0.05La0.95O3
21916,Ag0.1La0.9O3
21917,Ag0.2La0.8O3
21918,Ag0.05La0.95O4
21919,Ag0.1La0.9O4
21920,Ag0.2La0.8O4
21921,Ag0.05La0.95O5
21922,Ag0.1La0.9O5
21923,Ag0.2La0.8O5
21924,Ag0.05La0.95O6
21925,Ag0.1La0.9O6
21926,Ag0.2La0.8O6
21927,Ag0.05La0.95O7
21928,Ag0.1La0.9O7
21929,Ag0.2La0.8O7
21930,Ag0.05La0.95O8
21931,Ag0.1La0.9O8
21932,Ag0.2La0.8O8
21933,Ag0.05La0.95O9
21934,Ag0.1La0.9O9
21935,Ag0.2La0.8O9
21936,Ag0.05La0.95O10
21937,Ag0.1La0.9O10
21938,Ag0.2La0.8O10
21939,Ag0.1La1.9O3
21940,Ag0.2La1.8O3
21941,Ag0.4La1.6O3
21942,Ag0.1La1.9O5
21943,Ag0.2La1.8O5
21944,Ag0.4La1.6O5
21945,Ag0.1La1.9O7
21946,Ag0.2La1.8O7
21947,Ag0.4La1.6O7
21948,Ag0.1La1.9O9
21949,Ag0.2La1.8O9
21950,Ag0.4La1.6O9
21951,Ag0.15La2.85O4
21952,Ag0.3La2.7O4
21953,Ag0.6La2.4O4
21954,Ag0.15La2.85O5
21955,Ag0.3La2.7O5
21956,Ag0.6La2.4O5
21957,Ag0.15La2.85O7
21958,Ag0.3La2.7O7
21959,Ag0.6La2.4O7
21960,Ag0.15La2.85O8
21961,Ag0.3La2.7O8
21962,Ag0.6La2.4O8
21963,Ag0.15La2.85O10
21964,Ag0.3La2.7O10
21965,Ag0.6La2.4O10
21966,Ag0.2La3.8O5
21967,Ag0.4La3.6O5
21968,Ag0.8La3.2O5
21969,Ag0.2La3.8O7
21970,Ag0.4La3.6O7
21971,Ag0.8La3.2O7
21972,Ag0.2La3.8O9
21973,Ag0.4La3.6O9
21974,Ag0.8La3.2O9
21975,Ag0.25La4.75O6
21976,Ag0.5La4.5O6
21977,AgLaO6
21978,Ag0.25La4.75O7
21979,Ag0.5La4.5O7
21980,AgLaO7
21981,Ag0.25La4.75O8
21982,Ag0.5La4.5O8
21983,AgLaO8
21984,Ag0.25La4.75O9
21985,Ag0.5La4.5O9
21986,AgLaO9
21987,Ag0.3La5.7O7
21988,Ag0.6La5.4O7
21989,Ag1.2La4.8O7
21990,Ag0.35La6.65O8
21991,Ag0.7La6.3O8
21992,Ag1.4La5.6O8
21993,Ag0.35La6.65O9
21994,Ag0.7La6.3O9
21995,Ag1.4La5.6O9
21996,Ag0.35La6.65O10
21997,Ag0.7La6.3O10
21998,Ag1.4La5.6O10
21999,Ag0.4La7.6O9
22000,Ag0.8La7.2O9
22001,Ag1.6La6.4O9
22002,Ag0.45La8.55O10
22003,Ag0.9La8.1O10
22004,Ag1.8La7.2O10
22005,Pt0.05La0.95O
22006,Pt0.1La0.9O
22007,Pt0.2La0.8O
22008,Pt0.05La0.95O2
22009,Pt0.1La0.9O2
22010,Pt0.2La0.8O2
22011,Pt0.05La0.95O3
22012,Pt0.1La0.9O3
22013,Pt0.2La0.8O3
22014,Pt0.05La0.95O4
22015,Pt0.1La0.9O4
22016,Pt0.2La0.8O4
22017,Pt0.05La0.95O5
22018,Pt0.1La0.9O5
22019,Pt0.2La0.8O5
22020,Pt0.05La0.95O6
22021,Pt0.1La0.9O6
22022,Pt0.2La0.8O6
22023,Pt0.05La0.95O7
22024,Pt0.1La0.9O7
22025,Pt0.2La0.8O7
22026,Pt0.05La0.95O8
22027,Pt0.1La0.9O8
22028,Pt0.2La0.8O8
22029,Pt0.05La0.95O9
22030,Pt0.1La0.9O9
22031,Pt0.2La0.8O9
22032,Pt0.05La0.95O10
22033,Pt0.1La0.9O10
22034,Pt0.2La0.8O10
22035,Pt0.1La1.9O3
22036,Pt0.2La1.8O3
22037,Pt0.4La1.6O3
22038,Pt0.1La1.9O5
22039,Pt0.2La1.8O5
22040,Pt0.4La1.6O5
22041,Pt0.1La1.9O7
22042,Pt0.2La1.8O7
22043,Pt0.4La1.6O7
22044,Pt0.1La1.9O9
22045,Pt0.2La1.8O9
22046,Pt0.4La1.6O9
22047,Pt0.15La2.85O4
22048,Pt0.3La2.7O4
22049,Pt0.6La2.4O4
22050,Pt0.15La2.85O5
22051,Pt0.3La2.7O5
22052,Pt0.6La2.4O5
22053,Pt0.15La2.85O7
22054,Pt0.3La2.7O7
22055,Pt0.6La2.4O7
22056,Pt0.15La2.85O8
22057,Pt0.3La2.7O8
22058,Pt0.6La2.4O8
22059,Pt0.15La2.85O10
22060,Pt0.3La2.7O10
22061,Pt0.6La2.4O10
22062,Pt0.2La3.8O5
22063,Pt0.4La3.6O5
22064,Pt0.8La3.2O5
22065,Pt0.2La3.8O7
22066,Pt0.4La3.6O7
22067,Pt0.8La3.2O7
22068,Pt0.2La3.8O9
22069,Pt0.4La3.6O9
22070,Pt0.8La3.2O9
22071,Pt0.25La4.75O6
22072,Pt0.5La4.5O6
22073,PtLaO6
22074,Pt0.25La4.75O7
22075,Pt0.5La4.5O7
22076,PtLaO7
22077,Pt0.25La4.75O8
22078,Pt0.5La4.5O8
22079,PtLaO8
22080,Pt0.25La4.75O9
22081,Pt0.5La4.5O9
22082,PtLaO9
22083,Pt0.3La5.7O7
22084,Pt0.6La5.4O7
22085,Pt1.2La4.8O7
22086,Pt0.35La6.65O8
22087,Pt0.7La6.3O8
22088,Pt1.4La5.6O8
22089,Pt0.35La6.65O9
22090,Pt0.7La6.3O9
22091,Pt1.4La5.6O9
22092,Pt0.35La6.65O10
22093,Pt0.7La6.3O10
22094,Pt1.4La5.6O10
22095,Pt0.4La7.6O9
22096,Pt0.8La7.2O9
22097,Pt1.6La6.4O9
22098,Pt0.45La8.55O10
22099,Pt0.9La8.1O10
22100,Pt1.8La7.2O10
22101,Mn0.05Ce0.95O
22102,Mn0.1Ce0.9O
22103,Mn0.2Ce0.8O
22104,Mn0.05Ce0.95O2
22105,Mn0.1Ce0.9O2
22106,Mn0.2Ce0.8O2
22107,Mn0.05Ce0.95O3
22108,Mn0.1Ce0.9O3
22109,Mn0.2Ce0.8O3
22110,Mn0.05Ce0.95O4
22111,Mn0.1Ce0.9O4
22112,Mn0.2Ce0.8O4
22113,Mn0.05Ce0.95O5
22114,Mn0.1Ce0.9O5
22115,Mn0.2Ce0.8O5
22116,Mn0.05Ce0.95O6
22117,Mn0.1Ce0.9O6
22118,Mn0.2Ce0.8O6
22119,Mn0.05Ce0.95O7
22120,Mn0.1Ce0.9O7
22121,Mn0.2Ce0.8O7
22122,Mn0.05Ce0.95O8
22123,Mn0.1Ce0.9O8
22124,Mn0.2Ce0.8O8
22125,Mn0.05Ce0.95O9
22126,Mn0.1Ce0.9O9
22127,Mn0.2Ce0.8O9
22128,Mn0.05Ce0.95O10
22129,Mn0.1Ce0.9O10
22130,Mn0.2Ce0.8O10
22131,Mn0.1Ce1.9O3
22132,Mn0.2Ce1.8O3
22133,Mn0.4Ce1.6O3
22134,Mn0.1Ce1.9O5
22135,Mn0.2Ce1.8O5
22136,Mn0.4Ce1.6O5
22137,Mn0.1Ce1.9O7
22138,Mn0.2Ce1.8O7
22139,Mn0.4Ce1.6O7
22140,Mn0.1Ce1.9O9
22141,Mn0.2Ce1.8O9
22142,Mn0.4Ce1.6O9
22143,Mn0.15Ce2.85O4
22144,Mn0.3Ce2.7O4
22145,Mn0.6Ce2.4O4
22146,Mn0.15Ce2.85O5
22147,Mn0.3Ce2.7O5
22148,Mn0.6Ce2.4O5
22149,Mn0.15Ce2.85O7
22150,Mn0.3Ce2.7O7
22151,Mn0.6Ce2.4O7
22152,Mn0.15Ce2.85O8
22153,Mn0.3Ce2.7O8
22154,Mn0.6Ce2.4O8
22155,Mn0.15Ce2.85O10
22156,Mn0.3Ce2.7O10
22157,Mn0.6Ce2.4O10
22158,Mn0.2Ce3.8O5
22159,Mn0.4Ce3.6O5
22160,Mn0.8Ce3.2O5
22161,Mn0.2Ce3.8O7
22162,Mn0.4Ce3.6O7
22163,Mn0.8Ce3.2O7
22164,Mn0.2Ce3.8O9
22165,Mn0.4Ce3.6O9
22166,Mn0.8Ce3.2O9
22167,Mn0.25Ce4.75O6
22168,Mn0.5Ce4.5O6
22169,MnCeO6
22170,Mn0.25Ce4.75O7
22171,Mn0.5Ce4.5O7
22172,MnCeO7
22173,Mn0.25Ce4.75O8
22174,Mn0.5Ce4.5O8
22175,MnCeO8
22176,Mn0.25Ce4.75O9
22177,Mn0.5Ce4.5O9
22178,MnCeO9
22179,Mn0.3Ce5.7O7
22180,Mn0.6Ce5.4O7
22181,Mn1.2Ce4.8O7
22182,Mn0.35Ce6.65O8
22183,Mn0.7Ce6.3O8
22184,Mn1.4Ce5.6O8
22185,Mn0.35Ce6.65O9
22186,Mn0.7Ce6.3O9
22187,Mn1.4Ce5.6O9
22188,Mn0.35Ce6.65O10
22189,Mn0.7Ce6.3O10
22190,Mn1.4Ce5.6O10
22191,Mn0.4Ce7.6O9
22192,Mn0.8Ce7.2O9
22193,Mn1.6Ce6.4O9
22194,Mn0.45Ce8.55O10
22195,Mn0.9Ce8.1O10
22196,Mn1.8Ce7.2O10
22197,Fe0.05Ce0.95O
22198,Fe0.1Ce0.9O
22199,Fe0.2Ce0.8O
22200,Fe0.05Ce0.95O2
22201,Fe0.1Ce0.9O2
22202,Fe0.2Ce0.8O2
22203,Fe0.05Ce0.95O3
22204,Fe0.1Ce0.9O3
22205,Fe0.2Ce0.8O3
22206,Fe0.05Ce0.95O4
22207,Fe0.1Ce0.9O4
22208,Fe0.2Ce0.8O4
22209,Fe0.05Ce0.95O5
22210,Fe0.1Ce0.9O5
22211,Fe0.2Ce0.8O5
22212,Fe0.05Ce0.95O6
22213,Fe0.1Ce0.9O6
22214,Fe0.2Ce0.8O6
22215,Fe0.05Ce0.95O7
22216,Fe0.1Ce0.9O7
22217,Fe0.2Ce0.8O7
22218,Fe0.05Ce0.95O8
22219,Fe0.1Ce0.9O8
22220,Fe0.2Ce0.8O8
22221,Fe0.05Ce0.95O9
22222,Fe0.1Ce0.9O9
22223,Fe0.2Ce0.8O9
22224,Fe0.05Ce0.95O10
22225,Fe0.1Ce0.9O10
22226,Fe0.2Ce0.8O10
22227,Fe0.1Ce1.9O3
22228,Fe0.2Ce1.8O3
22229,Fe0.4Ce1.6O3
22230,Fe0.1Ce1.9O5
22231,Fe0.2Ce1.8O5
22232,Fe0.4Ce1.6O5
22233,Fe0.1Ce1.9O7
22234,Fe0.2Ce1.8O7
22235,Fe0.4Ce1.6O7
22236,Fe0.1Ce1.9O9
22237,Fe0.2Ce1.8O9
22238,Fe0.4Ce1.6O9
22239,Fe0.15Ce2.85O4
22240,Fe0.3Ce2.7O4
22241,Fe0.6Ce2.4O4
22242,Fe0.15Ce2.85O5
22243,Fe0.3Ce2.7O5
22244,Fe0.6Ce2.4O5
22245,Fe0.15Ce2.85O7
22246,Fe0.3Ce2.7O7
22247,Fe0.6Ce2.4O7
22248,Fe0.15Ce2.85O8
22249,Fe0.3Ce2.7O8
22250,Fe0.6Ce2.4O8
22251,Fe0.15Ce2.85O10
22252,Fe0.3Ce2.7O10
22253,Fe0.6Ce2.4O10
22254,Fe0.2Ce3.8O5
22255,Fe0.4Ce3.6O5
22256,Fe0.8Ce3.2O5
22257,Fe0.2Ce3.8O7
22258,Fe0.4Ce3.6O7
22259,Fe0.8Ce3.2O7
22260,Fe0.2Ce3.8O9
22261,Fe0.4Ce3.6O9
22262,Fe0.8Ce3.2O9
22263,Fe0.25Ce4.75O6
22264,Fe0.5Ce4.5O6
22265,FeCeO6
22266,Fe0.25Ce4.75O7
22267,Fe0.5Ce4.5O7
22268,FeCeO7
22269,Fe0.25Ce4.75O8
22270,Fe0.5Ce4.5O8
22271,FeCeO8
22272,Fe0.25Ce4.75O9
22273,Fe0.5Ce4.5O9
22274,FeCeO9
22275,Fe0.3Ce5.7O7
22276,Fe0.6Ce5.4O7
22277,Fe1.2Ce4.8O7
22278,Fe0.35Ce6.65O8
22279,Fe0.7Ce6.3O8
22280,Fe1.4Ce5.6O8
22281,Fe0.35Ce6.65O9
22282,Fe0.7Ce6.3O9
22283,Fe1.4Ce5.6O9
22284,Fe0.35Ce6.65O10
22285,Fe0.7Ce6.3O10
22286,Fe1.4Ce5.6O10
22287,Fe0.4Ce7.6O9
22288,Fe0.8Ce7.2O9
22289,Fe1.6Ce6.4O9
22290,Fe0.45Ce8.55O10
22291,Fe0.9Ce8.1O10
22292,Fe1.8Ce7.2O10
22293,Co0.05Ce0.95O
22294,Co0.1Ce0.9O
22295,Co0.2Ce0.8O
22296,Co0.05Ce0.95O2
22297,Co0.1Ce0.9O2
22298,Co0.2Ce0.8O2
22299,Co0.05Ce0.95O3
22300,Co0.1Ce0.9O3
22301,Co0.2Ce0.8O3
22302,Co0.05Ce0.95O4
22303,Co0.1Ce0.9O4
22304,Co0.2Ce0.8O4
22305,Co0.05Ce0.95O5
22306,Co0.1Ce0.9O5
22307,Co0.2Ce0.8O5
22308,Co0.05Ce0.95O6
22309,Co0.1Ce0.9O6
22310,Co0.2Ce0.8O6
22311,Co0.05Ce0.95O7
22312,Co0.1Ce0.9O7
22313,Co0.2Ce0.8O7
22314,Co0.05Ce0.95O8
22315,Co0.1Ce0.9O8
22316,Co0.2Ce0.8O8
22317,Co0.05Ce0.95O9
22318,Co0.1Ce0.9O9
22319,Co0.2Ce0.8O9
22320,Co0.05Ce0.95O10
22321,Co0.1Ce0.9O10
22322,Co0.2Ce0.8O10
22323,Co0.1Ce1.9O3
22324,Co0.2Ce1.8O3
22325,Co0.4Ce1.6O3
22326,Co0.1Ce1.9O5
22327,Co0.2Ce1.8O5
22328,Co0.4Ce1.6O5
22329,Co0.1Ce1.9O7
22330,Co0.2Ce1.8O7
22331,Co0.4Ce1.6O7
22332,Co0.1Ce1.9O9
22333,Co0.2Ce1.8O9
22334,Co0.4Ce1.6O9
22335,Co0.15Ce2.85O4
22336,Co0.3Ce2.7O4
22337,Co0.6Ce2.4O4
22338,Co0.15Ce2.85O5
22339,Co0.3Ce2.7O5
22340,Co0.6Ce2.4O5
22341,Co0.15Ce2.85O7
22342,Co0.3Ce2.7O7
22343,Co0.6Ce2.4O7
22344,Co0.15Ce2.85O8
22345,Co0.3Ce2.7O8
22346,Co0.6Ce2.4O8
22347,Co0.15Ce2.85O10
22348,Co0.3Ce2.7O10
22349,Co0.6Ce2.4O10
22350,Co0.2Ce3.8O5
22351,Co0.4Ce3.6O5
22352,Co0.8Ce3.2O5
22353,Co0.2Ce3.8O7
22354,Co0.4Ce3.6O7
22355,Co0.8Ce3.2O7
22356,Co0.2Ce3.8O9
22357,Co0.4Ce3.6O9
22358,Co0.8Ce3.2O9
22359,Co0.25Ce4.75O6
22360,Co0.5Ce4.5O6
22361,CoCeO6
22362,Co0.25Ce4.75O7
22363,Co0.5Ce4.5O7
22364,CoCeO7
22365,Co0.25Ce4.75O8
22366,Co0.5Ce4.5O8
22367,CoCeO8
22368,Co0.25Ce4.75O9
22369,Co0.5Ce4.5O9
22370,CoCeO9
22371,Co0.3Ce5.7O7
22372,Co0.6Ce5.4O7
22373,Co1.2Ce4.8O7
22374,Co0.35Ce6.65O8
22375,Co0.7Ce6.3O8
22376,Co1.4Ce5.6O8
22377,Co0.35Ce6.65O9
22378,Co0.7Ce6.3O9
22379,Co1.4Ce5.6O9
22380,Co0.35Ce6.65O10
22381,Co0.7Ce6.3O10
22382,Co1.4Ce5.6O10
22383,Co0.4Ce7.6O9
22384,Co0.8Ce7.2O9
22385,Co1.6Ce6.4O9
22386,Co0.45Ce8.55O10
22387,Co0.9Ce8.1O10
22388,Co1.8Ce7.2O10
22389,Ni0.05Ce0.95O
22390,Ni0.1Ce0.9O
22391,Ni0.2Ce0.8O
22392,Ni0.05Ce0.95O2
22393,Ni0.1Ce0.9O2
22394,Ni0.2Ce0.8O2
22395,Ni0.05Ce0.95O3
22396,Ni0.1Ce0.9O3
22397,Ni0.2Ce0.8O3
22398,Ni0.05Ce0.95O4
22399,Ni0.1Ce0.9O4
22400,Ni0.2Ce0.8O4
22401,Ni0.05Ce0.95O5
22402,Ni0.1Ce0.9O5
22403,Ni0.2Ce0.8O5
22404,Ni0.05Ce0.95O6
22405,Ni0.1Ce0.9O6
22406,Ni0.2Ce0.8O6
22407,Ni0.05Ce0.95O7
22408,Ni0.1Ce0.9O7
22409,Ni0.2Ce0.8O7
22410,Ni0.05Ce0.95O8
22411,Ni0.1Ce0.9O8
22412,Ni0.2Ce0.8O8
22413,Ni0.05Ce0.95O9
22414,Ni0.1Ce0.9O9
22415,Ni0.2Ce0.8O9
22416,Ni0.05Ce0.95O10
22417,Ni0.1Ce0.9O10
22418,Ni0.2Ce0.8O10
22419,Ni0.1Ce1.9O3
22420,Ni0.2Ce1.8O3
22421,Ni0.4Ce1.6O3
22422,Ni0.1Ce1.9O5
22423,Ni0.2Ce1.8O5
22424,Ni0.4Ce1.6O5
22425,Ni0.1Ce1.9O7
22426,Ni0.2Ce1.8O7
22427,Ni0.4Ce1.6O7
22428,Ni0.1Ce1.9O9
22429,Ni0.2Ce1.8O9
22430,Ni0.4Ce1.6O9
22431,Ni0.15Ce2.85O4
22432,Ni0.3Ce2.7O4
22433,Ni0.6Ce2.4O4
22434,Ni0.15Ce2.85O5
22435,Ni0.3Ce2.7O5
22436,Ni0.6Ce2.4O5
22437,Ni0.15Ce2.85O7
22438,Ni0.3Ce2.7O7
22439,Ni0.6Ce2.4O7
22440,Ni0.15Ce2.85O8
22441,Ni0.3Ce2.7O8
22442,Ni0.6Ce2.4O8
22443,Ni0.15Ce2.85O10
22444,Ni0.3Ce2.7O10
22445,Ni0.6Ce2.4O10
22446,Ni0.2Ce3.8O5
22447,Ni0.4Ce3.6O5
22448,Ni0.8Ce3.2O5
22449,Ni0.2Ce3.8O7
22450,Ni0.4Ce3.6O7
22451,Ni0.8Ce3.2O7
22452,Ni0.2Ce3.8O9
22453,Ni0.4Ce3.6O9
22454,Ni0.8Ce3.2O9
22455,Ni0.25Ce4.75O6
22456,Ni0.5Ce4.5O6
22457,NiCeO6
22458,Ni0.25Ce4.75O7
22459,Ni0.5Ce4.5O7
22460,NiCeO7
22461,Ni0.25Ce4.75O8
22462,Ni0.5Ce4.5O8
22463,NiCeO8
22464,Ni0.25Ce4.75O9
22465,Ni0.5Ce4.5O9
22466,NiCeO9
22467,Ni0.3Ce5.7O7
22468,Ni0.6Ce5.4O7
22469,Ni1.2Ce4.8O7
22470,Ni0.35Ce6.65O8
22471,Ni0.7Ce6.3O8
22472,Ni1.4Ce5.6O8
22473,Ni0.35Ce6.65O9
22474,Ni0.7Ce6.3O9
22475,Ni1.4Ce5.6O9
22476,Ni0.35Ce6.65O10
22477,Ni0.7Ce6.3O10
22478,Ni1.4Ce5.6O10
22479,Ni0.4Ce7.6O9
22480,Ni0.8Ce7.2O9
22481,Ni1.6Ce6.4O9
22482,Ni0.45Ce8.55O10
22483,Ni0.9Ce8.1O10
22484,Ni1.8Ce7.2O10
22485,Ru0.05Ce0.95O
22486,Ru0.1Ce0.9O
22487,Ru0.2Ce0.8O
22488,Ru0.05Ce0.95O2
22489,Ru0.1Ce0.9O2
22490,Ru0.2Ce0.8O2
22491,Ru0.05Ce0.95O3
22492,Ru0.1Ce0.9O3
22493,Ru0.2Ce0.8O3
22494,Ru0.05Ce0.95O4
22495,Ru0.1Ce0.9O4
22496,Ru0.2Ce0.8O4
22497,Ru0.05Ce0.95O5
22498,Ru0.1Ce0.9O5
22499,Ru0.2Ce0.8O5
22500,Ru0.05Ce0.95O6
22501,Ru0.1Ce0.9O6
22502,Ru0.2Ce0.8O6
22503,Ru0.05Ce0.95O7
22504,Ru0.1Ce0.9O7
22505,Ru0.2Ce0.8O7
22506,Ru0.05Ce0.95O8
22507,Ru0.1Ce0.9O8
22508,Ru0.2Ce0.8O8
22509,Ru0.05Ce0.95O9
22510,Ru0.1Ce0.9O9
22511,Ru0.2Ce0.8O9
22512,Ru0.05Ce0.95O10
22513,Ru0.1Ce0.9O10
22514,Ru0.2Ce0.8O10
22515,Ru0.1Ce1.9O3
22516,Ru0.2Ce1.8O3
22517,Ru0.4Ce1.6O3
22518,Ru0.1Ce1.9O5
22519,Ru0.2Ce1.8O5
22520,Ru0.4Ce1.6O5
22521,Ru0.1Ce1.9O7
22522,Ru0.2Ce1.8O7
22523,Ru0.4Ce1.6O7
22524,Ru0.1Ce1.9O9
22525,Ru0.2Ce1.8O9
22526,Ru0.4Ce1.6O9
22527,Ru0.15Ce2.85O4
22528,Ru0.3Ce2.7O4
22529,Ru0.6Ce2.4O4
22530,Ru0.15Ce2.85O5
22531,Ru0.3Ce2.7O5
22532,Ru0.6Ce2.4O5
22533,Ru0.15Ce2.85O7
22534,Ru0.3Ce2.7O7
22535,Ru0.6Ce2.4O7
22536,Ru0.15Ce2.85O8
22537,Ru0.3Ce2.7O8
22538,Ru0.6Ce2.4O8
22539,Ru0.15Ce2.85O10
22540,Ru0.3Ce2.7O10
22541,Ru0.6Ce2.4O10
22542,Ru0.2Ce3.8O5
22543,Ru0.4Ce3.6O5
22544,Ru0.8Ce3.2O5
22545,Ru0.2Ce3.8O7
22546,Ru0.4Ce3.6O7
22547,Ru0.8Ce3.2O7
22548,Ru0.2Ce3.8O9
22549,Ru0.4Ce3.6O9
22550,Ru0.8Ce3.2O9
22551,Ru0.25Ce4.75O6
22552,Ru0.5Ce4.5O6
22553,RuCeO6
22554,Ru0.25Ce4.75O7
22555,Ru0.5Ce4.5O7
22556,RuCeO7
22557,Ru0.25Ce4.75O8
22558,Ru0.5Ce4.5O8
22559,RuCeO8
22560,Ru0.25Ce4.75O9
22561,Ru0.5Ce4.5O9
22562,RuCeO9
22563,Ru0.3Ce5.7O7
22564,Ru0.6Ce5.4O7
22565,Ru1.2Ce4.8O7
22566,Ru0.35Ce6.65O8
22567,Ru0.7Ce6.3O8
22568,Ru1.4Ce5.6O8
22569,Ru0.35Ce6.65O9
22570,Ru0.7Ce6.3O9
22571,Ru1.4Ce5.6O9
22572,Ru0.35Ce6.65O10
22573,Ru0.7Ce6.3O10
22574,Ru1.4Ce5.6O10
22575,Ru0.4Ce7.6O9
22576,Ru0.8Ce7.2O9
22577,Ru1.6Ce6.4O9
22578,Ru0.45Ce8.55O10
22579,Ru0.9Ce8.1O10
22580,Ru1.8Ce7.2O10
22581,Pd0.05Ce0.95O
22582,Pd0.1Ce0.9O
22583,Pd0.2Ce0.8O
22584,Pd0.05Ce0.95O2
22585,Pd0.1Ce0.9O2
22586,Pd0.2Ce0.8O2
22587,Pd0.05Ce0.95O3
22588,Pd0.1Ce0.9O3
22589,Pd0.2Ce0.8O3
22590,Pd0.05Ce0.95O4
22591,Pd0.1Ce0.9O4
22592,Pd0.2Ce0.8O4
22593,Pd0.05Ce0.95O5
22594,Pd0.1Ce0.9O5
22595,Pd0.2Ce0.8O5
22596,Pd0.05Ce0.95O6
22597,Pd0.1Ce0.9O6
22598,Pd0.2Ce0.8O6
22599,Pd0.05Ce0.95O7
22600,Pd0.1Ce0.9O7
22601,Pd0.2Ce0.8O7
22602,Pd0.05Ce0.95O8
22603,Pd0.1Ce0.9O8
22604,Pd0.2Ce0.8O8
22605,Pd0.05Ce0.95O9
22606,Pd0.1Ce0.9O9
22607,Pd0.2Ce0.8O9
22608,Pd0.05Ce0.95O10
22609,Pd0.1Ce0.9O10
22610,Pd0.2Ce0.8O10
22611,Pd0.1Ce1.9O3
22612,Pd0.2Ce1.8O3
22613,Pd0.4Ce1.6O3
22614,Pd0.1Ce1.9O5
22615,Pd0.2Ce1.8O5
22616,Pd0.4Ce1.6O5
22617,Pd0.1Ce1.9O7
22618,Pd0.2Ce1.8O7
22619,Pd0.4Ce1.6O7
22620,Pd0.1Ce1.9O9
22621,Pd0.2Ce1.8O9
22622,Pd0.4Ce1.6O9
22623,Pd0.15Ce2.85O4
22624,Pd0.3Ce2.7O4
22625,Pd0.6Ce2.4O4
22626,Pd0.15Ce2.85O5
22627,Pd0.3Ce2.7O5
22628,Pd0.6Ce2.4O5
22629,Pd0.15Ce2.85O7
22630,Pd0.3Ce2.7O7
22631,Pd0.6Ce2.4O7
22632,Pd0.15Ce2.85O8
22633,Pd0.3Ce2.7O8
22634,Pd0.6Ce2.4O8
22635,Pd0.15Ce2.85O10
22636,Pd0.3Ce2.7O10
22637,Pd0.6Ce2.4O10
22638,Pd0.2Ce3.8O5
22639,Pd0.4Ce3.6O5
22640,Pd0.8Ce3.2O5
22641,Pd0.2Ce3.8O7
22642,Pd0.4Ce3.6O7
22643,Pd0.8Ce3.2O7
22644,Pd0.2Ce3.8O9
22645,Pd0.4Ce3.6O9
22646,Pd0.8Ce3.2O9
22647,Pd0.25Ce4.75O6
22648,Pd0.5Ce4.5O6
22649,PdCeO6
22650,Pd0.25Ce4.75O7
22651,Pd0.5Ce4.5O7
22652,PdCeO7
22653,Pd0.25Ce4.75O8
22654,Pd0.5Ce4.5O8
22655,PdCeO8
22656,Pd0.25Ce4.75O9
22657,Pd0.5Ce4.5O9
22658,PdCeO9
22659,Pd0.3Ce5.7O7
22660,Pd0.6Ce5.4O7
22661,Pd1.2Ce4.8O7
22662,Pd0.35Ce6.65O8
22663,Pd0.7Ce6.3O8
22664,Pd1.4Ce5.6O8
22665,Pd0.35Ce6.65O9
22666,Pd0.7Ce6.3O9
22667,Pd1.4Ce5.6O9
22668,Pd0.35Ce6.65O10
22669,Pd0.7Ce6.3O10
22670,Pd1.4Ce5.6O10
22671,Pd0.4Ce7.6O9
22672,Pd0.8Ce7.2O9
22673,Pd1.6Ce6.4O9
22674,Pd0.45Ce8.55O10
22675,Pd0.9Ce8.1O10
22676,Pd1.8Ce7.2O10
22677,Ag0.05Ce0.95O
22678,Ag0.1Ce0.9O
22679,Ag0.2Ce0.8O
22680,Ag0.05Ce0.95O2
22681,Ag0.1Ce0.9O2
22682,Ag0.2Ce0.8O2
22683,Ag0.05Ce0.95O3
22684,Ag0.1Ce0.9O3
22685,Ag0.2Ce0.8O3
22686,Ag0.05Ce0.95O4
22687,Ag0.1Ce0.9O4
22688,Ag0.2Ce0.8O4
22689,Ag0.05Ce0.95O5
22690,Ag0.1Ce0.9O5
22691,Ag0.2Ce0.8O5
22692,Ag0.05Ce0.95O6
22693,Ag0.1Ce0.9O6
22694,Ag0.2Ce0.8O6
22695,Ag0.05Ce0.95O7
22696,Ag0.1Ce0.9O7
22697,Ag0.2Ce0.8O7
22698,Ag0.05Ce0.95O8
22699,Ag0.1Ce0.9O8
22700,Ag0.2Ce0.8O8
22701,Ag0.05Ce0.95O9
22702,Ag0.1Ce0.9O9
22703,Ag0.2Ce0.8O9
22704,Ag0.05Ce0.95O10
22705,Ag0.1Ce0.9O10
22706,Ag0.2Ce0.8O10
22707,Ag0.1Ce1.9O3
22708,Ag0.2Ce1.8O3
22709,Ag0.4Ce1.6O3
22710,Ag0.1Ce1.9O5
22711,Ag0.2Ce1.8O5
22712,Ag0.4Ce1.6O5
22713,Ag0.1Ce1.9O7
22714,Ag0.2Ce1.8O7
22715,Ag0.4Ce1.6O7
22716,Ag0.1Ce1.9O9
22717,Ag0.2Ce1.8O9
22718,Ag0.4Ce1.6O9
22719,Ag0.15Ce2.85O4
22720,Ag0.3Ce2.7O4
22721,Ag0.6Ce2.4O4
22722,Ag0.15Ce2.85O5
22723,Ag0.3Ce2.7O5
22724,Ag0.6Ce2.4O5
22725,Ag0.15Ce2.85O7
22726,Ag0.3Ce2.7O7
22727,Ag0.6Ce2.4O7
22728,Ag0.15Ce2.85O8
22729,Ag0.3Ce2.7O8
22730,Ag0.6Ce2.4O8
22731,Ag0.15Ce2.85O10
22732,Ag0.3Ce2.7O10
22733,Ag0.6Ce2.4O10
22734,Ag0.2Ce3.8O5
22735,Ag0.4Ce3.6O5
22736,Ag0.8Ce3.2O5
22737,Ag0.2Ce3.8O7
22738,Ag0.4Ce3.6O7
22739,Ag0.8Ce3.2O7
22740,Ag0.2Ce3.8O9
22741,Ag0.4Ce3.6O9
22742,Ag0.8Ce3.2O9
22743,Ag0.25Ce4.75O6
22744,Ag0.5Ce4.5O6
22745,AgCeO6
22746,Ag0.25Ce4.75O7
22747,Ag0.5Ce4.5O7
22748,AgCeO7
22749,Ag0.25Ce4.75O8
22750,Ag0.5Ce4.5O8
22751,AgCeO8
22752,Ag0.25Ce4.75O9
22753,Ag0.5Ce4.5O9
22754,AgCeO9
22755,Ag0.3Ce5.7O7
22756,Ag0.6Ce5.4O7
22757,Ag1.2Ce4.8O7
22758,Ag0.35Ce6.65O8
22759,Ag0.7Ce6.3O8
22760,Ag1.4Ce5.6O8
22761,Ag0.35Ce6.65O9
22762,Ag0.7Ce6.3O9
22763,Ag1.4Ce5.6O9
22764,Ag0.35Ce6.65O10
22765,Ag0.7Ce6.3O10
22766,Ag1.4Ce5.6O10
22767,Ag0.4Ce7.6O9
22768,Ag0.8Ce7.2O9
22769,Ag1.6Ce6.4O9
22770,Ag0.45Ce8.55O10
22771,Ag0.9Ce8.1O10
22772,Ag1.8Ce7.2O10
22773,Pt0.05Ce0.95O
22774,Pt0.1Ce0.9O
22775,Pt0.2Ce0.8O
22776,Pt0.05Ce0.95O2
22777,Pt0.1Ce0.9O2
22778,Pt0.2Ce0.8O2
22779,Pt0.05Ce0.95O3
22780,Pt0.1Ce0.9O3
22781,Pt0.2Ce0.8O3
22782,Pt0.05Ce0.95O4
22783,Pt0.1Ce0.9O4
22784,Pt0.2Ce0.8O4
22785,Pt0.05Ce0.95O5
22786,Pt0.1Ce0.9O5
22787,Pt0.2Ce0.8O5
22788,Pt0.05Ce0.95O6
22789,Pt0.1Ce0.9O6
22790,Pt0.2Ce0.8O6
22791,Pt0.05Ce0.95O7
22792,Pt0.1Ce0.9O7
22793,Pt0.2Ce0.8O7
22794,Pt0.05Ce0.95O8
22795,Pt0.1Ce0.9O8
22796,Pt0.2Ce0.8O8
22797,Pt0.05Ce0.95O9
22798,Pt0.1Ce0.9O9
22799,Pt0.2Ce0.8O9
22800,Pt0.05Ce0.95O10
22801,Pt0.1Ce0.9O10
22802,Pt0.2Ce0.8O10
22803,Pt0.1Ce1.9O3
22804,Pt0.2Ce1.8O3
22805,Pt0.4Ce1.6O3
22806,Pt0.1Ce1.9O5
22807,Pt0.2Ce1.8O5
22808,Pt0.4Ce1.6O5
22809,Pt0.1Ce1.9O7
22810,Pt0.2Ce1.8O7
22811,Pt0.4Ce1.6O7
22812,Pt0.1Ce1.9O9
22813,Pt0.2Ce1.8O9
22814,Pt0.4Ce1.6O9
22815,Pt0.15Ce2.85O4
22816,Pt0.3Ce2.7O4
22817,Pt0.6Ce2.4O4
22818,Pt0.15Ce2.85O5
22819,Pt0.3Ce2.7O5
22820,Pt0.6Ce2.4O5
22821,Pt0.15Ce2.85O7
22822,Pt0.3Ce2.7O7
22823,Pt0.6Ce2.4O7
22824,Pt0.15Ce2.85O8
22825,Pt0.3Ce2.7O8
22826,Pt0.6Ce2.4O8
22827,Pt0.15Ce2.85O10
22828,Pt0.3Ce2.7O10
22829,Pt0.6Ce2.4O10
22830,Pt0.2Ce3.8O5
22831,Pt0.4Ce3.6O5
22832,Pt0.8Ce3.2O5
22833,Pt0.2Ce3.8O7
22834,Pt0.4Ce3.6O7
22835,Pt0.8Ce3.2O7
22836,Pt0.2Ce3.8O9
22837,Pt0.4Ce3.6O9
22838,Pt0.8Ce3.2O9
22839,Pt0.25Ce4.75O6
22840,Pt0.5Ce4.5O6
22841,PtCeO6
22842,Pt0.25Ce4.75O7
22843,Pt0.5Ce4.5O7
22844,PtCeO7
22845,Pt0.25Ce4.75O8
22846,Pt0.5Ce4.5O8
22847,PtCeO8
22848,Pt0.25Ce4.75O9
22849,Pt0.5Ce4.5O9
22850,PtCeO9
22851,Pt0.3Ce5.7O7
22852,Pt0.6Ce5.4O7
22853,Pt1.2Ce4.8O7
22854,Pt0.35Ce6.65O8
22855,Pt0.7Ce6.3O8
22856,Pt1.4Ce5.6O8
22857,Pt0.35Ce6.65O9
22858,Pt0.7Ce6.3O9
22859,Pt1.4Ce5.6O9
22860,Pt0.35Ce6.65O10
22861,Pt0.7Ce6.3O10
22862,Pt1.4Ce5.6O10
22863,Pt0.4Ce7.6O9
22864,Pt0.8Ce7.2O9
22865,Pt1.6Ce6.4O9
22866,Pt0.45Ce8.55O10
22867,Pt0.9Ce8.1O10
22868,Pt1.8Ce7.2O10
22869,Mn0.05Al0.95O
22870,Mn0.1Al0.9O
22871,Mn0.2Al0.8O
22872,Mn0.05Al0.95O2
22873,Mn0.1Al0.9O2
22874,Mn0.2Al0.8O2
22875,Mn0.05Al0.95O3
22876,Mn0.1Al0.9O3
22877,Mn0.2Al0.8O3
22878,Mn0.05Al0.95O4
22879,Mn0.1Al0.9O4
22880,Mn0.2Al0.8O4
22881,Mn0.05Al0.95O5
22882,Mn0.1Al0.9O5
22883,Mn0.2Al0.8O5
22884,Mn0.05Al0.95O6
22885,Mn0.1Al0.9O6
22886,Mn0.2Al0.8O6
22887,Mn0.05Al0.95O7
22888,Mn0.1Al0.9O7
22889,Mn0.2Al0.8O7
22890,Mn0.05Al0.95O8
22891,Mn0.1Al0.9O8
22892,Mn0.2Al0.8O8
22893,Mn0.05Al0.95O9
22894,Mn0.1Al0.9O9
22895,Mn0.2Al0.8O9
22896,Mn0.05Al0.95O10
22897,Mn0.1Al0.9O10
22898,Mn0.2Al0.8O10
22899,Mn0.1Al1.9O3
22900,Mn0.2Al1.8O3
22901,Mn0.4Al1.6O3
22902,Mn0.1Al1.9O5
22903,Mn0.2Al1.8O5
22904,Mn0.4Al1.6O5
22905,Mn0.1Al1.9O7
22906,Mn0.2Al1.8O7
22907,Mn0.4Al1.6O7
22908,Mn0.1Al1.9O9
22909,Mn0.2Al1.8O9
22910,Mn0.4Al1.6O9
22911,Mn0.15Al2.85O4
22912,Mn0.3Al2.7O4
22913,Mn0.6Al2.4O4
22914,Mn0.15Al2.85O5
22915,Mn0.3Al2.7O5
22916,Mn0.6Al2.4O5
22917,Mn0.15Al2.85O7
22918,Mn0.3Al2.7O7
22919,Mn0.6Al2.4O7
22920,Mn0.15Al2.85O8
22921,Mn0.3Al2.7O8
22922,Mn0.6Al2.4O8
22923,Mn0.15Al2.85O10
22924,Mn0.3Al2.7O10
22925,Mn0.6Al2.4O10
22926,Mn0.2Al3.8O5
22927,Mn0.4Al3.6O5
22928,Mn0.8Al3.2O5
22929,Mn0.2Al3.8O7
22930,Mn0.4Al3.6O7
22931,Mn0.8Al3.2O7
22932,Mn0.2Al3.8O9
22933,Mn0.4Al3.6O9
22934,Mn0.8Al3.2O9
22935,Mn0.25Al4.75O6
22936,Mn0.5Al4.5O6
22937,MnAlO6
22938,Mn0.25Al4.75O7
22939,Mn0.5Al4.5O7
22940,MnAlO7
22941,Mn0.25Al4.75O8
22942,Mn0.5Al4.5O8
22943,MnAlO8
22944,Mn0.25Al4.75O9
22945,Mn0.5Al4.5O9
22946,MnAlO9
22947,Mn0.3Al5.7O7
22948,Mn0.6Al5.4O7
22949,Mn1.2Al4.8O7
22950,Mn0.35Al6.65O8
22951,Mn0.7Al6.3O8
22952,Mn1.4Al5.6O8
22953,Mn0.35Al6.65O9
22954,Mn0.7Al6.3O9
22955,Mn1.4Al5.6O9
22956,Mn0.35Al6.65O10
22957,Mn0.7Al6.3O10
22958,Mn1.4Al5.6O10
22959,Mn0.4Al7.6O9
22960,Mn0.8Al7.2O9
22961,Mn1.6Al6.4O9
22962,Mn0.45Al8.55O10
22963,Mn0.9Al8.1O10
22964,Mn1.8Al7.2O10
22965,Fe0.05Al0.95O
22966,Fe0.1Al0.9O
22967,Fe0.2Al0.8O
22968,Fe0.05Al0.95O2
22969,Fe0.1Al0.9O2
22970,Fe0.2Al0.8O2
22971,Fe0.05Al0.95O3
22972,Fe0.1Al0.9O3
22973,Fe0.2Al0.8O3
22974,Fe0.05Al0.95O4
22975,Fe0.1Al0.9O4
22976,Fe0.2Al0.8O4
22977,Fe0.05Al0.95O5
22978,Fe0.1Al0.9O5
22979,Fe0.2Al0.8O5
22980,Fe0.05Al0.95O6
22981,Fe0.1Al0.9O6
22982,Fe0.2Al0.8O6
22983,Fe0.05Al0.95O7
22984,Fe0.1Al0.9O7
22985,Fe0.2Al0.8O7
22986,Fe0.05Al0.95O8
22987,Fe0.1Al0.9O8
22988,Fe0.2Al0.8O8
22989,Fe0.05Al0.95O9
22990,Fe0.1Al0.9O9
22991,Fe0.2Al0.8O9
22992,Fe0.05Al0.95O10
22993,Fe0.1Al0.9O10
22994,Fe0.2Al0.8O10
22995,Fe0.1Al1.9O3
22996,Fe0.2Al1.8O3
22997,Fe0.4Al1.6O3
22998,Fe0.1Al1.9O5
22999,Fe0.2Al1.8O5
23000,Fe0.4Al1.6O5
23001,Fe0.1Al1.9O7
23002,Fe0.2Al1.8O7
23003,Fe0.4Al1.6O7
23004,Fe0.1Al1.9O9
23005,Fe0.2Al1.8O9
23006,Fe0.4Al1.6O9
23007,Fe0.15Al2.85O4
23008,Fe0.3Al2.7O4
23009,Fe0.6Al2.4O4
23010,Fe0.15Al2.85O5
23011,Fe0.3Al2.7O5
23012,Fe0.6Al2.4O5
23013,Fe0.15Al2.85O7
23014,Fe0.3Al2.7O7
23015,Fe0.6Al2.4O7
23016,Fe0.15Al2.85O8
23017,Fe0.3Al2.7O8
23018,Fe0.6Al2.4O8
23019,Fe0.15Al2.85O10
23020,Fe0.3Al2.7O10
23021,Fe0.6Al2.4O10
23022,Fe0.2Al3.8O5
23023,Fe0.4Al3.6O5
23024,Fe0.8Al3.2O5
23025,Fe0.2Al3.8O7
23026,Fe0.4Al3.6O7
23027,Fe0.8Al3.2O7
23028,Fe0.2Al3.8O9
23029,Fe0.4Al3.6O9
23030,Fe0.8Al3.2O9
23031,Fe0.25Al4.75O6
23032,Fe0.5Al4.5O6
23033,FeAlO6
23034,Fe0.25Al4.75O7
23035,Fe0.5Al4.5O7
23036,FeAlO7
23037,Fe0.25Al4.75O8
23038,Fe0.5Al4.5O8
23039,FeAlO8
23040,Fe0.25Al4.75O9
23041,Fe0.5Al4.5O9
23042,FeAlO9
23043,Fe0.3Al5.7O7
23044,Fe0.6Al5.4O7
23045,Fe1.2Al4.8O7
23046,Fe0.35Al6.65O8
23047,Fe0.7Al6.3O8
23048,Fe1.4Al5.6O8
23049,Fe0.35Al6.65O9
23050,Fe0.7Al6.3O9
23051,Fe1.4Al5.6O9
23052,Fe0.35Al6.65O10
23053,Fe0.7Al6.3O10
23054,Fe1.4Al5.6O10
23055,Fe0.4Al7.6O9
23056,Fe0.8Al7.2O9
23057,Fe1.6Al6.4O9
23058,Fe0.45Al8.55O10
23059,Fe0.9Al8.1O10
23060,Fe1.8Al7.2O10
23061,Co0.05Al0.95O
23062,Co0.1Al0.9O
23063,Co0.2Al0.8O
23064,Co0.05Al0.95O2
23065,Co0.1Al0.9O2
23066,Co0.2Al0.8O2
23067,Co0.05Al0.95O3
23068,Co0.1Al0.9O3
23069,Co0.2Al0.8O3
23070,Co0.05Al0.95O4
23071,Co0.1Al0.9O4
23072,Co0.2Al0.8O4
23073,Co0.05Al0.95O5
23074,Co0.1Al0.9O5
23075,Co0.2Al0.8O5
23076,Co0.05Al0.95O6
23077,Co0.1Al0.9O6
23078,Co0.2Al0.8O6
23079,Co0.05Al0.95O7
23080,Co0.1Al0.9O7
23081,Co0.2Al0.8O7
23082,Co0.05Al0.95O8
23083,Co0.1Al0.9O8
23084,Co0.2Al0.8O8
23085,Co0.05Al0.95O9
23086,Co0.1Al0.9O9
23087,Co0.2Al0.8O9
23088,Co0.05Al0.95O10
23089,Co0.1Al0.9O10
23090,Co0.2Al0.8O10
23091,Co0.1Al1.9O3
23092,Co0.2Al1.8O3
23093,Co0.4Al1.6O3
23094,Co0.1Al1.9O5
23095,Co0.2Al1.8O5
23096,Co0.4Al1.6O5
23097,Co0.1Al1.9O7
23098,Co0.2Al1.8O7
23099,Co0.4Al1.6O7
23100,Co0.1Al1.9O9
23101,Co0.2Al1.8O9
23102,Co0.4Al1.6O9
23103,Co0.15Al2.85O4
23104,Co0.3Al2.7O4
23105,Co0.6Al2.4O4
23106,Co0.15Al2.85O5
23107,Co0.3Al2.7O5
23108,Co0.6Al2.4O5
23109,Co0.15Al2.85O7
23110,Co0.3Al2.7O7
23111,Co0.6Al2.4O7
23112,Co0.15Al2.85O8
23113,Co0.3Al2.7O8
23114,Co0.6Al2.4O8
23115,Co0.15Al2.85O10
23116,Co0.3Al2.7O10
23117,Co0.6Al2.4O10
23118,Co0.2Al3.8O5
23119,Co0.4Al3.6O5
23120,Co0.8Al3.2O5
23121,Co0.2Al3.8O7
23122,Co0.4Al3.6O7
23123,Co0.8Al3.2O7
23124,Co0.2Al3.8O9
23125,Co0.4Al3.6O9
23126,Co0.8Al3.2O9
23127,Co0.25Al4.75O6
23128,Co0.5Al4.5O6
23129,CoAlO6
23130,Co0.25Al4.75O7
23131,Co0.5Al4.5O7
23132,CoAlO7
23133,Co0.25Al4.75O8
23134,Co0.5Al4.5O8
23135,CoAlO8
23136,Co0.25Al4.75O9
23137,Co0.5Al4.5O9
23138,CoAlO9
23139,Co0.3Al5.7O7
23140,Co0.6Al5.4O7
23141,Co1.2Al4.8O7
23142,Co0.35Al6.65O8
23143,Co0.7Al6.3O8
23144,Co1.4Al5.6O8
23145,Co0.35Al6.65O9
23146,Co0.7Al6.3O9
23147,Co1.4Al5.6O9
23148,Co0.35Al6.65O10
23149,Co0.7Al6.3O10
23150,Co1.4Al5.6O10
23151,Co0.4Al7.6O9
23152,Co0.8Al7.2O9
23153,Co1.6Al6.4O9
23154,Co0.45Al8.55O10
23155,Co0.9Al8.1O10
23156,Co1.8Al7.2O10
23157,Ni0.05Al0.95O
23158,Ni0.1Al0.9O
23159,Ni0.2Al0.8O
23160,Ni0.05Al0.95O2
23161,Ni0.1Al0.9O2
23162,Ni0.2Al0.8O2
23163,Ni0.05Al0.95O3
23164,Ni0.1Al0.9O3
23165,Ni0.2Al0.8O3
23166,Ni0.05Al0.95O4
23167,Ni0.1Al0.9O4
23168,Ni0.2Al0.8O4
23169,Ni0.05Al0.95O5
23170,Ni0.1Al0.9O5
23171,Ni0.2Al0.8O5
23172,Ni0.05Al0.95O6
23173,Ni0.1Al0.9O6
23174,Ni0.2Al0.8O6
23175,Ni0.05Al0.95O7
23176,Ni0.1Al0.9O7
23177,Ni0.2Al0.8O7
23178,Ni0.05Al0.95O8
23179,Ni0.1Al0.9O8
23180,Ni0.2Al0.8O8
23181,Ni0.05Al0.95O9
23182,Ni0.1Al0.9O9
23183,Ni0.2Al0.8O9
23184,Ni0.05Al0.95O10
23185,Ni0.1Al0.9O10
23186,Ni0.2Al0.8O10
23187,Ni0.1Al1.9O3
23188,Ni0.2Al1.8O3
23189,Ni0.4Al1.6O3
23190,Ni0.1Al1.9O5
23191,Ni0.2Al1.8O5
23192,Ni0.4Al1.6O5
23193,Ni0.1Al1.9O7
23194,Ni0.2Al1.8O7
23195,Ni0.4Al1.6O7
23196,Ni0.1Al1.9O9
23197,Ni0.2Al1.8O9
23198,Ni0.4Al1.6O9
23199,Ni0.15Al2.85O4
23200,Ni0.3Al2.7O4
23201,Ni0.6Al2.4O4
23202,Ni0.15Al2.85O5
23203,Ni0.3Al2.7O5
23204,Ni0.6Al2.4O5
23205,Ni0.15Al2.85O7
23206,Ni0.3Al2.7O7
23207,Ni0.6Al2.4O7
23208,Ni0.15Al2.85O8
23209,Ni0.3Al2.7O8
23210,Ni0.6Al2.4O8
23211,Ni0.15Al2.85O10
23212,Ni0.3Al2.7O10
23213,Ni0.6Al2.4O10
23214,Ni0.2Al3.8O5
23215,Ni0.4Al3.6O5
23216,Ni0.8Al3.2O5
23217,Ni0.2Al3.8O7
23218,Ni0.4Al3.6O7
23219,Ni0.8Al3.2O7
23220,Ni0.2Al3.8O9
23221,Ni0.4Al3.6O9
23222,Ni0.8Al3.2O9
23223,Ni0.25Al4.75O6
23224,Ni0.5Al4.5O6
23225,NiAlO6
23226,Ni0.25Al4.75O7
23227,Ni0.5Al4.5O7
23228,NiAlO7
23229,Ni0.25Al4.75O8
23230,Ni0.5Al4.5O8
23231,NiAlO8
23232,Ni0.25Al4.75O9
23233,Ni0.5Al4.5O9
23234,NiAlO9
23235,Ni0.3Al5.7O7
23236,Ni0.6Al5.4O7
23237,Ni1.2Al4.8O7
23238,Ni0.35Al6.65O8
23239,Ni0.7Al6.3O8
23240,Ni1.4Al5.6O8
23241,Ni0.35Al6.65O9
23242,Ni0.7Al6.3O9
23243,Ni1.4Al5.6O9
23244,Ni0.35Al6.65O10
23245,Ni0.7Al6.3O10
23246,Ni1.4Al5.6O10
23247,Ni0.4Al7.6O9
23248,Ni0.8Al7.2O9
23249,Ni1.6Al6.4O9
23250,Ni0.45Al8.55O10
23251,Ni0.9Al8.1O10
23252,Ni1.8Al7.2O10
23253,Ru0.05Al0.95O
23254,Ru0.1Al0.9O
23255,Ru0.2Al0.8O
23256,Ru0.05Al0.95O2
23257,Ru0.1Al0.9O2
23258,Ru0.2Al0.8O2
23259,Ru0.05Al0.95O3
23260,Ru0.1Al0.9O3
23261,Ru0.2Al0.8O3
23262,Ru0.05Al0.95O4
23263,Ru0.1Al0.9O4
23264,Ru0.2Al0.8O4
23265,Ru0.05Al0.95O5
23266,Ru0.1Al0.9O5
23267,Ru0.2Al0.8O5
23268,Ru0.05Al0.95O6
23269,Ru0.1Al0.9O6
23270,Ru0.2Al0.8O6
23271,Ru0.05Al0.95O7
23272,Ru0.1Al0.9O7
23273,Ru0.2Al0.8O7
23274,Ru0.05Al0.95O8
23275,Ru0.1Al0.9O8
23276,Ru0.2Al0.8O8
23277,Ru0.05Al0.95O9
23278,Ru0.1Al0.9O9
23279,Ru0.2Al0.8O9
23280,Ru0.05Al0.95O10
23281,Ru0.1Al0.9O10
23282,Ru0.2Al0.8O10
23283,Ru0.1Al1.9O3
23284,Ru0.2Al1.8O3
23285,Ru0.4Al1.6O3
23286,Ru0.1Al1.9O5
23287,Ru0.2Al1.8O5
23288,Ru0.4Al1.6O5
23289,Ru0.1Al1.9O7
23290,Ru0.2Al1.8O7
23291,Ru0.4Al1.6O7
23292,Ru0.1Al1.9O9
23293,Ru0.2Al1.8O9
23294,Ru0.4Al1.6O9
23295,Ru0.15Al2.85O4
23296,Ru0.3Al2.7O4
23297,Ru0.6Al2.4O4
23298,Ru0.15Al2.85O5
23299,Ru0.3Al2.7O5
23300,Ru0.6Al2.4O5
23301,Ru0.15Al2.85O7
23302,Ru0.3Al2.7O7
23303,Ru0.6Al2.4O7
23304,Ru0.15Al2.85O8
23305,Ru0.3Al2.7O8
23306,Ru0.6Al2.4O8
23307,Ru0.15Al2.85O10
23308,Ru0.3Al2.7O10
23309,Ru0.6Al2.4O10
23310,Ru0.2Al3.8O5
23311,Ru0.4Al3.6O5
23312,Ru0.8Al3.2O5
23313,Ru0.2Al3.8O7
23314,Ru0.4Al3.6O7
23315,Ru0.8Al3.2O7
23316,Ru0.2Al3.8O9
23317,Ru0.4Al3.6O9
23318,Ru0.8Al3.2O9
23319,Ru0.25Al4.75O6
23320,Ru0.5Al4.5O6
23321,RuAlO6
23322,Ru0.25Al4.75O7
23323,Ru0.5Al4.5O7
23324,RuAlO7
23325,Ru0.25Al4.75O8
23326,Ru0.5Al4.5O8
23327,RuAlO8
23328,Ru0.25Al4.75O9
23329,Ru0.5Al4.5O9
23330,RuAlO9
23331,Ru0.3Al5.7O7
23332,Ru0.6Al5.4O7
23333,Ru1.2Al4.8O7
23334,Ru0.35Al6.65O8
23335,Ru0.7Al6.3O8
23336,Ru1.4Al5.6O8
23337,Ru0.35Al6.65O9
23338,Ru0.7Al6.3O9
23339,Ru1.4Al5.6O9
23340,Ru0.35Al6.65O10
23341,Ru0.7Al6.3O10
23342,Ru1.4Al5.6O10
23343,Ru0.4Al7.6O9
23344,Ru0.8Al7.2O9
23345,Ru1.6Al6.4O9
23346,Ru0.45Al8.55O10
23347,Ru0.9Al8.1O10
23348,Ru1.8Al7.2O10
23349,Pd0.05Al0.95O
23350,Pd0.1Al0.9O
23351,Pd0.2Al0.8O
23352,Pd0.05Al0.95O2
23353,Pd0.1Al0.9O2
23354,Pd0.2Al0.8O2
23355,Pd0.05Al0.95O3
23356,Pd0.1Al0.9O3
23357,Pd0.2Al0.8O3
23358,Pd0.05Al0.95O4
23359,Pd0.1Al0.9O4
23360,Pd0.2Al0.8O4
23361,Pd0.05Al0.95O5
23362,Pd0.1Al0.9O5
23363,Pd0.2Al0.8O5
23364,Pd0.05Al0.95O6
23365,Pd0.1Al0.9O6
23366,Pd0.2Al0.8O6
23367,Pd0.05Al0.95O7
23368,Pd0.1Al0.9O7
23369,Pd0.2Al0.8O7
23370,Pd0.05Al0.95O8
23371,Pd0.1Al0.9O8
23372,Pd0.2Al0.8O8
23373,Pd0.05Al0.95O9
23374,Pd0.1Al0.9O9
23375,Pd0.2Al0.8O9
23376,Pd0.05Al0.95O10
23377,Pd0.1Al0.9O10
23378,Pd0.2Al0.8O10
23379,Pd0.1Al1.9O3
23380,Pd0.2Al1.8O3
23381,Pd0.4Al1.6O3
23382,Pd0.1Al1.9O5
23383,Pd0.2Al1.8O5
23384,Pd0.4Al1.6O5
23385,Pd0.1Al1.9O7
23386,Pd0.2Al1.8O7
23387,Pd0.4Al1.6O7
23388,Pd0.1Al1.9O9
23389,Pd0.2Al1.8O9
23390,Pd0.4Al1.6O9
23391,Pd0.15Al2.85O4
23392,Pd0.3Al2.7O4
23393,Pd0.6Al2.4O4
23394,Pd0.15Al2.85O5
23395,Pd0.3Al2.7O5
23396,Pd0.6Al2.4O5
23397,Pd0.15Al2.85O7
23398,Pd0.3Al2.7O7
23399,Pd0.6Al2.4O7
23400,Pd0.15Al2.85O8
23401,Pd0.3Al2.7O8
23402,Pd0.6Al2.4O8
23403,Pd0.15Al2.85O10
23404,Pd0.3Al2.7O10
23405,Pd0.6Al2.4O10
23406,Pd0.2Al3.8O5
23407,Pd0.4Al3.6O5
23408,Pd0.8Al3.2O5
23409,Pd0.2Al3.8O7
23410,Pd0.4Al3.6O7
23411,Pd0.8Al3.2O7
23412,Pd0.2Al3.8O9
23413,Pd0.4Al3.6O9
23414,Pd0.8Al3.2O9
23415,Pd0.25Al4.75O6
23416,Pd0.5Al4.5O6
23417,PdAlO6
23418,Pd0.25Al4.75O7
23419,Pd0.5Al4.5O7
23420,PdAlO7
23421,Pd0.25Al4.75O8
23422,Pd0.5Al4.5O8
23423,PdAlO8
23424,Pd0.25Al4.75O9
23425,Pd0.5Al4.5O9
23426,PdAlO9
23427,Pd0.3Al5.7O7
23428,Pd0.6Al5.4O7
23429,Pd1.2Al4.8O7
23430,Pd0.35Al6.65O8
23431,Pd0.7Al6.3O8
23432,Pd1.4Al5.6O8
23433,Pd0.35Al6.65O9
23434,Pd0.7Al6.3O9
23435,Pd1.4Al5.6O9
23436,Pd0.35Al6.65O10
23437,Pd0.7Al6.3O10
23438,Pd1.4Al5.6O10
23439,Pd0.4Al7.6O9
23440,Pd0.8Al7.2O9
23441,Pd1.6Al6.4O9
23442,Pd0.45Al8.55O10
23443,Pd0.9Al8.1O10
23444,Pd1.8Al7.2O10
23445,Ag0.05Al0.95O
23446,Ag0.1Al0.9O
23447,Ag0.2Al0.8O
23448,Ag0.05Al0.95O2
23449,Ag0.1Al0.9O2
23450,Ag0.2Al0.8O2
23451,Ag0.05Al0.95O3
23452,Ag0.1Al0.9O3
23453,Ag0.2Al0.8O3
23454,Ag0.05Al0.95O4
23455,Ag0.1Al0.9O4
23456,Ag0.2Al0.8O4
23457,Ag0.05Al0.95O5
23458,Ag0.1Al0.9O5
23459,Ag0.2Al0.8O5
23460,Ag0.05Al0.95O6
23461,Ag0.1Al0.9O6
23462,Ag0.2Al0.8O6
23463,Ag0.05Al0.95O7
23464,Ag0.1Al0.9O7
23465,Ag0.2Al0.8O7
23466,Ag0.05Al0.95O8
23467,Ag0.1Al0.9O8
23468,Ag0.2Al0.8O8
23469,Ag0.05Al0.95O9
23470,Ag0.1Al0.9O9
23471,Ag0.2Al0.8O9
23472,Ag0.05Al0.95O10
23473,Ag0.1Al0.9O10
23474,Ag0.2Al0.8O10
23475,Ag0.1Al1.9O3
23476,Ag0.2Al1.8O3
23477,Ag0.4Al1.6O3
23478,Ag0.1Al1.9O5
23479,Ag0.2Al1.8O5
23480,Ag0.4Al1.6O5
23481,Ag0.1Al1.9O7
23482,Ag0.2Al1.8O7
23483,Ag0.4Al1.6O7
23484,Ag0.1Al1.9O9
23485,Ag0.2Al1.8O9
23486,Ag0.4Al1.6O9
23487,Ag0.15Al2.85O4
23488,Ag0.3Al2.7O4
23489,Ag0.6Al2.4O4
23490,Ag0.15Al2.85O5
23491,Ag0.3Al2.7O5
23492,Ag0.6Al2.4O5
23493,Ag0.15Al2.85O7
23494,Ag0.3Al2.7O7
23495,Ag0.6Al2.4O7
23496,Ag0.15Al2.85O8
23497,Ag0.3Al2.7O8
23498,Ag0.6Al2.4O8
23499,Ag0.15Al2.85O10
23500,Ag0.3Al2.7O10
23501,Ag0.6Al2.4O10
23502,Ag0.2Al3.8O5
23503,Ag0.4Al3.6O5
23504,Ag0.8Al3.2O5
23505,Ag0.2Al3.8O7
23506,Ag0.4Al3.6O7
23507,Ag0.8Al3.2O7
23508,Ag0.2Al3.8O9
23509,Ag0.4Al3.6O9
23510,Ag0.8Al3.2O9
23511,Ag0.25Al4.75O6
23512,Ag0.5Al4.5O6
23513,AgAlO6
23514,Ag0.25Al4.75O7
23515,Ag0.5Al4.5O7
23516,AgAlO7
23517,Ag0.25Al4.75O8
23518,Ag0.5Al4.5O8
23519,AgAlO8
23520,Ag0.25Al4.75O9
23521,Ag0.5Al4.5O9
23522,AgAlO9
23523,Ag0.3Al5.7O7
23524,Ag0.6Al5.4O7
23525,Ag1.2Al4.8O7
23526,Ag0.35Al6.65O8
23527,Ag0.7Al6.3O8
23528,Ag1.4Al5.6O8
23529,Ag0.35Al6.65O9
23530,Ag0.7Al6.3O9
23531,Ag1.4Al5.6O9
23532,Ag0.35Al6.65O10
23533,Ag0.7Al6.3O10
23534,Ag1.4Al5.6O10
23535,Ag0.4Al7.6O9
23536,Ag0.8Al7.2O9
23537,Ag1.6Al6.4O9
23538,Ag0.45Al8.55O10
23539,Ag0.9Al8.1O10
23540,Ag1.8Al7.2O10
23541,Pt0.05Al0.95O
23542,Pt0.1Al0.9O
23543,Pt0.2Al0.8O
23544,Pt0.05Al0.95O2
23545,Pt0.1Al0.9O2
23546,Pt0.2Al0.8O2
23547,Pt0.05Al0.95O3
23548,Pt0.1Al0.9O3
23549,Pt0.2Al0.8O3
23550,Pt0.05Al0.95O4
23551,Pt0.1Al0.9O4
23552,Pt0.2Al0.8O4
23553,Pt0.05Al0.95O5
23554,Pt0.1Al0.9O5
23555,Pt0.2Al0.8O5
23556,Pt0.05Al0.95O6
23557,Pt0.1Al0.9O6
23558,Pt0.2Al0.8O6
23559,Pt0.05Al0.95O7
23560,Pt0.1Al0.9O7
23561,Pt0.2Al0.8O7
23562,Pt0.05Al0.95O8
23563,Pt0.1Al0.9O8
23564,Pt0.2Al0.8O8
23565,Pt0.05Al0.95O9
23566,Pt0.1Al0.9O9
23567,Pt0.2Al0.8O9
23568,Pt0.05Al0.95O10
23569,Pt0.1Al0.9O10
23570,Pt0.2Al0.8O10
23571,Pt0.1Al1.9O3
23572,Pt0.2Al1.8O3
23573,Pt0.4Al1.6O3
23574,Pt0.1Al1.9O5
23575,Pt0.2Al1.8O5
23576,Pt0.4Al1.6O5
23577,Pt0.1Al1.9O7
23578,Pt0.2Al1.8O7
23579,Pt0.4Al1.6O7
23580,Pt0.1Al1.9O9
23581,Pt0.2Al1.8O9
23582,Pt0.4Al1.6O9
23583,Pt0.15Al2.85O4
23584,Pt0.3Al2.7O4
23585,Pt0.6Al2.4O4
23586,Pt0.15Al2.85O5
23587,Pt0.3Al2.7O5
23588,Pt0.6Al2.4O5
23589,Pt0.15Al2.85O7
23590,Pt0.3Al2.7O7
23591,Pt0.6Al2.4O7
23592,Pt0.15Al2.85O8
23593,Pt0.3Al2.7O8
23594,Pt0.6Al2.4O8
23595,Pt0.15Al2.85O10
23596,Pt0.3Al2.7O10
23597,Pt0.6Al2.4O10
23598,Pt0.2Al3.8O5
23599,Pt0.4Al3.6O5
23600,Pt0.8Al3.2O5
23601,Pt0.2Al3.8O7
23602,Pt0.4Al3.6O7
23603,Pt0.8Al3.2O7
23604,Pt0.2Al3.8O9
23605,Pt0.4Al3.6O9
23606,Pt0.8Al3.2O9
23607,Pt0.25Al4.75O6
23608,Pt0.5Al4.5O6
23609,PtAlO6
23610,Pt0.25Al4.75O7
23611,Pt0.5Al4.5O7
23612,PtAlO7
23613,Pt0.25Al4.75O8
23614,Pt0.5Al4.5O8
23615,PtAlO8
23616,Pt0.25Al4.75O9
23617,Pt0.5Al4.5O9
23618,PtAlO9
23619,Pt0.3Al5.7O7
23620,Pt0.6Al5.4O7
23621,Pt1.2Al4.8O7
23622,Pt0.35Al6.65O8
23623,Pt0.7Al6.3O8
23624,Pt1.4Al5.6O8
23625,Pt0.35Al6.65O9
23626,Pt0.7Al6.3O9
23627,Pt1.4Al5.6O9
23628,Pt0.35Al6.65O10
23629,Pt0.7Al6.3O10
23630,Pt1.4Al5.6O10
23631,Pt0.4Al7.6O9
23632,Pt0.8Al7.2O9
23633,Pt1.6Al6.4O9
23634,Pt0.45Al8.55O10
23635,Pt0.9Al8.1O10
23636,Pt1.8Al7.2O10
23637,Mn0.05Ga0.95O
23638,Mn0.1Ga0.9O
23639,Mn0.2Ga0.8O
23640,Mn0.05Ga0.95O2
23641,Mn0.1Ga0.9O2
23642,Mn0.2Ga0.8O2
23643,Mn0.05Ga0.95O3
23644,Mn0.1Ga0.9O3
23645,Mn0.2Ga0.8O3
23646,Mn0.05Ga0.95O4
23647,Mn0.1Ga0.9O4
23648,Mn0.2Ga0.8O4
23649,Mn0.05Ga0.95O5
23650,Mn0.1Ga0.9O5
23651,Mn0.2Ga0.8O5
23652,Mn0.05Ga0.95O6
23653,Mn0.1Ga0.9O6
23654,Mn0.2Ga0.8O6
23655,Mn0.05Ga0.95O7
23656,Mn0.1Ga0.9O7
23657,Mn0.2Ga0.8O7
23658,Mn0.05Ga0.95O8
23659,Mn0.1Ga0.9O8
23660,Mn0.2Ga0.8O8
23661,Mn0.05Ga0.95O9
23662,Mn0.1Ga0.9O9
23663,Mn0.2Ga0.8O9
23664,Mn0.05Ga0.95O10
23665,Mn0.1Ga0.9O10
23666,Mn0.2Ga0.8O10
23667,Mn0.1Ga1.9O3
23668,Mn0.2Ga1.8O3
23669,Mn0.4Ga1.6O3
23670,Mn0.1Ga1.9O5
23671,Mn0.2Ga1.8O5
23672,Mn0.4Ga1.6O5
23673,Mn0.1Ga1.9O7
23674,Mn0.2Ga1.8O7
23675,Mn0.4Ga1.6O7
23676,Mn0.1Ga1.9O9
23677,Mn0.2Ga1.8O9
23678,Mn0.4Ga1.6O9
23679,Mn0.15Ga2.85O4
23680,Mn0.3Ga2.7O4
23681,Mn0.6Ga2.4O4
23682,Mn0.15Ga2.85O5
23683,Mn0.3Ga2.7O5
23684,Mn0.6Ga2.4O5
23685,Mn0.15Ga2.85O7
23686,Mn0.3Ga2.7O7
23687,Mn0.6Ga2.4O7
23688,Mn0.15Ga2.85O8
23689,Mn0.3Ga2.7O8
23690,Mn0.6Ga2.4O8
23691,Mn0.15Ga2.85O10
23692,Mn0.3Ga2.7O10
23693,Mn0.6Ga2.4O10
23694,Mn0.2Ga3.8O5
23695,Mn0.4Ga3.6O5
23696,Mn0.8Ga3.2O5
23697,Mn0.2Ga3.8O7
23698,Mn0.4Ga3.6O7
23699,Mn0.8Ga3.2O7
23700,Mn0.2Ga3.8O9
23701,Mn0.4Ga3.6O9
23702,Mn0.8Ga3.2O9
23703,Mn0.25Ga4.75O6
23704,Mn0.5Ga4.5O6
23705,MnGaO6
23706,Mn0.25Ga4.75O7
23707,Mn0.5Ga4.5O7
23708,MnGaO7
23709,Mn0.25Ga4.75O8
23710,Mn0.5Ga4.5O8
23711,MnGaO8
23712,Mn0.25Ga4.75O9
23713,Mn0.5Ga4.5O9
23714,MnGaO9
23715,Mn0.3Ga5.7O7
23716,Mn0.6Ga5.4O7
23717,Mn1.2Ga4.8O7
23718,Mn0.35Ga6.65O8
23719,Mn0.7Ga6.3O8
23720,Mn1.4Ga5.6O8
23721,Mn0.35Ga6.65O9
23722,Mn0.7Ga6.3O9
23723,Mn1.4Ga5.6O9
23724,Mn0.35Ga6.65O10
23725,Mn0.7Ga6.3O10
23726,Mn1.4Ga5.6O10
23727,Mn0.4Ga7.6O9
23728,Mn0.8Ga7.2O9
23729,Mn1.6Ga6.4O9
23730,Mn0.45Ga8.55O10
23731,Mn0.9Ga8.1O10
23732,Mn1.8Ga7.2O10
23733,Fe0.05Ga0.95O
23734,Fe0.1Ga0.9O
23735,Fe0.2Ga0.8O
23736,Fe0.05Ga0.95O2
23737,Fe0.1Ga0.9O2
23738,Fe0.2Ga0.8O2
23739,Fe0.05Ga0.95O3
23740,Fe0.1Ga0.9O3
23741,Fe0.2Ga0.8O3
23742,Fe0.05Ga0.95O4
23743,Fe0.1Ga0.9O4
23744,Fe0.2Ga0.8O4
23745,Fe0.05Ga0.95O5
23746,Fe0.1Ga0.9O5
23747,Fe0.2Ga0.8O5
23748,Fe0.05Ga0.95O6
23749,Fe0.1Ga0.9O6
23750,Fe0.2Ga0.8O6
23751,Fe0.05Ga0.95O7
23752,Fe0.1Ga0.9O7
23753,Fe0.2Ga0.8O7
23754,Fe0.05Ga0.95O8
23755,Fe0.1Ga0.9O8
23756,Fe0.2Ga0.8O8
23757,Fe0.05Ga0.95O9
23758,Fe0.1Ga0.9O9
23759,Fe0.2Ga0.8O9
23760,Fe0.05Ga0.95O10
23761,Fe0.1Ga0.9O10
23762,Fe0.2Ga0.8O10
23763,Fe0.1Ga1.9O3
23764,Fe0.2Ga1.8O3
23765,Fe0.4Ga1.6O3
23766,Fe0.1Ga1.9O5
23767,Fe0.2Ga1.8O5
23768,Fe0.4Ga1.6O5
23769,Fe0.1Ga1.9O7
23770,Fe0.2Ga1.8O7
23771,Fe0.4Ga1.6O7
23772,Fe0.1Ga1.9O9
23773,Fe0.2Ga1.8O9
23774,Fe0.4Ga1.6O9
23775,Fe0.15Ga2.85O4
23776,Fe0.3Ga2.7O4
23777,Fe0.6Ga2.4O4
23778,Fe0.15Ga2.85O5
23779,Fe0.3Ga2.7O5
23780,Fe0.6Ga2.4O5
23781,Fe0.15Ga2.85O7
23782,Fe0.3Ga2.7O7
23783,Fe0.6Ga2.4O7
23784,Fe0.15Ga2.85O8
23785,Fe0.3Ga2.7O8
23786,Fe0.6Ga2.4O8
23787,Fe0.15Ga2.85O10
23788,Fe0.3Ga2.7O10
23789,Fe0.6Ga2.4O10
23790,Fe0.2Ga3.8O5
23791,Fe0.4Ga3.6O5
23792,Fe0.8Ga3.2O5
23793,Fe0.2Ga3.8O7
23794,Fe0.4Ga3.6O7
23795,Fe0.8Ga3.2O7
23796,Fe0.2Ga3.8O9
23797,Fe0.4Ga3.6O9
23798,Fe0.8Ga3.2O9
23799,Fe0.25Ga4.75O6
23800,Fe0.5Ga4.5O6
23801,FeGaO6
23802,Fe0.25Ga4.75O7
23803,Fe0.5Ga4.5O7
23804,FeGaO7
23805,Fe0.25Ga4.75O8
23806,Fe0.5Ga4.5O8
23807,FeGaO8
23808,Fe0.25Ga4.75O9
23809,Fe0.5Ga4.5O9
23810,FeGaO9
23811,Fe0.3Ga5.7O7
23812,Fe0.6Ga5.4O7
23813,Fe1.2Ga4.8O7
23814,Fe0.35Ga6.65O8
23815,Fe0.7Ga6.3O8
23816,Fe1.4Ga5.6O8
23817,Fe0.35Ga6.65O9
23818,Fe0.7Ga6.3O9
23819,Fe1.4Ga5.6O9
23820,Fe0.35Ga6.65O10
23821,Fe0.7Ga6.3O10
23822,Fe1.4Ga5.6O10
23823,Fe0.4Ga7.6O9
23824,Fe0.8Ga7.2O9
23825,Fe1.6Ga6.4O9
23826,Fe0.45Ga8.55O10
23827,Fe0.9Ga8.1O10
23828,Fe1.8Ga7.2O10
23829,Co0.05Ga0.95O
23830,Co0.1Ga0.9O
23831,Co0.2Ga0.8O
23832,Co0.05Ga0.95O2
23833,Co0.1Ga0.9O2
23834,Co0.2Ga0.8O2
23835,Co0.05Ga0.95O3
23836,Co0.1Ga0.9O3
23837,Co0.2Ga0.8O3
23838,Co0.05Ga0.95O4
23839,Co0.1Ga0.9O4
23840,Co0.2Ga0.8O4
23841,Co0.05Ga0.95O5
23842,Co0.1Ga0.9O5
23843,Co0.2Ga0.8O5
23844,Co0.05Ga0.95O6
23845,Co0.1Ga0.9O6
23846,Co0.2Ga0.8O6
23847,Co0.05Ga0.95O7
23848,Co0.1Ga0.9O7
23849,Co0.2Ga0.8O7
23850,Co0.05Ga0.95O8
23851,Co0.1Ga0.9O8
23852,Co0.2Ga0.8O8
23853,Co0.05Ga0.95O9
23854,Co0.1Ga0.9O9
23855,Co0.2Ga0.8O9
23856,Co0.05Ga0.95O10
23857,Co0.1Ga0.9O10
23858,Co0.2Ga0.8O10
23859,Co0.1Ga1.9O3
23860,Co0.2Ga1.8O3
23861,Co0.4Ga1.6O3
23862,Co0.1Ga1.9O5
23863,Co0.2Ga1.8O5
23864,Co0.4Ga1.6O5
23865,Co0.1Ga1.9O7
23866,Co0.2Ga1.8O7
23867,Co0.4Ga1.6O7
23868,Co0.1Ga1.9O9
23869,Co0.2Ga1.8O9
23870,Co0.4Ga1.6O9
23871,Co0.15Ga2.85O4
23872,Co0.3Ga2.7O4
23873,Co0.6Ga2.4O4
23874,Co0.15Ga2.85O5
23875,Co0.3Ga2.7O5
23876,Co0.6Ga2.4O5
23877,Co0.15Ga2.85O7
23878,Co0.3Ga2.7O7
23879,Co0.6Ga2.4O7
23880,Co0.15Ga2.85O8
23881,Co0.3Ga2.7O8
23882,Co0.6Ga2.4O8
23883,Co0.15Ga2.85O10
23884,Co0.3Ga2.7O10
23885,Co0.6Ga2.4O10
23886,Co0.2Ga3.8O5
23887,Co0.4Ga3.6O5
23888,Co0.8Ga3.2O5
23889,Co0.2Ga3.8O7
23890,Co0.4Ga3.6O7
23891,Co0.8Ga3.2O7
23892,Co0.2Ga3.8O9
23893,Co0.4Ga3.6O9
23894,Co0.8Ga3.2O9
23895,Co0.25Ga4.75O6
23896,Co0.5Ga4.5O6
23897,CoGaO6
23898,Co0.25Ga4.75O7
23899,Co0.5Ga4.5O7
23900,CoGaO7
23901,Co0.25Ga4.75O8
23902,Co0.5Ga4.5O8
23903,CoGaO8
23904,Co0.25Ga4.75O9
23905,Co0.5Ga4.5O9
23906,CoGaO9
23907,Co0.3Ga5.7O7
23908,Co0.6Ga5.4O7
23909,Co1.2Ga4.8O7
23910,Co0.35Ga6.65O8
23911,Co0.7Ga6.3O8
23912,Co1.4Ga5.6O8
23913,Co0.35Ga6.65O9
23914,Co0.7Ga6.3O9
23915,Co1.4Ga5.6O9
23916,Co0.35Ga6.65O10
23917,Co0.7Ga6.3O10
23918,Co1.4Ga5.6O10
23919,Co0.4Ga7.6O9
23920,Co0.8Ga7.2O9
23921,Co1.6Ga6.4O9
23922,Co0.45Ga8.55O10
23923,Co0.9Ga8.1O10
23924,Co1.8Ga7.2O10
23925,Ni0.05Ga0.95O
23926,Ni0.1Ga0.9O
23927,Ni0.2Ga0.8O
23928,Ni0.05Ga0.95O2
23929,Ni0.1Ga0.9O2
23930,Ni0.2Ga0.8O2
23931,Ni0.05Ga0.95O3
23932,Ni0.1Ga0.9O3
23933,Ni0.2Ga0.8O3
23934,Ni0.05Ga0.95O4
23935,Ni0.1Ga0.9O4
23936,Ni0.2Ga0.8O4
23937,Ni0.05Ga0.95O5
23938,Ni0.1Ga0.9O5
23939,Ni0.2Ga0.8O5
23940,Ni0.05Ga0.95O6
23941,Ni0.1Ga0.9O6
23942,Ni0.2Ga0.8O6
23943,Ni0.05Ga0.95O7
23944,Ni0.1Ga0.9O7
23945,Ni0.2Ga0.8O7
23946,Ni0.05Ga0.95O8
23947,Ni0.1Ga0.9O8
23948,Ni0.2Ga0.8O8
23949,Ni0.05Ga0.95O9
23950,Ni0.1Ga0.9O9
23951,Ni0.2Ga0.8O9
23952,Ni0.05Ga0.95O10
23953,Ni0.1Ga0.9O10
23954,Ni0.2Ga0.8O10
23955,Ni0.1Ga1.9O3
23956,Ni0.2Ga1.8O3
23957,Ni0.4Ga1.6O3
23958,Ni0.1Ga1.9O5
23959,Ni0.2Ga1.8O5
23960,Ni0.4Ga1.6O5
23961,Ni0.1Ga1.9O7
23962,Ni0.2Ga1.8O7
23963,Ni0.4Ga1.6O7
23964,Ni0.1Ga1.9O9
23965,Ni0.2Ga1.8O9
23966,Ni0.4Ga1.6O9
23967,Ni0.15Ga2.85O4
23968,Ni0.3Ga2.7O4
23969,Ni0.6Ga2.4O4
23970,Ni0.15Ga2.85O5
23971,Ni0.3Ga2.7O5
23972,Ni0.6Ga2.4O5
23973,Ni0.15Ga2.85O7
23974,Ni0.3Ga2.7O7
23975,Ni0.6Ga2.4O7
23976,Ni0.15Ga2.85O8
23977,Ni0.3Ga2.7O8
23978,Ni0.6Ga2.4O8
23979,Ni0.15Ga2.85O10
23980,Ni0.3Ga2.7O10
23981,Ni0.6Ga2.4O10
23982,Ni0.2Ga3.8O5
23983,Ni0.4Ga3.6O5
23984,Ni0.8Ga3.2O5
23985,Ni0.2Ga3.8O7
23986,Ni0.4Ga3.6O7
23987,Ni0.8Ga3.2O7
23988,Ni0.2Ga3.8O9
23989,Ni0.4Ga3.6O9
23990,Ni0.8Ga3.2O9
23991,Ni0.25Ga4.75O6
23992,Ni0.5Ga4.5O6
23993,NiGaO6
23994,Ni0.25Ga4.75O7
23995,Ni0.5Ga4.5O7
23996,NiGaO7
23997,Ni0.25Ga4.75O8
23998,Ni0.5Ga4.5O8
23999,NiGaO8
24000,Ni0.25Ga4.75O9
24001,Ni0.5Ga4.5O9
24002,NiGaO9
24003,Ni0.3Ga5.7O7
24004,Ni0.6Ga5.4O7
24005,Ni1.2Ga4.8O7
24006,Ni0.35Ga6.65O8
24007,Ni0.7Ga6.3O8
24008,Ni1.4Ga5.6O8
24009,Ni0.35Ga6.65O9
24010,Ni0.7Ga6.3O9
24011,Ni1.4Ga5.6O9
24012,Ni0.35Ga6.65O10
24013,Ni0.7Ga6.3O10
24014,Ni1.4Ga5.6O10
24015,Ni0.4Ga7.6O9
24016,Ni0.8Ga7.2O9
24017,Ni1.6Ga6.4O9
24018,Ni0.45Ga8.55O10
24019,Ni0.9Ga8.1O10
24020,Ni1.8Ga7.2O10
24021,Ru0.05Ga0.95O
24022,Ru0.1Ga0.9O
24023,Ru0.2Ga0.8O
24024,Ru0.05Ga0.95O2
24025,Ru0.1Ga0.9O2
24026,Ru0.2Ga0.8O2
24027,Ru0.05Ga0.95O3
24028,Ru0.1Ga0.9O3
24029,Ru0.2Ga0.8O3
24030,Ru0.05Ga0.95O4
24031,Ru0.1Ga0.9O4
24032,Ru0.2Ga0.8O4
24033,Ru0.05Ga0.95O5
24034,Ru0.1Ga0.9O5
24035,Ru0.2Ga0.8O5
24036,Ru0.05Ga0.95O6
24037,Ru0.1Ga0.9O6
24038,Ru0.2Ga0.8O6
24039,Ru0.05Ga0.95O7
24040,Ru0.1Ga0.9O7
24041,Ru0.2Ga0.8O7
24042,Ru0.05Ga0.95O8
24043,Ru0.1Ga0.9O8
24044,Ru0.2Ga0.8O8
24045,Ru0.05Ga0.95O9
24046,Ru0.1Ga0.9O9
24047,Ru0.2Ga0.8O9
24048,Ru0.05Ga0.95O10
24049,Ru0.1Ga0.9O10
24050,Ru0.2Ga0.8O10
24051,Ru0.1Ga1.9O3
24052,Ru0.2Ga1.8O3
24053,Ru0.4Ga1.6O3
24054,Ru0.1Ga1.9O5
24055,Ru0.2Ga1.8O5
24056,Ru0.4Ga1.6O5
24057,Ru0.1Ga1.9O7
24058,Ru0.2Ga1.8O7
24059,Ru0.4Ga1.6O7
24060,Ru0.1Ga1.9O9
24061,Ru0.2Ga1.8O9
24062,Ru0.4Ga1.6O9
24063,Ru0.15Ga2.85O4
24064,Ru0.3Ga2.7O4
24065,Ru0.6Ga2.4O4
24066,Ru0.15Ga2.85O5
24067,Ru0.3Ga2.7O5
24068,Ru0.6Ga2.4O5
24069,Ru0.15Ga2.85O7
24070,Ru0.3Ga2.7O7
24071,Ru0.6Ga2.4O7
24072,Ru0.15Ga2.85O8
24073,Ru0.3Ga2.7O8
24074,Ru0.6Ga2.4O8
24075,Ru0.15Ga2.85O10
24076,Ru0.3Ga2.7O10
24077,Ru0.6Ga2.4O10
24078,Ru0.2Ga3.8O5
24079,Ru0.4Ga3.6O5
24080,Ru0.8Ga3.2O5
24081,Ru0.2Ga3.8O7
24082,Ru0.4Ga3.6O7
24083,Ru0.8Ga3.2O7
24084,Ru0.2Ga3.8O9
24085,Ru0.4Ga3.6O9
24086,Ru0.8Ga3.2O9
24087,Ru0.25Ga4.75O6
24088,Ru0.5Ga4.5O6
24089,RuGaO6
24090,Ru0.25Ga4.75O7
24091,Ru0.5Ga4.5O7
24092,RuGaO7
24093,Ru0.25Ga4.75O8
24094,Ru0.5Ga4.5O8
24095,RuGaO8
24096,Ru0.25Ga4.75O9
24097,Ru0.5Ga4.5O9
24098,RuGaO9
24099,Ru0.3Ga5.7O7
24100,Ru0.6Ga5.4O7
24101,Ru1.2Ga4.8O7
24102,Ru0.35Ga6.65O8
24103,Ru0.7Ga6.3O8
24104,Ru1.4Ga5.6O8
24105,Ru0.35Ga6.65O9
24106,Ru0.7Ga6.3O9
24107,Ru1.4Ga5.6O9
24108,Ru0.35Ga6.65O10
24109,Ru0.7Ga6.3O10
24110,Ru1.4Ga5.6O10
24111,Ru0.4Ga7.6O9
24112,Ru0.8Ga7.2O9
24113,Ru1.6Ga6.4O9
24114,Ru0.45Ga8.55O10
24115,Ru0.9Ga8.1O10
24116,Ru1.8Ga7.2O10
24117,Pd0.05Ga0.95O
24118,Pd0.1Ga0.9O
24119,Pd0.2Ga0.8O
24120,Pd0.05Ga0.95O2
24121,Pd0.1Ga0.9O2
24122,Pd0.2Ga0.8O2
24123,Pd0.05Ga0.95O3
24124,Pd0.1Ga0.9O3
24125,Pd0.2Ga0.8O3
24126,Pd0.05Ga0.95O4
24127,Pd0.1Ga0.9O4
24128,Pd0.2Ga0.8O4
24129,Pd0.05Ga0.95O5
24130,Pd0.1Ga0.9O5
24131,Pd0.2Ga0.8O5
24132,Pd0.05Ga0.95O6
24133,Pd0.1Ga0.9O6
24134,Pd0.2Ga0.8O6
24135,Pd0.05Ga0.95O7
24136,Pd0.1Ga0.9O7
24137,Pd0.2Ga0.8O7
24138,Pd0.05Ga0.95O8
24139,Pd0.1Ga0.9O8
24140,Pd0.2Ga0.8O8
24141,Pd0.05Ga0.95O9
24142,Pd0.1Ga0.9O9
24143,Pd0.2Ga0.8O9
24144,Pd0.05Ga0.95O10
24145,Pd0.1Ga0.9O10
24146,Pd0.2Ga0.8O10
24147,Pd0.1Ga1.9O3
24148,Pd0.2Ga1.8O3
24149,Pd0.4Ga1.6O3
24150,Pd0.1Ga1.9O5
24151,Pd0.2Ga1.8O5
24152,Pd0.4Ga1.6O5
24153,Pd0.1Ga1.9O7
24154,Pd0.2Ga1.8O7
24155,Pd0.4Ga1.6O7
24156,Pd0.1Ga1.9O9
24157,Pd0.2Ga1.8O9
24158,Pd0.4Ga1.6O9
24159,Pd0.15Ga2.85O4
24160,Pd0.3Ga2.7O4
24161,Pd0.6Ga2.4O4
24162,Pd0.15Ga2.85O5
24163,Pd0.3Ga2.7O5
24164,Pd0.6Ga2.4O5
24165,Pd0.15Ga2.85O7
24166,Pd0.3Ga2.7O7
24167,Pd0.6Ga2.4O7
24168,Pd0.15Ga2.85O8
24169,Pd0.3Ga2.7O8
24170,Pd0.6Ga2.4O8
24171,Pd0.15Ga2.85O10
24172,Pd0.3Ga2.7O10
24173,Pd0.6Ga2.4O10
24174,Pd0.2Ga3.8O5
24175,Pd0.4Ga3.6O5
24176,Pd0.8Ga3.2O5
24177,Pd0.2Ga3.8O7
24178,Pd0.4Ga3.6O7
24179,Pd0.8Ga3.2O7
24180,Pd0.2Ga3.8O9
24181,Pd0.4Ga3.6O9
24182,Pd0.8Ga3.2O9
24183,Pd0.25Ga4.75O6
24184,Pd0.5Ga4.5O6
24185,PdGaO6
24186,Pd0.25Ga4.75O7
24187,Pd0.5Ga4.5O7
24188,PdGaO7
24189,Pd0.25Ga4.75O8
24190,Pd0.5Ga4.5O8
24191,PdGaO8
24192,Pd0.25Ga4.75O9
24193,Pd0.5Ga4.5O9
24194,PdGaO9
24195,Pd0.3Ga5.7O7
24196,Pd0.6Ga5.4O7
24197,Pd1.2Ga4.8O7
24198,Pd0.35Ga6.65O8
24199,Pd0.7Ga6.3O8
24200,Pd1.4Ga5.6O8
24201,Pd0.35Ga6.65O9
24202,Pd0.7Ga6.3O9
24203,Pd1.4Ga5.6O9
24204,Pd0.35Ga6.65O10
24205,Pd0.7Ga6.3O10
24206,Pd1.4Ga5.6O10
24207,Pd0.4Ga7.6O9
24208,Pd0.8Ga7.2O9
24209,Pd1.6Ga6.4O9
24210,Pd0.45Ga8.55O10
24211,Pd0.9Ga8.1O10
24212,Pd1.8Ga7.2O10
24213,Ag0.05Ga0.95O
24214,Ag0.1Ga0.9O
24215,Ag0.2Ga0.8O
24216,Ag0.05Ga0.95O2
24217,Ag0.1Ga0.9O2
24218,Ag0.2Ga0.8O2
24219,Ag0.05Ga0.95O3
24220,Ag0.1Ga0.9O3
24221,Ag0.2Ga0.8O3
24222,Ag0.05Ga0.95O4
24223,Ag0.1Ga0.9O4
24224,Ag0.2Ga0.8O4
24225,Ag0.05Ga0.95O5
24226,Ag0.1Ga0.9O5
24227,Ag0.2Ga0.8O5
24228,Ag0.05Ga0.95O6
24229,Ag0.1Ga0.9O6
24230,Ag0.2Ga0.8O6
24231,Ag0.05Ga0.95O7
24232,Ag0.1Ga0.9O7
24233,Ag0.2Ga0.8O7
24234,Ag0.05Ga0.95O8
24235,Ag0.1Ga0.9O8
24236,Ag0.2Ga0.8O8
24237,Ag0.05Ga0.95O9
24238,Ag0.1Ga0.9O9
24239,Ag0.2Ga0.8O9
24240,Ag0.05Ga0.95O10
24241,Ag0.1Ga0.9O10
24242,Ag0.2Ga0.8O10
24243,Ag0.1Ga1.9O3
24244,Ag0.2Ga1.8O3
24245,Ag0.4Ga1.6O3
24246,Ag0.1Ga1.9O5
24247,Ag0.2Ga1.8O5
24248,Ag0.4Ga1.6O5
24249,Ag0.1Ga1.9O7
24250,Ag0.2Ga1.8O7
24251,Ag0.4Ga1.6O7
24252,Ag0.1Ga1.9O9
24253,Ag0.2Ga1.8O9
24254,Ag0.4Ga1.6O9
24255,Ag0.15Ga2.85O4
24256,Ag0.3Ga2.7O4
24257,Ag0.6Ga2.4O4
24258,Ag0.15Ga2.85O5
24259,Ag0.3Ga2.7O5
24260,Ag0.6Ga2.4O5
24261,Ag0.15Ga2.85O7
24262,Ag0.3Ga2.7O7
24263,Ag0.6Ga2.4O7
24264,Ag0.15Ga2.85O8
24265,Ag0.3Ga2.7O8
24266,Ag0.6Ga2.4O8
24267,Ag0.15Ga2.85O10
24268,Ag0.3Ga2.7O10
24269,Ag0.6Ga2.4O10
24270,Ag0.2Ga3.8O5
24271,Ag0.4Ga3.6O5
24272,Ag0.8Ga3.2O5
24273,Ag0.2Ga3.8O7
24274,Ag0.4Ga3.6O7
24275,Ag0.8Ga3.2O7
24276,Ag0.2Ga3.8O9
24277,Ag0.4Ga3.6O9
24278,Ag0.8Ga3.2O9
24279,Ag0.25Ga4.75O6
24280,Ag0.5Ga4.5O6
24281,AgGaO6
24282,Ag0.25Ga4.75O7
24283,Ag0.5Ga4.5O7
24284,AgGaO7
24285,Ag0.25Ga4.75O8
24286,Ag0.5Ga4.5O8
24287,AgGaO8
24288,Ag0.25Ga4.75O9
24289,Ag0.5Ga4.5O9
24290,AgGaO9
24291,Ag0.3Ga5.7O7
24292,Ag0.6Ga5.4O7
24293,Ag1.2Ga4.8O7
24294,Ag0.35Ga6.65O8
24295,Ag0.7Ga6.3O8
24296,Ag1.4Ga5.6O8
24297,Ag0.35Ga6.65O9
24298,Ag0.7Ga6.3O9
24299,Ag1.4Ga5.6O9
24300,Ag0.35Ga6.65O10
24301,Ag0.7Ga6.3O10
24302,Ag1.4Ga5.6O10
24303,Ag0.4Ga7.6O9
24304,Ag0.8Ga7.2O9
24305,Ag1.6Ga6.4O9
24306,Ag0.45Ga8.55O10
24307,Ag0.9Ga8.1O10
24308,Ag1.8Ga7.2O10
24309,Pt0.05Ga0.95O
24310,Pt0.1Ga0.9O
24311,Pt0.2Ga0.8O
24312,Pt0.05Ga0.95O2
24313,Pt0.1Ga0.9O2
24314,Pt0.2Ga0.8O2
24315,Pt0.05Ga0.95O3
24316,Pt0.1Ga0.9O3
24317,Pt0.2Ga0.8O3
24318,Pt0.05Ga0.95O4
24319,Pt0.1Ga0.9O4
24320,Pt0.2Ga0.8O4
24321,Pt0.05Ga0.95O5
24322,Pt0.1Ga0.9O5
24323,Pt0.2Ga0.8O5
24324,Pt0.05Ga0.95O6
24325,Pt0.1Ga0.9O6
24326,Pt0.2Ga0.8O6
24327,Pt0.05Ga0.95O7
24328,Pt0.1Ga0.9O7
24329,Pt0.2Ga0.8O7
24330,Pt0.05Ga0.95O8
24331,Pt0.1Ga0.9O8
24332,Pt0.2Ga0.8O8
24333,Pt0.05Ga0.95O9
24334,Pt0.1Ga0.9O9
24335,Pt0.2Ga0.8O9
24336,Pt0.05Ga0.95O10
24337,Pt0.1Ga0.9O10
24338,Pt0.2Ga0.8O10
24339,Pt0.1Ga1.9O3
24340,Pt0.2Ga1.8O3
24341,Pt0.4Ga1.6O3
24342,Pt0.1Ga1.9O5
24343,Pt0.2Ga1.8O5
24344,Pt0.4Ga1.6O5
24345,Pt0.1Ga1.9O7
24346,Pt0.2Ga1.8O7
24347,Pt0.4Ga1.6O7
24348,Pt0.1Ga1.9O9
24349,Pt0.2Ga1.8O9
24350,Pt0.4Ga1.6O9
24351,Pt0.15Ga2.85O4
24352,Pt0.3Ga2.7O4
24353,Pt0.6Ga2.4O4
24354,Pt0.15Ga2.85O5
24355,Pt0.3Ga2.7O5
24356,Pt0.6Ga2.4O5
24357,Pt0.15Ga2.85O7
24358,Pt0.3Ga2.7O7
24359,Pt0.6Ga2.4O7
24360,Pt0.15Ga2.85O8
24361,Pt0.3Ga2.7O8
24362,Pt0.6Ga2.4O8
24363,Pt0.15Ga2.85O10
24364,Pt0.3Ga2.7O10
24365,Pt0.6Ga2.4O10
24366,Pt0.2Ga3.8O5
24367,Pt0.4Ga3.6O5
24368,Pt0.8Ga3.2O5
24369,Pt0.2Ga3.8O7
24370,Pt0.4Ga3.6O7
24371,Pt0.8Ga3.2O7
24372,Pt0.2Ga3.8O9
24373,Pt0.4Ga3.6O9
24374,Pt0.8Ga3.2O9
24375,Pt0.25Ga4.75O6
24376,Pt0.5Ga4.5O6
24377,PtGaO6
24378,Pt0.25Ga4.75O7
24379,Pt0.5Ga4.5O7
24380,PtGaO7
24381,Pt0.25Ga4.75O8
24382,Pt0.5Ga4.5O8
24383,PtGaO8
24384,Pt0.25Ga4.75O9
24385,Pt0.5Ga4.5O9
24386,PtGaO9
24387,Pt0.3Ga5.7O7
24388,Pt0.6Ga5.4O7
24389,Pt1.2Ga4.8O7
24390,Pt0.35Ga6.65O8
24391,Pt0.7Ga6.3O8
24392,Pt1.4Ga5.6O8
24393,Pt0.35Ga6.65O9
24394,Pt0.7Ga6.3O9
24395,Pt1.4Ga5.6O9
24396,Pt0.35Ga6.65O10
24397,Pt0.7Ga6.3O10
24398,Pt1.4Ga5.6O10
24399,Pt0.4Ga7.6O9
24400,Pt0.8Ga7.2O9
24401,Pt1.6Ga6.4O9
24402,Pt0.45Ga8.55O10
24403,Pt0.9Ga8.1O10
24404,Pt1.8Ga7.2O10
24405,Mn0.05In0.95O
24406,Mn0.1In0.9O
24407,Mn0.2In0.8O
24408,Mn0.05In0.95O2
24409,Mn0.1In0.9O2
24410,Mn0.2In0.8O2
24411,Mn0.05In0.95O3
24412,Mn0.1In0.9O3
24413,Mn0.2In0.8O3
24414,Mn0.05In0.95O4
24415,Mn0.1In0.9O4
24416,Mn0.2In0.8O4
24417,Mn0.05In0.95O5
24418,Mn0.1In0.9O5
24419,Mn0.2In0.8O5
24420,Mn0.05In0.95O6
24421,Mn0.1In0.9O6
24422,Mn0.2In0.8O6
24423,Mn0.05In0.95O7
24424,Mn0.1In0.9O7
24425,Mn0.2In0.8O7
24426,Mn0.05In0.95O8
24427,Mn0.1In0.9O8
24428,Mn0.2In0.8O8
24429,Mn0.05In0.95O9
24430,Mn0.1In0.9O9
24431,Mn0.2In0.8O9
24432,Mn0.05In0.95O10
24433,Mn0.1In0.9O10
24434,Mn0.2In0.8O10
24435,Mn0.1In1.9O3
24436,Mn0.2In1.8O3
24437,Mn0.4In1.6O3
24438,Mn0.1In1.9O5
24439,Mn0.2In1.8O5
24440,Mn0.4In1.6O5
24441,Mn0.1In1.9O7
24442,Mn0.2In1.8O7
24443,Mn0.4In1.6O7
24444,Mn0.1In1.9O9
24445,Mn0.2In1.8O9
24446,Mn0.4In1.6O9
24447,Mn0.15In2.85O4
24448,Mn0.3In2.7O4
24449,Mn0.6In2.4O4
24450,Mn0.15In2.85O5
24451,Mn0.3In2.7O5
24452,Mn0.6In2.4O5
24453,Mn0.15In2.85O7
24454,Mn0.3In2.7O7
24455,Mn0.6In2.4O7
24456,Mn0.15In2.85O8
24457,Mn0.3In2.7O8
24458,Mn0.6In2.4O8
24459,Mn0.15In2.85O10
24460,Mn0.3In2.7O10
24461,Mn0.6In2.4O10
24462,Mn0.2In3.8O5
24463,Mn0.4In3.6O5
24464,Mn0.8In3.2O5
24465,Mn0.2In3.8O7
24466,Mn0.4In3.6O7
24467,Mn0.8In3.2O7
24468,Mn0.2In3.8O9
24469,Mn0.4In3.6O9
24470,Mn0.8In3.2O9
24471,Mn0.25In4.75O6
24472,Mn0.5In4.5O6
24473,MnInO6
24474,Mn0.25In4.75O7
24475,Mn0.5In4.5O7
24476,MnInO7
24477,Mn0.25In4.75O8
24478,Mn0.5In4.5O8
24479,MnInO8
24480,Mn0.25In4.75O9
24481,Mn0.5In4.5O9
24482,MnInO9
24483,Mn0.3In5.7O7
24484,Mn0.6In5.4O7
24485,Mn1.2In4.8O7
24486,Mn0.35In6.65O8
24487,Mn0.7In6.3O8
24488,Mn1.4In5.6O8
24489,Mn0.35In6.65O9
24490,Mn0.7In6.3O9
24491,Mn1.4In5.6O9
24492,Mn0.35In6.65O10
24493,Mn0.7In6.3O10
24494,Mn1.4In5.6O10
24495,Mn0.4In7.6O9
24496,Mn0.8In7.2O9
24497,Mn1.6In6.4O9
24498,Mn0.45In8.55O10
24499,Mn0.9In8.1O10
24500,Mn1.8In7.2O10
24501,Fe0.05In0.95O
24502,Fe0.1In0.9O
24503,Fe0.2In0.8O
24504,Fe0.05In0.95O2
24505,Fe0.1In0.9O2
24506,Fe0.2In0.8O2
24507,Fe0.05In0.95O3
24508,Fe0.1In0.9O3
24509,Fe0.2In0.8O3
24510,Fe0.05In0.95O4
24511,Fe0.1In0.9O4
24512,Fe0.2In0.8O4
24513,Fe0.05In0.95O5
24514,Fe0.1In0.9O5
24515,Fe0.2In0.8O5
24516,Fe0.05In0.95O6
24517,Fe0.1In0.9O6
24518,Fe0.2In0.8O6
24519,Fe0.05In0.95O7
24520,Fe0.1In0.9O7
24521,Fe0.2In0.8O7
24522,Fe0.05In0.95O8
24523,Fe0.1In0.9O8
24524,Fe0.2In0.8O8
24525,Fe0.05In0.95O9
24526,Fe0.1In0.9O9
24527,Fe0.2In0.8O9
24528,Fe0.05In0.95O10
24529,Fe0.1In0.9O10
24530,Fe0.2In0.8O10
24531,Fe0.1In1.9O3
24532,Fe0.2In1.8O3
24533,Fe0.4In1.6O3
24534,Fe0.1In1.9O5
24535,Fe0.2In1.8O5
24536,Fe0.4In1.6O5
24537,Fe0.1In1.9O7
24538,Fe0.2In1.8O7
24539,Fe0.4In1.6O7
24540,Fe0.1In1.9O9
24541,Fe0.2In1.8O9
24542,Fe0.4In1.6O9
24543,Fe0.15In2.85O4
24544,Fe0.3In2.7O4
24545,Fe0.6In2.4O4
24546,Fe0.15In2.85O5
24547,Fe0.3In2.7O5
24548,Fe0.6In2.4O5
24549,Fe0.15In2.85O7
24550,Fe0.3In2.7O7
24551,Fe0.6In2.4O7
24552,Fe0.15In2.85O8
24553,Fe0.3In2.7O8
24554,Fe0.6In2.4O8
24555,Fe0.15In2.85O10
24556,Fe0.3In2.7O10
24557,Fe0.6In2.4O10
24558,Fe0.2In3.8O5
24559,Fe0.4In3.6O5
24560,Fe0.8In3.2O5
24561,Fe0.2In3.8O7
24562,Fe0.4In3.6O7
24563,Fe0.8In3.2O7
24564,Fe0.2In3.8O9
24565,Fe0.4In3.6O9
24566,Fe0.8In3.2O9
24567,Fe0.25In4.75O6
24568,Fe0.5In4.5O6
24569,FeInO6
24570,Fe0.25In4.75O7
24571,Fe0.5In4.5O7
24572,FeInO7
24573,Fe0.25In4.75O8
24574,Fe0.5In4.5O8
24575,FeInO8
24576,Fe0.25In4.75O9
24577,Fe0.5In4.5O9
24578,FeInO9
24579,Fe0.3In5.7O7
24580,Fe0.6In5.4O7
24581,Fe1.2In4.8O7
24582,Fe0.35In6.65O8
24583,Fe0.7In6.3O8
24584,Fe1.4In5.6O8
24585,Fe0.35In6.65O9
24586,Fe0.7In6.3O9
24587,Fe1.4In5.6O9
24588,Fe0.35In6.65O10
24589,Fe0.7In6.3O10
24590,Fe1.4In5.6O10
24591,Fe0.4In7.6O9
24592,Fe0.8In7.2O9
24593,Fe1.6In6.4O9
24594,Fe0.45In8.55O10
24595,Fe0.9In8.1O10
24596,Fe1.8In7.2O10
24597,Co0.05In0.95O
24598,Co0.1In0.9O
24599,Co0.2In0.8O
24600,Co0.05In0.95O2
24601,Co0.1In0.9O2
24602,Co0.2In0.8O2
24603,Co0.05In0.95O3
24604,Co0.1In0.9O3
24605,Co0.2In0.8O3
24606,Co0.05In0.95O4
24607,Co0.1In0.9O4
24608,Co0.2In0.8O4
24609,Co0.05In0.95O5
24610,Co0.1In0.9O5
24611,Co0.2In0.8O5
24612,Co0.05In0.95O6
24613,Co0.1In0.9O6
24614,Co0.2In0.8O6
24615,Co0.05In0.95O7
24616,Co0.1In0.9O7
24617,Co0.2In0.8O7
24618,Co0.05In0.95O8
24619,Co0.1In0.9O8
24620,Co0.2In0.8O8
24621,Co0.05In0.95O9
24622,Co0.1In0.9O9
24623,Co0.2In0.8O9
24624,Co0.05In0.95O10
24625,Co0.1In0.9O10
24626,Co0.2In0.8O10
24627,Co0.1In1.9O3
24628,Co0.2In1.8O3
24629,Co0.4In1.6O3
24630,Co0.1In1.9O5
24631,Co0.2In1.8O5
24632,Co0.4In1.6O5
24633,Co0.1In1.9O7
24634,Co0.2In1.8O7
24635,Co0.4In1.6O7
24636,Co0.1In1.9O9
24637,Co0.2In1.8O9
24638,Co0.4In1.6O9
24639,Co0.15In2.85O4
24640,Co0.3In2.7O4
24641,Co0.6In2.4O4
24642,Co0.15In2.85O5
24643,Co0.3In2.7O5
24644,Co0.6In2.4O5
24645,Co0.15In2.85O7
24646,Co0.3In2.7O7
24647,Co0.6In2.4O7
24648,Co0.15In2.85O8
24649,Co0.3In2.7O8
24650,Co0.6In2.4O8
24651,Co0.15In2.85O10
24652,Co0.3In2.7O10
24653,Co0.6In2.4O10
24654,Co0.2In3.8O5
24655,Co0.4In3.6O5
24656,Co0.8In3.2O5
24657,Co0.2In3.8O7
24658,Co0.4In3.6O7
24659,Co0.8In3.2O7
24660,Co0.2In3.8O9
24661,Co0.4In3.6O9
24662,Co0.8In3.2O9
24663,Co0.25In4.75O6
24664,Co0.5In4.5O6
24665,CoInO6
24666,Co0.25In4.75O7
24667,Co0.5In4.5O7
24668,CoInO7
24669,Co0.25In4.75O8
24670,Co0.5In4.5O8
24671,CoInO8
24672,Co0.25In4.75O9
24673,Co0.5In4.5O9
24674,CoInO9
24675,Co0.3In5.7O7
24676,Co0.6In5.4O7
24677,Co1.2In4.8O7
24678,Co0.35In6.65O8
24679,Co0.7In6.3O8
24680,Co1.4In5.6O8
24681,Co0.35In6.65O9
24682,Co0.7In6.3O9
24683,Co1.4In5.6O9
24684,Co0.35In6.65O10
24685,Co0.7In6.3O10
24686,Co1.4In5.6O10
24687,Co0.4In7.6O9
24688,Co0.8In7.2O9
24689,Co1.6In6.4O9
24690,Co0.45In8.55O10
24691,Co0.9In8.1O10
24692,Co1.8In7.2O10
24693,Ni0.05In0.95O
24694,Ni0.1In0.9O
24695,Ni0.2In0.8O
24696,Ni0.05In0.95O2
24697,Ni0.1In0.9O2
24698,Ni0.2In0.8O2
24699,Ni0.05In0.95O3
24700,Ni0.1In0.9O3
24701,Ni0.2In0.8O3
24702,Ni0.05In0.95O4
24703,Ni0.1In0.9O4
24704,Ni0.2In0.8O4
24705,Ni0.05In0.95O5
24706,Ni0.1In0.9O5
24707,Ni0.2In0.8O5
24708,Ni0.05In0.95O6
24709,Ni0.1In0.9O6
24710,Ni0.2In0.8O6
24711,Ni0.05In0.95O7
24712,Ni0.1In0.9O7
24713,Ni0.2In0.8O7
24714,Ni0.05In0.95O8
24715,Ni0.1In0.9O8
24716,Ni0.2In0.8O8
24717,Ni0.05In0.95O9
24718,Ni0.1In0.9O9
24719,Ni0.2In0.8O9
24720,Ni0.05In0.95O10
24721,Ni0.1In0.9O10
24722,Ni0.2In0.8O10
24723,Ni0.1In1.9O3
24724,Ni0.2In1.8O3
24725,Ni0.4In1.6O3
24726,Ni0.1In1.9O5
24727,Ni0.2In1.8O5
24728,Ni0.4In1.6O5
24729,Ni0.1In1.9O7
24730,Ni0.2In1.8O7
24731,Ni0.4In1.6O7
24732,Ni0.1In1.9O9
24733,Ni0.2In1.8O9
24734,Ni0.4In1.6O9
24735,Ni0.15In2.85O4
24736,Ni0.3In2.7O4
24737,Ni0.6In2.4O4
24738,Ni0.15In2.85O5
24739,Ni0.3In2.7O5
24740,Ni0.6In2.4O5
24741,Ni0.15In2.85O7
24742,Ni0.3In2.7O7
24743,Ni0.6In2.4O7
24744,Ni0.15In2.85O8
24745,Ni0.3In2.7O8
24746,Ni0.6In2.4O8
24747,Ni0.15In2.85O10
24748,Ni0.3In2.7O10
24749,Ni0.6In2.4O10
24750,Ni0.2In3.8O5
24751,Ni0.4In3.6O5
24752,Ni0.8In3.2O5
24753,Ni0.2In3.8O7
24754,Ni0.4In3.6O7
24755,Ni0.8In3.2O7
24756,Ni0.2In3.8O9
24757,Ni0.4In3.6O9
24758,Ni0.8In3.2O9
24759,Ni0.25In4.75O6
24760,Ni0.5In4.5O6
24761,NiInO6
24762,Ni0.25In4.75O7
24763,Ni0.5In4.5O7
24764,NiInO7
24765,Ni0.25In4.75O8
24766,Ni0.5In4.5O8
24767,NiInO8
24768,Ni0.25In4.75O9
24769,Ni0.5In4.5O9
24770,NiInO9
24771,Ni0.3In5.7O7
24772,Ni0.6In5.4O7
24773,Ni1.2In4.8O7
24774,Ni0.35In6.65O8
24775,Ni0.7In6.3O8
24776,Ni1.4In5.6O8
24777,Ni0.35In6.65O9
24778,Ni0.7In6.3O9
24779,Ni1.4In5.6O9
24780,Ni0.35In6.65O10
24781,Ni0.7In6.3O10
24782,Ni1.4In5.6O10
24783,Ni0.4In7.6O9
24784,Ni0.8In7.2O9
24785,Ni1.6In6.4O9
24786,Ni0.45In8.55O10
24787,Ni0.9In8.1O10
24788,Ni1.8In7.2O10
24789,Ru0.05In0.95O
24790,Ru0.1In0.9O
24791,Ru0.2In0.8O
24792,Ru0.05In0.95O2
24793,Ru0.1In0.9O2
24794,Ru0.2In0.8O2
24795,Ru0.05In0.95O3
24796,Ru0.1In0.9O3
24797,Ru0.2In0.8O3
24798,Ru0.05In0.95O4
24799,Ru0.1In0.9O4
24800,Ru0.2In0.8O4
24801,Ru0.05In0.95O5
24802,Ru0.1In0.9O5
24803,Ru0.2In0.8O5
24804,Ru0.05In0.95O6
24805,Ru0.1In0.9O6
24806,Ru0.2In0.8O6
24807,Ru0.05In0.95O7
24808,Ru0.1In0.9O7
24809,Ru0.2In0.8O7
24810,Ru0.05In0.95O8
24811,Ru0.1In0.9O8
24812,Ru0.2In0.8O8
24813,Ru0.05In0.95O9
24814,Ru0.1In0.9O9
24815,Ru0.2In0.8O9
24816,Ru0.05In0.95O10
24817,Ru0.1In0.9O10
24818,Ru0.2In0.8O10
24819,Ru0.1In1.9O3
24820,Ru0.2In1.8O3
24821,Ru0.4In1.6O3
24822,Ru0.1In1.9O5
24823,Ru0.2In1.8O5
24824,Ru0.4In1.6O5
24825,Ru0.1In1.9O7
24826,Ru0.2In1.8O7
24827,Ru0.4In1.6O7
24828,Ru0.1In1.9O9
24829,Ru0.2In1.8O9
24830,Ru0.4In1.6O9
24831,Ru0.15In2.85O4
24832,Ru0.3In2.7O4
24833,Ru0.6In2.4O4
24834,Ru0.15In2.85O5
24835,Ru0.3In2.7O5
24836,Ru0.6In2.4O5
24837,Ru0.15In2.85O7
24838,Ru0.3In2.7O7
24839,Ru0.6In2.4O7
24840,Ru0.15In2.85O8
24841,Ru0.3In2.7O8
24842,Ru0.6In2.4O8
24843,Ru0.15In2.85O10
24844,Ru0.3In2.7O10
24845,Ru0.6In2.4O10
24846,Ru0.2In3.8O5
24847,Ru0.4In3.6O5
24848,Ru0.8In3.2O5
24849,Ru0.2In3.8O7
24850,Ru0.4In3.6O7
24851,Ru0.8In3.2O7
24852,Ru0.2In3.8O9
24853,Ru0.4In3.6O9
24854,Ru0.8In3.2O9
24855,Ru0.25In4.75O6
24856,Ru0.5In4.5O6
24857,RuInO6
24858,Ru0.25In4.75O7
24859,Ru0.5In4.5O7
24860,RuInO7
24861,Ru0.25In4.75O8
24862,Ru0.5In4.5O8
24863,RuInO8
24864,Ru0.25In4.75O9
24865,Ru0.5In4.5O9
24866,RuInO9
24867,Ru0.3In5.7O7
24868,Ru0.6In5.4O7
24869,Ru1.2In4.8O7
24870,Ru0.35In6.65O8
24871,Ru0.7In6.3O8
24872,Ru1.4In5.6O8
24873,Ru0.35In6.65O9
24874,Ru0.7In6.3O9
24875,Ru1.4In5.6O9
24876,Ru0.35In6.65O10
24877,Ru0.7In6.3O10
24878,Ru1.4In5.6O10
24879,Ru0.4In7.6O9
24880,Ru0.8In7.2O9
24881,Ru1.6In6.4O9
24882,Ru0.45In8.55O10
24883,Ru0.9In8.1O10
24884,Ru1.8In7.2O10
24885,Pd0.05In0.95O
24886,Pd0.1In0.9O
24887,Pd0.2In0.8O
24888,Pd0.05In0.95O2
24889,Pd0.1In0.9O2
24890,Pd0.2In0.8O2
24891,Pd0.05In0.95O3
24892,Pd0.1In0.9O3
24893,Pd0.2In0.8O3
24894,Pd0.05In0.95O4
24895,Pd0.1In0.9O4
24896,Pd0.2In0.8O4
24897,Pd0.05In0.95O5
24898,Pd0.1In0.9O5
24899,Pd0.2In0.8O5
24900,Pd0.05In0.95O6
24901,Pd0.1In0.9O6
24902,Pd0.2In0.8O6
24903,Pd0.05In0.95O7
24904,Pd0.1In0.9O7
24905,Pd0.2In0.8O7
24906,Pd0.05In0.95O8
24907,Pd0.1In0.9O8
24908,Pd0.2In0.8O8
24909,Pd0.05In0.95O9
24910,Pd0.1In0.9O9
24911,Pd0.2In0.8O9
24912,Pd0.05In0.95O10
24913,Pd0.1In0.9O10
24914,Pd0.2In0.8O10
24915,Pd0.1In1.9O3
24916,Pd0.2In1.8O3
24917,Pd0.4In1.6O3
24918,Pd0.1In1.9O5
24919,Pd0.2In1.8O5
24920,Pd0.4In1.6O5
24921,Pd0.1In1.9O7
24922,Pd0.2In1.8O7
24923,Pd0.4In1.6O7
24924,Pd0.1In1.9O9
24925,Pd0.2In1.8O9
24926,Pd0.4In1.6O9
24927,Pd0.15In2.85O4
24928,Pd0.3In2.7O4
24929,Pd0.6In2.4O4
24930,Pd0.15In2.85O5
24931,Pd0.3In2.7O5
24932,Pd0.6In2.4O5
24933,Pd0.15In2.85O7
24934,Pd0.3In2.7O7
24935,Pd0.6In2.4O7
24936,Pd0.15In2.85O8
24937,Pd0.3In2.7O8
24938,Pd0.6In2.4O8
24939,Pd0.15In2.85O10
24940,Pd0.3In2.7O10
24941,Pd0.6In2.4O10
24942,Pd0.2In3.8O5
24943,Pd0.4In3.6O5
24944,Pd0.8In3.2O5
24945,Pd0.2In3.8O7
24946,Pd0.4In3.6O7
24947,Pd0.8In3.2O7
24948,Pd0.2In3.8O9
24949,Pd0.4In3.6O9
24950,Pd0.8In3.2O9
24951,Pd0.25In4.75O6
24952,Pd0.5In4.5O6
24953,PdInO6
24954,Pd0.25In4.75O7
24955,Pd0.5In4.5O7
24956,PdInO7
24957,Pd0.25In4.75O8
24958,Pd0.5In4.5O8
24959,PdInO8
24960,Pd0.25In4.75O9
24961,Pd0.5In4.5O9
24962,PdInO9
24963,Pd0.3In5.7O7
24964,Pd0.6In5.4O7
24965,Pd1.2In4.8O7
24966,Pd0.35In6.65O8
24967,Pd0.7In6.3O8
24968,Pd1.4In5.6O8
24969,Pd0.35In6.65O9
24970,Pd0.7In6.3O9
24971,Pd1.4In5.6O9
24972,Pd0.35In6.65O10
24973,Pd0.7In6.3O10
24974,Pd1.4In5.6O10
24975,Pd0.4In7.6O9
24976,Pd0.8In7.2O9
24977,Pd1.6In6.4O9
24978,Pd0.45In8.55O10
24979,Pd0.9In8.1O10
24980,Pd1.8In7.2O10
24981,Ag0.05In0.95O
24982,Ag0.1In0.9O
24983,Ag0.2In0.8O
24984,Ag0.05In0.95O2
24985,Ag0.1In0.9O2
24986,Ag0.2In0.8O2
24987,Ag0.05In0.95O3
24988,Ag0.1In0.9O3
24989,Ag0.2In0.8O3
24990,Ag0.05In0.95O4
24991,Ag0.1In0.9O4
24992,Ag0.2In0.8O4
24993,Ag0.05In0.95O5
24994,Ag0.1In0.9O5
24995,Ag0.2In0.8O5
24996,Ag0.05In0.95O6
24997,Ag0.1In0.9O6
24998,Ag0.2In0.8O6
24999,Ag0.05In0.95O7
25000,Ag0.1In0.9O7
25001,Ag0.2In0.8O7
25002,Ag0.05In0.95O8
25003,Ag0.1In0.9O8
25004,Ag0.2In0.8O8
25005,Ag0.05In0.95O9
25006,Ag0.1In0.9O9
25007,Ag0.2In0.8O9
25008,Ag0.05In0.95O10
25009,Ag0.1In0.9O10
25010,Ag0.2In0.8O10
25011,Ag0.1In1.9O3
25012,Ag0.2In1.8O3
25013,Ag0.4In1.6O3
25014,Ag0.1In1.9O5
25015,Ag0.2In1.8O5
25016,Ag0.4In1.6O5
25017,Ag0.1In1.9O7
25018,Ag0.2In1.8O7
25019,Ag0.4In1.6O7
25020,Ag0.1In1.9O9
25021,Ag0.2In1.8O9
25022,Ag0.4In1.6O9
25023,Ag0.15In2.85O4
25024,Ag0.3In2.7O4
25025,Ag0.6In2.4O4
25026,Ag0.15In2.85O5
25027,Ag0.3In2.7O5
25028,Ag0.6In2.4O5
25029,Ag0.15In2.85O7
25030,Ag0.3In2.7O7
25031,Ag0.6In2.4O7
25032,Ag0.15In2.85O8
25033,Ag0.3In2.7O8
25034,Ag0.6In2.4O8
25035,Ag0.15In2.85O10
25036,Ag0.3In2.7O10
25037,Ag0.6In2.4O10
25038,Ag0.2In3.8O5
25039,Ag0.4In3.6O5
25040,Ag0.8In3.2O5
25041,Ag0.2In3.8O7
25042,Ag0.4In3.6O7
25043,Ag0.8In3.2O7
25044,Ag0.2In3.8O9
25045,Ag0.4In3.6O9
25046,Ag0.8In3.2O9
25047,Ag0.25In4.75O6
25048,Ag0.5In4.5O6
25049,AgInO6
25050,Ag0.25In4.75O7
25051,Ag0.5In4.5O7
25052,AgInO7
25053,Ag0.25In4.75O8
25054,Ag0.5In4.5O8
25055,AgInO8
25056,Ag0.25In4.75O9
25057,Ag0.5In4.5O9
25058,AgInO9
25059,Ag0.3In5.7O7
25060,Ag0.6In5.4O7
25061,Ag1.2In4.8O7
25062,Ag0.35In6.65O8
25063,Ag0.7In6.3O8
25064,Ag1.4In5.6O8
25065,Ag0.35In6.65O9
25066,Ag0.7In6.3O9
25067,Ag1.4In5.6O9
25068,Ag0.35In6.65O10
25069,Ag0.7In6.3O10
25070,Ag1.4In5.6O10
25071,Ag0.4In7.6O9
25072,Ag0.8In7.2O9
25073,Ag1.6In6.4O9
25074,Ag0.45In8.55O10
25075,Ag0.9In8.1O10
25076,Ag1.8In7.2O10
25077,Pt0.05In0.95O
25078,Pt0.1In0.9O
25079,Pt0.2In0.8O
25080,Pt0.05In0.95O2
25081,Pt0.1In0.9O2
25082,Pt0.2In0.8O2
25083,Pt0.05In0.95O3
25084,Pt0.1In0.9O3
25085,Pt0.2In0.8O3
25086,Pt0.05In0.95O4
25087,Pt0.1In0.9O4
25088,Pt0.2In0.8O4
25089,Pt0.05In0.95O5
25090,Pt0.1In0.9O5
25091,Pt0.2In0.8O5
25092,Pt0.05In0.95O6
25093,Pt0.1In0.9O6
25094,Pt0.2In0.8O6
25095,Pt0.05In0.95O7
25096,Pt0.1In0.9O7
25097,Pt0.2In0.8O7
25098,Pt0.05In0.95O8
25099,Pt0.1In0.9O8
25100,Pt0.2In0.8O8
25101,Pt0.05In0.95O9
25102,Pt0.1In0.9O9
25103,Pt0.2In0.8O9
25104,Pt0.05In0.95O10
25105,Pt0.1In0.9O10
25106,Pt0.2In0.8O10
25107,Pt0.1In1.9O3
25108,Pt0.2In1.8O3
25109,Pt0.4In1.6O3
25110,Pt0.1In1.9O5
25111,Pt0.2In1.8O5
25112,Pt0.4In1.6O5
25113,Pt0.1In1.9O7
25114,Pt0.2In1.8O7
25115,Pt0.4In1.6O7
25116,Pt0.1In1.9O9
25117,Pt0.2In1.8O9
25118,Pt0.4In1.6O9
25119,Pt0.15In2.85O4
25120,Pt0.3In2.7O4
25121,Pt0.6In2.4O4
25122,Pt0.15In2.85O5
25123,Pt0.3In2.7O5
25124,Pt0.6In2.4O5
25125,Pt0.15In2.85O7
25126,Pt0.3In2.7O7
25127,Pt0.6In2.4O7
25128,Pt0.15In2.85O8
25129,Pt0.3In2.7O8
25130,Pt0.6In2.4O8
25131,Pt0.15In2.85O10
25132,Pt0.3In2.7O10
25133,Pt0.6In2.4O10
25134,Pt0.2In3.8O5
25135,Pt0.4In3.6O5
25136,Pt0.8In3.2O5
25137,Pt0.2In3.8O7
25138,Pt0.4In3.6O7
25139,Pt0.8In3.2O7
25140,Pt0.2In3.8O9
25141,Pt0.4In3.6O9
25142,Pt0.8In3.2O9
25143,Pt0.25In4.75O6
25144,Pt0.5In4.5O6
25145,PtInO6
25146,Pt0.25In4.75O7
25147,Pt0.5In4.5O7
25148,PtInO7
25149,Pt0.25In4.75O8
25150,Pt0.5In4.5O8
25151,PtInO8
25152,Pt0.25In4.75O9
25153,Pt0.5In4.5O9
25154,PtInO9
25155,Pt0.3In5.7O7
25156,Pt0.6In5.4O7
25157,Pt1.2In4.8O7
25158,Pt0.35In6.65O8
25159,Pt0.7In6.3O8
25160,Pt1.4In5.6O8
25161,Pt0.35In6.65O9
25162,Pt0.7In6.3O9
25163,Pt1.4In5.6O9
25164,Pt0.35In6.65O10
25165,Pt0.7In6.3O10
25166,Pt1.4In5.6O10
25167,Pt0.4In7.6O9
25168,Pt0.8In7.2O9
25169,Pt1.6In6.4O9
25170,Pt0.45In8.55O10
25171,Pt0.9In8.1O10
25172,Pt1.8In7.2O10
25173,Mn0.05Sn0.95O
25174,Mn0.1Sn0.9O
25175,Mn0.2Sn0.8O
25176,Mn0.05Sn0.95O2
25177,Mn0.1Sn0.9O2
25178,Mn0.2Sn0.8O2
25179,Mn0.05Sn0.95O3
25180,Mn0.1Sn0.9O3
25181,Mn0.2Sn0.8O3
25182,Mn0.05Sn0.95O4
25183,Mn0.1Sn0.9O4
25184,Mn0.2Sn0.8O4
25185,Mn0.05Sn0.95O5
25186,Mn0.1Sn0.9O5
25187,Mn0.2Sn0.8O5
25188,Mn0.05Sn0.95O6
25189,Mn0.1Sn0.9O6
25190,Mn0.2Sn0.8O6
25191,Mn0.05Sn0.95O7
25192,Mn0.1Sn0.9O7
25193,Mn0.2Sn0.8O7
25194,Mn0.05Sn0.95O8
25195,Mn0.1Sn0.9O8
25196,Mn0.2Sn0.8O8
25197,Mn0.05Sn0.95O9
25198,Mn0.1Sn0.9O9
25199,Mn0.2Sn0.8O9
25200,Mn0.05Sn0.95O10
25201,Mn0.1Sn0.9O10
25202,Mn0.2Sn0.8O10
25203,Mn0.1Sn1.9O3
25204,Mn0.2Sn1.8O3
25205,Mn0.4Sn1.6O3
25206,Mn0.1Sn1.9O5
25207,Mn0.2Sn1.8O5
25208,Mn0.4Sn1.6O5
25209,Mn0.1Sn1.9O7
25210,Mn0.2Sn1.8O7
25211,Mn0.4Sn1.6O7
25212,Mn0.1Sn1.9O9
25213,Mn0.2Sn1.8O9
25214,Mn0.4Sn1.6O9
25215,Mn0.15Sn2.85O4
25216,Mn0.3Sn2.7O4
25217,Mn0.6Sn2.4O4
25218,Mn0.15Sn2.85O5
25219,Mn0.3Sn2.7O5
25220,Mn0.6Sn2.4O5
25221,Mn0.15Sn2.85O7
25222,Mn0.3Sn2.7O7
25223,Mn0.6Sn2.4O7
25224,Mn0.15Sn2.85O8
25225,Mn0.3Sn2.7O8
25226,Mn0.6Sn2.4O8
25227,Mn0.15Sn2.85O10
25228,Mn0.3Sn2.7O10
25229,Mn0.6Sn2.4O10
25230,Mn0.2Sn3.8O5
25231,Mn0.4Sn3.6O5
25232,Mn0.8Sn3.2O5
25233,Mn0.2Sn3.8O7
25234,Mn0.4Sn3.6O7
25235,Mn0.8Sn3.2O7
25236,Mn0.2Sn3.8O9
25237,Mn0.4Sn3.6O9
25238,Mn0.8Sn3.2O9
25239,Mn0.25Sn4.75O6
25240,Mn0.5Sn4.5O6
25241,MnSnO6
25242,Mn0.25Sn4.75O7
25243,Mn0.5Sn4.5O7
25244,MnSnO7
25245,Mn0.25Sn4.75O8
25246,Mn0.5Sn4.5O8
25247,MnSnO8
25248,Mn0.25Sn4.75O9
25249,Mn0.5Sn4.5O9
25250,MnSnO9
25251,Mn0.3Sn5.7O7
25252,Mn0.6Sn5.4O7
25253,Mn1.2Sn4.8O7
25254,Mn0.35Sn6.65O8
25255,Mn0.7Sn6.3O8
25256,Mn1.4Sn5.6O8
25257,Mn0.35Sn6.65O9
25258,Mn0.7Sn6.3O9
25259,Mn1.4Sn5.6O9
25260,Mn0.35Sn6.65O10
25261,Mn0.7Sn6.3O10
25262,Mn1.4Sn5.6O10
25263,Mn0.4Sn7.6O9
25264,Mn0.8Sn7.2O9
25265,Mn1.6Sn6.4O9
25266,Mn0.45Sn8.55O10
25267,Mn0.9Sn8.1O10
25268,Mn1.8Sn7.2O10
25269,Fe0.05Sn0.95O
25270,Fe0.1Sn0.9O
25271,Fe0.2Sn0.8O
25272,Fe0.05Sn0.95O2
25273,Fe0.1Sn0.9O2
25274,Fe0.2Sn0.8O2
25275,Fe0.05Sn0.95O3
25276,Fe0.1Sn0.9O3
25277,Fe0.2Sn0.8O3
25278,Fe0.05Sn0.95O4
25279,Fe0.1Sn0.9O4
25280,Fe0.2Sn0.8O4
25281,Fe0.05Sn0.95O5
25282,Fe0.1Sn0.9O5
25283,Fe0.2Sn0.8O5
25284,Fe0.05Sn0.95O6
25285,Fe0.1Sn0.9O6
25286,Fe0.2Sn0.8O6
25287,Fe0.05Sn0.95O7
25288,Fe0.1Sn0.9O7
25289,Fe0.2Sn0.8O7
25290,Fe0.05Sn0.95O8
25291,Fe0.1Sn0.9O8
25292,Fe0.2Sn0.8O8
25293,Fe0.05Sn0.95O9
25294,Fe0.1Sn0.9O9
25295,Fe0.2Sn0.8O9
25296,Fe0.05Sn0.95O10
25297,Fe0.1Sn0.9O10
25298,Fe0.2Sn0.8O10
25299,Fe0.1Sn1.9O3
25300,Fe0.2Sn1.8O3
25301,Fe0.4Sn1.6O3
25302,Fe0.1Sn1.9O5
25303,Fe0.2Sn1.8O5
25304,Fe0.4Sn1.6O5
25305,Fe0.1Sn1.9O7
25306,Fe0.2Sn1.8O7
25307,Fe0.4Sn1.6O7
25308,Fe0.1Sn1.9O9
25309,Fe0.2Sn1.8O9
25310,Fe0.4Sn1.6O9
25311,Fe0.15Sn2.85O4
25312,Fe0.3Sn2.7O4
25313,Fe0.6Sn2.4O4
25314,Fe0.15Sn2.85O5
25315,Fe0.3Sn2.7O5
25316,Fe0.6Sn2.4O5
25317,Fe0.15Sn2.85O7
25318,Fe0.3Sn2.7O7
25319,Fe0.6Sn2.4O7
25320,Fe0.15Sn2.85O8
25321,Fe0.3Sn2.7O8
25322,Fe0.6Sn2.4O8
25323,Fe0.15Sn2.85O10
25324,Fe0.3Sn2.7O10
25325,Fe0.6Sn2.4O10
25326,Fe0.2Sn3.8O5
25327,Fe0.4Sn3.6O5
25328,Fe0.8Sn3.2O5
25329,Fe0.2Sn3.8O7
25330,Fe0.4Sn3.6O7
25331,Fe0.8Sn3.2O7
25332,Fe0.2Sn3.8O9
25333,Fe0.4Sn3.6O9
25334,Fe0.8Sn3.2O9
25335,Fe0.25Sn4.75O6
25336,Fe0.5Sn4.5O6
25337,FeSnO6
25338,Fe0.25Sn4.75O7
25339,Fe0.5Sn4.5O7
25340,FeSnO7
25341,Fe0.25Sn4.75O8
25342,Fe0.5Sn4.5O8
25343,FeSnO8
25344,Fe0.25Sn4.75O9
25345,Fe0.5Sn4.5O9
25346,FeSnO9
25347,Fe0.3Sn5.7O7
25348,Fe0.6Sn5.4O7
25349,Fe1.2Sn4.8O7
25350,Fe0.35Sn6.65O8
25351,Fe0.7Sn6.3O8
25352,Fe1.4Sn5.6O8
25353,Fe0.35Sn6.65O9
25354,Fe0.7Sn6.3O9
25355,Fe1.4Sn5.6O9
25356,Fe0.35Sn6.65O10
25357,Fe0.7Sn6.3O10
25358,Fe1.4Sn5.6O10
25359,Fe0.4Sn7.6O9
25360,Fe0.8Sn7.2O9
25361,Fe1.6Sn6.4O9
25362,Fe0.45Sn8.55O10
25363,Fe0.9Sn8.1O10
25364,Fe1.8Sn7.2O10
25365,Co0.05Sn0.95O
25366,Co0.1Sn0.9O
25367,Co0.2Sn0.8O
25368,Co0.05Sn0.95O2
25369,Co0.1Sn0.9O2
25370,Co0.2Sn0.8O2
25371,Co0.05Sn0.95O3
25372,Co0.1Sn0.9O3
25373,Co0.2Sn0.8O3
25374,Co0.05Sn0.95O4
25375,Co0.1Sn0.9O4
25376,Co0.2Sn0.8O4
25377,Co0.05Sn0.95O5
25378,Co0.1Sn0.9O5
25379,Co0.2Sn0.8O5
25380,Co0.05Sn0.95O6
25381,Co0.1Sn0.9O6
25382,Co0.2Sn0.8O6
25383,Co0.05Sn0.95O7
25384,Co0.1Sn0.9O7
25385,Co0.2Sn0.8O7
25386,Co0.05Sn0.95O8
25387,Co0.1Sn0.9O8
25388,Co0.2Sn0.8O8
25389,Co0.05Sn0.95O9
25390,Co0.1Sn0.9O9
25391,Co0.2Sn0.8O9
25392,Co0.05Sn0.95O10
25393,Co0.1Sn0.9O10
25394,Co0.2Sn0.8O10
25395,Co0.1Sn1.9O3
25396,Co0.2Sn1.8O3
25397,Co0.4Sn1.6O3
25398,Co0.1Sn1.9O5
25399,Co0.2Sn1.8O5
25400,Co0.4Sn1.6O5
25401,Co0.1Sn1.9O7
25402,Co0.2Sn1.8O7
25403,Co0.4Sn1.6O7
25404,Co0.1Sn1.9O9
25405,Co0.2Sn1.8O9
25406,Co0.4Sn1.6O9
25407,Co0.15Sn2.85O4
25408,Co0.3Sn2.7O4
25409,Co0.6Sn2.4O4
25410,Co0.15Sn2.85O5
25411,Co0.3Sn2.7O5
25412,Co0.6Sn2.4O5
25413,Co0.15Sn2.85O7
25414,Co0.3Sn2.7O7
25415,Co0.6Sn2.4O7
25416,Co0.15Sn2.85O8
25417,Co0.3Sn2.7O8
25418,Co0.6Sn2.4O8
25419,Co0.15Sn2.85O10
25420,Co0.3Sn2.7O10
25421,Co0.6Sn2.4O10
25422,Co0.2Sn3.8O5
25423,Co0.4Sn3.6O5
25424,Co0.8Sn3.2O5
25425,Co0.2Sn3.8O7
25426,Co0.4Sn3.6O7
25427,Co0.8Sn3.2O7
25428,Co0.2Sn3.8O9
25429,Co0.4Sn3.6O9
25430,Co0.8Sn3.2O9
25431,Co0.25Sn4.75O6
25432,Co0.5Sn4.5O6
25433,CoSnO6
25434,Co0.25Sn4.75O7
25435,Co0.5Sn4.5O7
25436,CoSnO7
25437,Co0.25Sn4.75O8
25438,Co0.5Sn4.5O8
25439,CoSnO8
25440,Co0.25Sn4.75O9
25441,Co0.5Sn4.5O9
25442,CoSnO9
25443,Co0.3Sn5.7O7
25444,Co0.6Sn5.4O7
25445,Co1.2Sn4.8O7
25446,Co0.35Sn6.65O8
25447,Co0.7Sn6.3O8
25448,Co1.4Sn5.6O8
25449,Co0.35Sn6.65O9
25450,Co0.7Sn6.3O9
25451,Co1.4Sn5.6O9
25452,Co0.35Sn6.65O10
25453,Co0.7Sn6.3O10
25454,Co1.4Sn5.6O10
25455,Co0.4Sn7.6O9
25456,Co0.8Sn7.2O9
25457,Co1.6Sn6.4O9
25458,Co0.45Sn8.55O10
25459,Co0.9Sn8.1O10
25460,Co1.8Sn7.2O10
25461,Ni0.05Sn0.95O
25462,Ni0.1Sn0.9O
25463,Ni0.2Sn0.8O
25464,Ni0.05Sn0.95O2
25465,Ni0.1Sn0.9O2
25466,Ni0.2Sn0.8O2
25467,Ni0.05Sn0.95O3
25468,Ni0.1Sn0.9O3
25469,Ni0.2Sn0.8O3
25470,Ni0.05Sn0.95O4
25471,Ni0.1Sn0.9O4
25472,Ni0.2Sn0.8O4
25473,Ni0.05Sn0.95O5
25474,Ni0.1Sn0.9O5
25475,Ni0.2Sn0.8O5
25476,Ni0.05Sn0.95O6
25477,Ni0.1Sn0.9O6
25478,Ni0.2Sn0.8O6
25479,Ni0.05Sn0.95O7
25480,Ni0.1Sn0.9O7
25481,Ni0.2Sn0.8O7
25482,Ni0.05Sn0.95O8
25483,Ni0.1Sn0.9O8
25484,Ni0.2Sn0.8O8
25485,Ni0.05Sn0.95O9
25486,Ni0.1Sn0.9O9
25487,Ni0.2Sn0.8O9
25488,Ni0.05Sn0.95O10
25489,Ni0.1Sn0.9O10
25490,Ni0.2Sn0.8O10
25491,Ni0.1Sn1.9O3
25492,Ni0.2Sn1.8O3
25493,Ni0.4Sn1.6O3
25494,Ni0.1Sn1.9O5
25495,Ni0.2Sn1.8O5
25496,Ni0.4Sn1.6O5
25497,Ni0.1Sn1.9O7
25498,Ni0.2Sn1.8O7
25499,Ni0.4Sn1.6O7
25500,Ni0.1Sn1.9O9
25501,Ni0.2Sn1.8O9
25502,Ni0.4Sn1.6O9
25503,Ni0.15Sn2.85O4
25504,Ni0.3Sn2.7O4
25505,Ni0.6Sn2.4O4
25506,Ni0.15Sn2.85O5
25507,Ni0.3Sn2.7O5
25508,Ni0.6Sn2.4O5
25509,Ni0.15Sn2.85O7
25510,Ni0.3Sn2.7O7
25511,Ni0.6Sn2.4O7
25512,Ni0.15Sn2.85O8
25513,Ni0.3Sn2.7O8
25514,Ni0.6Sn2.4O8
25515,Ni0.15Sn2.85O10
25516,Ni0.3Sn2.7O10
25517,Ni0.6Sn2.4O10
25518,Ni0.2Sn3.8O5
25519,Ni0.4Sn3.6O5
25520,Ni0.8Sn3.2O5
25521,Ni0.2Sn3.8O7
25522,Ni0.4Sn3.6O7
25523,Ni0.8Sn3.2O7
25524,Ni0.2Sn3.8O9
25525,Ni0.4Sn3.6O9
25526,Ni0.8Sn3.2O9
25527,Ni0.25Sn4.75O6
25528,Ni0.5Sn4.5O6
25529,NiSnO6
25530,Ni0.25Sn4.75O7
25531,Ni0.5Sn4.5O7
25532,NiSnO7
25533,Ni0.25Sn4.75O8
25534,Ni0.5Sn4.5O8
25535,NiSnO8
25536,Ni0.25Sn4.75O9
25537,Ni0.5Sn4.5O9
25538,NiSnO9
25539,Ni0.3Sn5.7O7
25540,Ni0.6Sn5.4O7
25541,Ni1.2Sn4.8O7
25542,Ni0.35Sn6.65O8
25543,Ni0.7Sn6.3O8
25544,Ni1.4Sn5.6O8
25545,Ni0.35Sn6.65O9
25546,Ni0.7Sn6.3O9
25547,Ni1.4Sn5.6O9
25548,Ni0.35Sn6.65O10
25549,Ni0.7Sn6.3O10
25550,Ni1.4Sn5.6O10
25551,Ni0.4Sn7.6O9
25552,Ni0.8Sn7.2O9
25553,Ni1.6Sn6.4O9
25554,Ni0.45Sn8.55O10
25555,Ni0.9Sn8.1O10
25556,Ni1.8Sn7.2O10
25557,Ru0.05Sn0.95O
25558,Ru0.1Sn0.9O
25559,Ru0.2Sn0.8O
25560,Ru0.05Sn0.95O2
25561,Ru0.1Sn0.9O2
25562,Ru0.2Sn0.8O2
25563,Ru0.05Sn0.95O3
25564,Ru0.1Sn0.9O3
25565,Ru0.2Sn0.8O3
25566,Ru0.05Sn0.95O4
25567,Ru0.1Sn0.9O4
25568,Ru0.2Sn0.8O4
25569,Ru0.05Sn0.95O5
25570,Ru0.1Sn0.9O5
25571,Ru0.2Sn0.8O5
25572,Ru0.05Sn0.95O6
25573,Ru0.1Sn0.9O6
25574,Ru0.2Sn0.8O6
25575,Ru0.05Sn0.95O7
25576,Ru0.1Sn0.9O7
25577,Ru0.2Sn0.8O7
25578,Ru0.05Sn0.95O8
25579,Ru0.1Sn0.9O8
25580,Ru0.2Sn0.8O8
25581,Ru0.05Sn0.95O9
25582,Ru0.1Sn0.9O9
25583,Ru0.2Sn0.8O9
25584,Ru0.05Sn0.95O10
25585,Ru0.1Sn0.9O10
25586,Ru0.2Sn0.8O10
25587,Ru0.1Sn1.9O3
25588,Ru0.2Sn1.8O3
25589,Ru0.4Sn1.6O3
25590,Ru0.1Sn1.9O5
25591,Ru0.2Sn1.8O5
25592,Ru0.4Sn1.6O5
25593,Ru0.1Sn1.9O7
25594,Ru0.2Sn1.8O7
25595,Ru0.4Sn1.6O7
25596,Ru0.1Sn1.9O9
25597,Ru0.2Sn1.8O9
25598,Ru0.4Sn1.6O9
25599,Ru0.15Sn2.85O4
25600,Ru0.3Sn2.7O4
25601,Ru0.6Sn2.4O4
25602,Ru0.15Sn2.85O5
25603,Ru0.3Sn2.7O5
25604,Ru0.6Sn2.4O5
25605,Ru0.15Sn2.85O7
25606,Ru0.3Sn2.7O7
25607,Ru0.6Sn2.4O7
25608,Ru0.15Sn2.85O8
25609,Ru0.3Sn2.7O8
25610,Ru0.6Sn2.4O8
25611,Ru0.15Sn2.85O10
25612,Ru0.3Sn2.7O10
25613,Ru0.6Sn2.4O10
25614,Ru0.2Sn3.8O5
25615,Ru0.4Sn3.6O5
25616,Ru0.8Sn3.2O5
25617,Ru0.2Sn3.8O7
25618,Ru0.4Sn3.6O7
25619,Ru0.8Sn3.2O7
25620,Ru0.2Sn3.8O9
25621,Ru0.4Sn3.6O9
25622,Ru0.8Sn3.2O9
25623,Ru0.25Sn4.75O6
25624,Ru0.5Sn4.5O6
25625,RuSnO6
25626,Ru0.25Sn4.75O7
25627,Ru0.5Sn4.5O7
25628,RuSnO7
25629,Ru0.25Sn4.75O8
25630,Ru0.5Sn4.5O8
25631,RuSnO8
25632,Ru0.25Sn4.75O9
25633,Ru0.5Sn4.5O9
25634,RuSnO9
25635,Ru0.3Sn5.7O7
25636,Ru0.6Sn5.4O7
25637,Ru1.2Sn4.8O7
25638,Ru0.35Sn6.65O8
25639,Ru0.7Sn6.3O8
25640,Ru1.4Sn5.6O8
25641,Ru0.35Sn6.65O9
25642,Ru0.7Sn6.3O9
25643,Ru1.4Sn5.6O9
25644,Ru0.35Sn6.65O10
25645,Ru0.7Sn6.3O10
25646,Ru1.4Sn5.6O10
25647,Ru0.4Sn7.6O9
25648,Ru0.8Sn7.2O9
25649,Ru1.6Sn6.4O9
25650,Ru0.45Sn8.55O10
25651,Ru0.9Sn8.1O10
25652,Ru1.8Sn7.2O10
25653,Pd0.05Sn0.95O
25654,Pd0.1Sn0.9O
25655,Pd0.2Sn0.8O
25656,Pd0.05Sn0.95O2
25657,Pd0.1Sn0.9O2
25658,Pd0.2Sn0.8O2
25659,Pd0.05Sn0.95O3
25660,Pd0.1Sn0.9O3
25661,Pd0.2Sn0.8O3
25662,Pd0.05Sn0.95O4
25663,Pd0.1Sn0.9O4
25664,Pd0.2Sn0.8O4
25665,Pd0.05Sn0.95O5
25666,Pd0.1Sn0.9O5
25667,Pd0.2Sn0.8O5
25668,Pd0.05Sn0.95O6
25669,Pd0.1Sn0.9O6
25670,Pd0.2Sn0.8O6
25671,Pd0.05Sn0.95O7
25672,Pd0.1Sn0.9O7
25673,Pd0.2Sn0.8O7
25674,Pd0.05Sn0.95O8
25675,Pd0.1Sn0.9O8
25676,Pd0.2Sn0.8O8
25677,Pd0.05Sn0.95O9
25678,Pd0.1Sn0.9O9
25679,Pd0.2Sn0.8O9
25680,Pd0.05Sn0.95O10
25681,Pd0.1Sn0.9O10
25682,Pd0.2Sn0.8O10
25683,Pd0.1Sn1.9O3
25684,Pd0.2Sn1.8O3
25685,Pd0.4Sn1.6O3
25686,Pd0.1Sn1.9O5
25687,Pd0.2Sn1.8O5
25688,Pd0.4Sn1.6O5
25689,Pd0.1Sn1.9O7
25690,Pd0.2Sn1.8O7
25691,Pd0.4Sn1.6O7
25692,Pd0.1Sn1.9O9
25693,Pd0.2Sn1.8O9
25694,Pd0.4Sn1.6O9
25695,Pd0.15Sn2.85O4
25696,Pd0.3Sn2.7O4
25697,Pd0.6Sn2.4O4
25698,Pd0.15Sn2.85O5
25699,Pd0.3Sn2.7O5
25700,Pd0.6Sn2.4O5
25701,Pd0.15Sn2.85O7
25702,Pd0.3Sn2.7O7
25703,Pd0.6Sn2.4O7
25704,Pd0.15Sn2.85O8
25705,Pd0.3Sn2.7O8
25706,Pd0.6Sn2.4O8
25707,Pd0.15Sn2.85O10
25708,Pd0.3Sn2.7O10
25709,Pd0.6Sn2.4O10
25710,Pd0.2Sn3.8O5
25711,Pd0.4Sn3.6O5
25712,Pd0.8Sn3.2O5
25713,Pd0.2Sn3.8O7
25714,Pd0.4Sn3.6O7
25715,Pd0.8Sn3.2O7
25716,Pd0.2Sn3.8O9
25717,Pd0.4Sn3.6O9
25718,Pd0.8Sn3.2O9
25719,Pd0.25Sn4.75O6
25720,Pd0.5Sn4.5O6
25721,PdSnO6
25722,Pd0.25Sn4.75O7
25723,Pd0.5Sn4.5O7
25724,PdSnO7
25725,Pd0.25Sn4.75O8
25726,Pd0.5Sn4.5O8
25727,PdSnO8
25728,Pd0.25Sn4.75O9
25729,Pd0.5Sn4.5O9
25730,PdSnO9
25731,Pd0.3Sn5.7O7
25732,Pd0.6Sn5.4O7
25733,Pd1.2Sn4.8O7
25734,Pd0.35Sn6.65O8
25735,Pd0.7Sn6.3O8
25736,Pd1.4Sn5.6O8
25737,Pd0.35Sn6.65O9
25738,Pd0.7Sn6.3O9
25739,Pd1.4Sn5.6O9
25740,Pd0.35Sn6.65O10
25741,Pd0.7Sn6.3O10
25742,Pd1.4Sn5.6O10
25743,Pd0.4Sn7.6O9
25744,Pd0.8Sn7.2O9
25745,Pd1.6Sn6.4O9
25746,Pd0.45Sn8.55O10
25747,Pd0.9Sn8.1O10
25748,Pd1.8Sn7.2O10
25749,Ag0.05Sn0.95O
25750,Ag0.1Sn0.9O
25751,Ag0.2Sn0.8O
25752,Ag0.05Sn0.95O2
25753,Ag0.1Sn0.9O2
25754,Ag0.2Sn0.8O2
25755,Ag0.05Sn0.95O3
25756,Ag0.1Sn0.9O3
25757,Ag0.2Sn0.8O3
25758,Ag0.05Sn0.95O4
25759,Ag0.1Sn0.9O4
25760,Ag0.2Sn0.8O4
25761,Ag0.05Sn0.95O5
25762,Ag0.1Sn0.9O5
25763,Ag0.2Sn0.8O5
25764,Ag0.05Sn0.95O6
25765,Ag0.1Sn0.9O6
25766,Ag0.2Sn0.8O6
25767,Ag0.05Sn0.95O7
25768,Ag0.1Sn0.9O7
25769,Ag0.2Sn0.8O7
25770,Ag0.05Sn0.95O8
25771,Ag0.1Sn0.9O8
25772,Ag0.2Sn0.8O8
25773,Ag0.05Sn0.95O9
25774,Ag0.1Sn0.9O9
25775,Ag0.2Sn0.8O9
25776,Ag0.05Sn0.95O10
25777,Ag0.1Sn0.9O10
25778,Ag0.2Sn0.8O10
25779,Ag0.1Sn1.9O3
25780,Ag0.2Sn1.8O3
25781,Ag0.4Sn1.6O3
25782,Ag0.1Sn1.9O5
25783,Ag0.2Sn1.8O5
25784,Ag0.4Sn1.6O5
25785,Ag0.1Sn1.9O7
25786,Ag0.2Sn1.8O7
25787,Ag0.4Sn1.6O7
25788,Ag0.1Sn1.9O9
25789,Ag0.2Sn1.8O9
25790,Ag0.4Sn1.6O9
25791,Ag0.15Sn2.85O4
25792,Ag0.3Sn2.7O4
25793,Ag0.6Sn2.4O4
25794,Ag0.15Sn2.85O5
25795,Ag0.3Sn2.7O5
25796,Ag0.6Sn2.4O5
25797,Ag0.15Sn2.85O7
25798,Ag0.3Sn2.7O7
25799,Ag0.6Sn2.4O7
25800,Ag0.15Sn2.85O8
25801,Ag0.3Sn2.7O8
25802,Ag0.6Sn2.4O8
25803,Ag0.15Sn2.85O10
25804,Ag0.3Sn2.7O10
25805,Ag0.6Sn2.4O10
25806,Ag0.2Sn3.8O5
25807,Ag0.4Sn3.6O5
25808,Ag0.8Sn3.2O5
25809,Ag0.2Sn3.8O7
25810,Ag0.4Sn3.6O7
25811,Ag0.8Sn3.2O7
25812,Ag0.2Sn3.8O9
25813,Ag0.4Sn3.6O9
25814,Ag0.8Sn3.2O9
25815,Ag0.25Sn4.75O6
25816,Ag0.5Sn4.5O6
25817,AgSnO6
25818,Ag0.25Sn4.75O7
25819,Ag0.5Sn4.5O7
25820,AgSnO7
25821,Ag0.25Sn4.75O8
25822,Ag0.5Sn4.5O8
25823,AgSnO8
25824,Ag0.25Sn4.75O9
25825,Ag0.5Sn4.5O9
25826,AgSnO9
25827,Ag0.3Sn5.7O7
25828,Ag0.6Sn5.4O7
25829,Ag1.2Sn4.8O7
25830,Ag0.35Sn6.65O8
25831,Ag0.7Sn6.3O8
25832,Ag1.4Sn5.6O8
25833,Ag0.35Sn6.65O9
25834,Ag0.7Sn6.3O9
25835,Ag1.4Sn5.6O9
25836,Ag0.35Sn6.65O10
25837,Ag0.7Sn6.3O10
25838,Ag1.4Sn5.6O10
25839,Ag0.4Sn7.6O9
25840,Ag0.8Sn7.2O9
25841,Ag1.6Sn6.4O9
25842,Ag0.45Sn8.55O10
25843,Ag0.9Sn8.1O10
25844,Ag1.8Sn7.2O10
25845,Pt0.05Sn0.95O
25846,Pt0.1Sn0.9O
25847,Pt0.2Sn0.8O
25848,Pt0.05Sn0.95O2
25849,Pt0.1Sn0.9O2
25850,Pt0.2Sn0.8O2
25851,Pt0.05Sn0.95O3
25852,Pt0.1Sn0.9O3
25853,Pt0.2Sn0.8O3
25854,Pt0.05Sn0.95O4
25855,Pt0.1Sn0.9O4
25856,Pt0.2Sn0.8O4
25857,Pt0.05Sn0.95O5
25858,Pt0.1Sn0.9O5
25859,Pt0.2Sn0.8O5
25860,Pt0.05Sn0.95O6
25861,Pt0.1Sn0.9O6
25862,Pt0.2Sn0.8O6
25863,Pt0.05Sn0.95O7
25864,Pt0.1Sn0.9O7
25865,Pt0.2Sn0.8O7
25866,Pt0.05Sn0.95O8
25867,Pt0.1Sn0.9O8
25868,Pt0.2Sn0.8O8
25869,Pt0.05Sn0.95O9
25870,Pt0.1Sn0.9O9
25871,Pt0.2Sn0.8O9
25872,Pt0.05Sn0.95O10
25873,Pt0.1Sn0.9O10
25874,Pt0.2Sn0.8O10
25875,Pt0.1Sn1.9O3
25876,Pt0.2Sn1.8O3
25877,Pt0.4Sn1.6O3
25878,Pt0.1Sn1.9O5
25879,Pt0.2Sn1.8O5
25880,Pt0.4Sn1.6O5
25881,Pt0.1Sn1.9O7
25882,Pt0.2Sn1.8O7
25883,Pt0.4Sn1.6O7
25884,Pt0.1Sn1.9O9
25885,Pt0.2Sn1.8O9
25886,Pt0.4Sn1.6O9
25887,Pt0.15Sn2.85O4
25888,Pt0.3Sn2.7O4
25889,Pt0.6Sn2.4O4
25890,Pt0.15Sn2.85O5
25891,Pt0.3Sn2.7O5
25892,Pt0.6Sn2.4O5
25893,Pt0.15Sn2.85O7
25894,Pt0.3Sn2.7O7
25895,Pt0.6Sn2.4O7
25896,Pt0.15Sn2.85O8
25897,Pt0.3Sn2.7O8
25898,Pt0.6Sn2.4O8
25899,Pt0.15Sn2.85O10
25900,Pt0.3Sn2.7O10
25901,Pt0.6Sn2.4O10
25902,Pt0.2Sn3.8O5
25903,Pt0.4Sn3.6O5
25904,Pt0.8Sn3.2O5
25905,Pt0.2Sn3.8O7
25906,Pt0.4Sn3.6O7
25907,Pt0.8Sn3.2O7
25908,Pt0.2Sn3.8O9
25909,Pt0.4Sn3.6O9
25910,Pt0.8Sn3.2O9
25911,Pt0.25Sn4.75O6
25912,Pt0.5Sn4.5O6
25913,PtSnO6
25914,Pt0.25Sn4.75O7
25915,Pt0.5Sn4.5O7
25916,PtSnO7
25917,Pt0.25Sn4.75O8
25918,Pt0.5Sn4.5O8
25919,PtSnO8
25920,Pt0.25Sn4.75O9
25921,Pt0.5Sn4.5O9
25922,PtSnO9
25923,Pt0.3Sn5.7O7
25924,Pt0.6Sn5.4O7
25925,Pt1.2Sn4.8O7
25926,Pt0.35Sn6.65O8
25927,Pt0.7Sn6.3O8
25928,Pt1.4Sn5.6O8
25929,Pt0.35Sn6.65O9
25930,Pt0.7Sn6.3O9
25931,Pt1.4Sn5.6O9
25932,Pt0.35Sn6.65O10
25933,Pt0.7Sn6.3O10
25934,Pt1.4Sn5.6O10
25935,Pt0.4Sn7.6O9
25936,Pt0.8Sn7.2O9
25937,Pt1.6Sn6.4O9
25938,Pt0.45Sn8.55O10
25939,Pt0.9Sn8.1O10
25940,Pt1.8Sn7.2O10
25941,Mn0.05Pb0.95O
25942,Mn0.1Pb0.9O
25943,Mn0.2Pb0.8O
25944,Mn0.05Pb0.95O2
25945,Mn0.1Pb0.9O2
25946,Mn0.2Pb0.8O2
25947,Mn0.05Pb0.95O3
25948,Mn0.1Pb0.9O3
25949,Mn0.2Pb0.8O3
25950,Mn0.05Pb0.95O4
25951,Mn0.1Pb0.9O4
25952,Mn0.2Pb0.8O4
25953,Mn0.05Pb0.95O5
25954,Mn0.1Pb0.9O5
25955,Mn0.2Pb0.8O5
25956,Mn0.05Pb0.95O6
25957,Mn0.1Pb0.9O6
25958,Mn0.2Pb0.8O6
25959,Mn0.05Pb0.95O7
25960,Mn0.1Pb0.9O7
25961,Mn0.2Pb0.8O7
25962,Mn0.05Pb0.95O8
25963,Mn0.1Pb0.9O8
25964,Mn0.2Pb0.8O8
25965,Mn0.05Pb0.95O9
25966,Mn0.1Pb0.9O9
25967,Mn0.2Pb0.8O9
25968,Mn0.05Pb0.95O10
25969,Mn0.1Pb0.9O10
25970,Mn0.2Pb0.8O10
25971,Mn0.1Pb1.9O3
25972,Mn0.2Pb1.8O3
25973,Mn0.4Pb1.6O3
25974,Mn0.1Pb1.9O5
25975,Mn0.2Pb1.8O5
25976,Mn0.4Pb1.6O5
25977,Mn0.1Pb1.9O7
25978,Mn0.2Pb1.8O7
25979,Mn0.4Pb1.6O7
25980,Mn0.1Pb1.9O9
25981,Mn0.2Pb1.8O9
25982,Mn0.4Pb1.6O9
25983,Mn0.15Pb2.85O4
25984,Mn0.3Pb2.7O4
25985,Mn0.6Pb2.4O4
25986,Mn0.15Pb2.85O5
25987,Mn0.3Pb2.7O5
25988,Mn0.6Pb2.4O5
25989,Mn0.15Pb2.85O7
25990,Mn0.3Pb2.7O7
25991,Mn0.6Pb2.4O7
25992,Mn0.15Pb2.85O8
25993,Mn0.3Pb2.7O8
25994,Mn0.6Pb2.4O8
25995,Mn0.15Pb2.85O10
25996,Mn0.3Pb2.7O10
25997,Mn0.6Pb2.4O10
25998,Mn0.2Pb3.8O5
25999,Mn0.4Pb3.6O5
26000,Mn0.8Pb3.2O5
26001,Mn0.2Pb3.8O7
26002,Mn0.4Pb3.6O7
26003,Mn0.8Pb3.2O7
26004,Mn0.2Pb3.8O9
26005,Mn0.4Pb3.6O9
26006,Mn0.8Pb3.2O9
26007,Mn0.25Pb4.75O6
26008,Mn0.5Pb4.5O6
26009,MnPbO6
26010,Mn0.25Pb4.75O7
26011,Mn0.5Pb4.5O7
26012,MnPbO7
26013,Mn0.25Pb4.75O8
26014,Mn0.5Pb4.5O8
26015,MnPbO8
26016,Mn0.25Pb4.75O9
26017,Mn0.5Pb4.5O9
26018,MnPbO9
26019,Mn0.3Pb5.7O7
26020,Mn0.6Pb5.4O7
26021,Mn1.2Pb4.8O7
26022,Mn0.35Pb6.65O8
26023,Mn0.7Pb6.3O8
26024,Mn1.4Pb5.6O8
26025,Mn0.35Pb6.65O9
26026,Mn0.7Pb6.3O9
26027,Mn1.4Pb5.6O9
26028,Mn0.35Pb6.65O10
26029,Mn0.7Pb6.3O10
26030,Mn1.4Pb5.6O10
26031,Mn0.4Pb7.6O9
26032,Mn0.8Pb7.2O9
26033,Mn1.6Pb6.4O9
26034,Mn0.45Pb8.55O10
26035,Mn0.9Pb8.1O10
26036,Mn1.8Pb7.2O10
26037,Fe0.05Pb0.95O
26038,Fe0.1Pb0.9O
26039,Fe0.2Pb0.8O
26040,Fe0.05Pb0.95O2
26041,Fe0.1Pb0.9O2
26042,Fe0.2Pb0.8O2
26043,Fe0.05Pb0.95O3
26044,Fe0.1Pb0.9O3
26045,Fe0.2Pb0.8O3
26046,Fe0.05Pb0.95O4
26047,Fe0.1Pb0.9O4
26048,Fe0.2Pb0.8O4
26049,Fe0.05Pb0.95O5
26050,Fe0.1Pb0.9O5
26051,Fe0.2Pb0.8O5
26052,Fe0.05Pb0.95O6
26053,Fe0.1Pb0.9O6
26054,Fe0.2Pb0.8O6
26055,Fe0.05Pb0.95O7
26056,Fe0.1Pb0.9O7
26057,Fe0.2Pb0.8O7
26058,Fe0.05Pb0.95O8
26059,Fe0.1Pb0.9O8
26060,Fe0.2Pb0.8O8
26061,Fe0.05Pb0.95O9
26062,Fe0.1Pb0.9O9
26063,Fe0.2Pb0.8O9
26064,Fe0.05Pb0.95O10
26065,Fe0.1Pb0.9O10
26066,Fe0.2Pb0.8O10
26067,Fe0.1Pb1.9O3
26068,Fe0.2Pb1.8O3
26069,Fe0.4Pb1.6O3
26070,Fe0.1Pb1.9O5
26071,Fe0.2Pb1.8O5
26072,Fe0.4Pb1.6O5
26073,Fe0.1Pb1.9O7
26074,Fe0.2Pb1.8O7
26075,Fe0.4Pb1.6O7
26076,Fe0.1Pb1.9O9
26077,Fe0.2Pb1.8O9
26078,Fe0.4Pb1.6O9
26079,Fe0.15Pb2.85O4
26080,Fe0.3Pb2.7O4
26081,Fe0.6Pb2.4O4
26082,Fe0.15Pb2.85O5
26083,Fe0.3Pb2.7O5
26084,Fe0.6Pb2.4O5
26085,Fe0.15Pb2.85O7
26086,Fe0.3Pb2.7O7
26087,Fe0.6Pb2.4O7
26088,Fe0.15Pb2.85O8
26089,Fe0.3Pb2.7O8
26090,Fe0.6Pb2.4O8
26091,Fe0.15Pb2.85O10
26092,Fe0.3Pb2.7O10
26093,Fe0.6Pb2.4O10
26094,Fe0.2Pb3.8O5
26095,Fe0.4Pb3.6O5
26096,Fe0.8Pb3.2O5
26097,Fe0.2Pb3.8O7
26098,Fe0.4Pb3.6O7
26099,Fe0.8Pb3.2O7
26100,Fe0.2Pb3.8O9
26101,Fe0.4Pb3.6O9
26102,Fe0.8Pb3.2O9
26103,Fe0.25Pb4.75O6
26104,Fe0.5Pb4.5O6
26105,FePbO6
26106,Fe0.25Pb4.75O7
26107,Fe0.5Pb4.5O7
26108,FePbO7
26109,Fe0.25Pb4.75O8
26110,Fe0.5Pb4.5O8
26111,FePbO8
26112,Fe0.25Pb4.75O9
26113,Fe0.5Pb4.5O9
26114,FePbO9
26115,Fe0.3Pb5.7O7
26116,Fe0.6Pb5.4O7
26117,Fe1.2Pb4.8O7
26118,Fe0.35Pb6.65O8
26119,Fe0.7Pb6.3O8
26120,Fe1.4Pb5.6O8
26121,Fe0.35Pb6.65O9
26122,Fe0.7Pb6.3O9
26123,Fe1.4Pb5.6O9
26124,Fe0.35Pb6.65O10
26125,Fe0.7Pb6.3O10
26126,Fe1.4Pb5.6O10
26127,Fe0.4Pb7.6O9
26128,Fe0.8Pb7.2O9
26129,Fe1.6Pb6.4O9
26130,Fe0.45Pb8.55O10
26131,Fe0.9Pb8.1O10
26132,Fe1.8Pb7.2O10
26133,Co0.05Pb0.95O
26134,Co0.1Pb0.9O
26135,Co0.2Pb0.8O
26136,Co0.05Pb0.95O2
26137,Co0.1Pb0.9O2
26138,Co0.2Pb0.8O2
26139,Co0.05Pb0.95O3
26140,Co0.1Pb0.9O3
26141,Co0.2Pb0.8O3
26142,Co0.05Pb0.95O4
26143,Co0.1Pb0.9O4
26144,Co0.2Pb0.8O4
26145,Co0.05Pb0.95O5
26146,Co0.1Pb0.9O5
26147,Co0.2Pb0.8O5
26148,Co0.05Pb0.95O6
26149,Co0.1Pb0.9O6
26150,Co0.2Pb0.8O6
26151,Co0.05Pb0.95O7
26152,Co0.1Pb0.9O7
26153,Co0.2Pb0.8O7
26154,Co0.05Pb0.95O8
26155,Co0.1Pb0.9O8
26156,Co0.2Pb0.8O8
26157,Co0.05Pb0.95O9
26158,Co0.1Pb0.9O9
26159,Co0.2Pb0.8O9
26160,Co0.05Pb0.95O10
26161,Co0.1Pb0.9O10
26162,Co0.2Pb0.8O10
26163,Co0.1Pb1.9O3
26164,Co0.2Pb1.8O3
26165,Co0.4Pb1.6O3
26166,Co0.1Pb1.9O5
26167,Co0.2Pb1.8O5
26168,Co0.4Pb1.6O5
26169,Co0.1Pb1.9O7
26170,Co0.2Pb1.8O7
26171,Co0.4Pb1.6O7
26172,Co0.1Pb1.9O9
26173,Co0.2Pb1.8O9
26174,Co0.4Pb1.6O9
26175,Co0.15Pb2.85O4
26176,Co0.3Pb2.7O4
26177,Co0.6Pb2.4O4
26178,Co0.15Pb2.85O5
26179,Co0.3Pb2.7O5
26180,Co0.6Pb2.4O5
26181,Co0.15Pb2.85O7
26182,Co0.3Pb2.7O7
26183,Co0.6Pb2.4O7
26184,Co0.15Pb2.85O8
26185,Co0.3Pb2.7O8
26186,Co0.6Pb2.4O8
26187,Co0.15Pb2.85O10
26188,Co0.3Pb2.7O10
26189,Co0.6Pb2.4O10
26190,Co0.2Pb3.8O5
26191,Co0.4Pb3.6O5
26192,Co0.8Pb3.2O5
26193,Co0.2Pb3.8O7
26194,Co0.4Pb3.6O7
26195,Co0.8Pb3.2O7
26196,Co0.2Pb3.8O9
26197,Co0.4Pb3.6O9
26198,Co0.8Pb3.2O9
26199,Co0.25Pb4.75O6
26200,Co0.5Pb4.5O6
26201,CoPbO6
26202,Co0.25Pb4.75O7
26203,Co0.5Pb4.5O7
26204,CoPbO7
26205,Co0.25Pb4.75O8
26206,Co0.5Pb4.5O8
26207,CoPbO8
26208,Co0.25Pb4.75O9
26209,Co0.5Pb4.5O9
26210,CoPbO9
26211,Co0.3Pb5.7O7
26212,Co0.6Pb5.4O7
26213,Co1.2Pb4.8O7
26214,Co0.35Pb6.65O8
26215,Co0.7Pb6.3O8
26216,Co1.4Pb5.6O8
26217,Co0.35Pb6.65O9
26218,Co0.7Pb6.3O9
26219,Co1.4Pb5.6O9
26220,Co0.35Pb6.65O10
26221,Co0.7Pb6.3O10
26222,Co1.4Pb5.6O10
26223,Co0.4Pb7.6O9
26224,Co0.8Pb7.2O9
26225,Co1.6Pb6.4O9
26226,Co0.45Pb8.55O10
26227,Co0.9Pb8.1O10
26228,Co1.8Pb7.2O10
26229,Ni0.05Pb0.95O
26230,Ni0.1Pb0.9O
26231,Ni0.2Pb0.8O
26232,Ni0.05Pb0.95O2
26233,Ni0.1Pb0.9O2
26234,Ni0.2Pb0.8O2
26235,Ni0.05Pb0.95O3
26236,Ni0.1Pb0.9O3
26237,Ni0.2Pb0.8O3
26238,Ni0.05Pb0.95O4
26239,Ni0.1Pb0.9O4
26240,Ni0.2Pb0.8O4
26241,Ni0.05Pb0.95O5
26242,Ni0.1Pb0.9O5
26243,Ni0.2Pb0.8O5
26244,Ni0.05Pb0.95O6
26245,Ni0.1Pb0.9O6
26246,Ni0.2Pb0.8O6
26247,Ni0.05Pb0.95O7
26248,Ni0.1Pb0.9O7
26249,Ni0.2Pb0.8O7
26250,Ni0.05Pb0.95O8
26251,Ni0.1Pb0.9O8
26252,Ni0.2Pb0.8O8
26253,Ni0.05Pb0.95O9
26254,Ni0.1Pb0.9O9
26255,Ni0.2Pb0.8O9
26256,Ni0.05Pb0.95O10
26257,Ni0.1Pb0.9O10
26258,Ni0.2Pb0.8O10
26259,Ni0.1Pb1.9O3
26260,Ni0.2Pb1.8O3
26261,Ni0.4Pb1.6O3
26262,Ni0.1Pb1.9O5
26263,Ni0.2Pb1.8O5
26264,Ni0.4Pb1.6O5
26265,Ni0.1Pb1.9O7
26266,Ni0.2Pb1.8O7
26267,Ni0.4Pb1.6O7
26268,Ni0.1Pb1.9O9
26269,Ni0.2Pb1.8O9
26270,Ni0.4Pb1.6O9
26271,Ni0.15Pb2.85O4
26272,Ni0.3Pb2.7O4
26273,Ni0.6Pb2.4O4
26274,Ni0.15Pb2.85O5
26275,Ni0.3Pb2.7O5
26276,Ni0.6Pb2.4O5
26277,Ni0.15Pb2.85O7
26278,Ni0.3Pb2.7O7
26279,Ni0.6Pb2.4O7
26280,Ni0.15Pb2.85O8
26281,Ni0.3Pb2.7O8
26282,Ni0.6Pb2.4O8
26283,Ni0.15Pb2.85O10
26284,Ni0.3Pb2.7O10
26285,Ni0.6Pb2.4O10
26286,Ni0.2Pb3.8O5
26287,Ni0.4Pb3.6O5
26288,Ni0.8Pb3.2O5
26289,Ni0.2Pb3.8O7
26290,Ni0.4Pb3.6O7
26291,Ni0.8Pb3.2O7
26292,Ni0.2Pb3.8O9
26293,Ni0.4Pb3.6O9
26294,Ni0.8Pb3.2O9
26295,Ni0.25Pb4.75O6
26296,Ni0.5Pb4.5O6
26297,NiPbO6
26298,Ni0.25Pb4.75O7
26299,Ni0.5Pb4.5O7
26300,NiPbO7
26301,Ni0.25Pb4.75O8
26302,Ni0.5Pb4.5O8
26303,NiPbO8
26304,Ni0.25Pb4.75O9
26305,Ni0.5Pb4.5O9
26306,NiPbO9
26307,Ni0.3Pb5.7O7
26308,Ni0.6Pb5.4O7
26309,Ni1.2Pb4.8O7
26310,Ni0.35Pb6.65O8
26311,Ni0.7Pb6.3O8
26312,Ni1.4Pb5.6O8
26313,Ni0.35Pb6.65O9
26314,Ni0.7Pb6.3O9
26315,Ni1.4Pb5.6O9
26316,Ni0.35Pb6.65O10
26317,Ni0.7Pb6.3O10
26318,Ni1.4Pb5.6O10
26319,Ni0.4Pb7.6O9
26320,Ni0.8Pb7.2O9
26321,Ni1.6Pb6.4O9
26322,Ni0.45Pb8.55O10
26323,Ni0.9Pb8.1O10
26324,Ni1.8Pb7.2O10
26325,Ru0.05Pb0.95O
26326,Ru0.1Pb0.9O
26327,Ru0.2Pb0.8O
26328,Ru0.05Pb0.95O2
26329,Ru0.1Pb0.9O2
26330,Ru0.2Pb0.8O2
26331,Ru0.05Pb0.95O3
26332,Ru0.1Pb0.9O3
26333,Ru0.2Pb0.8O3
26334,Ru0.05Pb0.95O4
26335,Ru0.1Pb0.9O4
26336,Ru0.2Pb0.8O4
26337,Ru0.05Pb0.95O5
26338,Ru0.1Pb0.9O5
26339,Ru0.2Pb0.8O5
26340,Ru0.05Pb0.95O6
26341,Ru0.1Pb0.9O6
26342,Ru0.2Pb0.8O6
26343,Ru0.05Pb0.95O7
26344,Ru0.1Pb0.9O7
26345,Ru0.2Pb0.8O7
26346,Ru0.05Pb0.95O8
26347,Ru0.1Pb0.9O8
26348,Ru0.2Pb0.8O8
26349,Ru0.05Pb0.95O9
26350,Ru0.1Pb0.9O9
26351,Ru0.2Pb0.8O9
26352,Ru0.05Pb0.95O10
26353,Ru0.1Pb0.9O10
26354,Ru0.2Pb0.8O10
26355,Ru0.1Pb1.9O3
26356,Ru0.2Pb1.8O3
26357,Ru0.4Pb1.6O3
26358,Ru0.1Pb1.9O5
26359,Ru0.2Pb1.8O5
26360,Ru0.4Pb1.6O5
26361,Ru0.1Pb1.9O7
26362,Ru0.2Pb1.8O7
26363,Ru0.4Pb1.6O7
26364,Ru0.1Pb1.9O9
26365,Ru0.2Pb1.8O9
26366,Ru0.4Pb1.6O9
26367,Ru0.15Pb2.85O4
26368,Ru0.3Pb2.7O4
26369,Ru0.6Pb2.4O4
26370,Ru0.15Pb2.85O5
26371,Ru0.3Pb2.7O5
26372,Ru0.6Pb2.4O5
26373,Ru0.15Pb2.85O7
26374,Ru0.3Pb2.7O7
26375,Ru0.6Pb2.4O7
26376,Ru0.15Pb2.85O8
26377,Ru0.3Pb2.7O8
26378,Ru0.6Pb2.4O8
26379,Ru0.15Pb2.85O10
26380,Ru0.3Pb2.7O10
26381,Ru0.6Pb2.4O10
26382,Ru0.2Pb3.8O5
26383,Ru0.4Pb3.6O5
26384,Ru0.8Pb3.2O5
26385,Ru0.2Pb3.8O7
26386,Ru0.4Pb3.6O7
26387,Ru0.8Pb3.2O7
26388,Ru0.2Pb3.8O9
26389,Ru0.4Pb3.6O9
26390,Ru0.8Pb3.2O9
26391,Ru0.25Pb4.75O6
26392,Ru0.5Pb4.5O6
26393,RuPbO6
26394,Ru0.25Pb4.75O7
26395,Ru0.5Pb4.5O7
26396,RuPbO7
26397,Ru0.25Pb4.75O8
26398,Ru0.5Pb4.5O8
26399,RuPbO8
26400,Ru0.25Pb4.75O9
26401,Ru0.5Pb4.5O9
26402,RuPbO9
26403,Ru0.3Pb5.7O7
26404,Ru0.6Pb5.4O7
26405,Ru1.2Pb4.8O7
26406,Ru0.35Pb6.65O8
26407,Ru0.7Pb6.3O8
26408,Ru1.4Pb5.6O8
26409,Ru0.35Pb6.65O9
26410,Ru0.7Pb6.3O9
26411,Ru1.4Pb5.6O9
26412,Ru0.35Pb6.65O10
26413,Ru0.7Pb6.3O10
26414,Ru1.4Pb5.6O10
26415,Ru0.4Pb7.6O9
26416,Ru0.8Pb7.2O9
26417,Ru1.6Pb6.4O9
26418,Ru0.45Pb8.55O10
26419,Ru0.9Pb8.1O10
26420,Ru1.8Pb7.2O10
26421,Pd0.05Pb0.95O
26422,Pd0.1Pb0.9O
26423,Pd0.2Pb0.8O
26424,Pd0.05Pb0.95O2
26425,Pd0.1Pb0.9O2
26426,Pd0.2Pb0.8O2
26427,Pd0.05Pb0.95O3
26428,Pd0.1Pb0.9O3
26429,Pd0.2Pb0.8O3
26430,Pd0.05Pb0.95O4
26431,Pd0.1Pb0.9O4
26432,Pd0.2Pb0.8O4
26433,Pd0.05Pb0.95O5
26434,Pd0.1Pb0.9O5
26435,Pd0.2Pb0.8O5
26436,Pd0.05Pb0.95O6
26437,Pd0.1Pb0.9O6
26438,Pd0.2Pb0.8O6
26439,Pd0.05Pb0.95O7
26440,Pd0.1Pb0.9O7
26441,Pd0.2Pb0.8O7
26442,Pd0.05Pb0.95O8
26443,Pd0.1Pb0.9O8
26444,Pd0.2Pb0.8O8
26445,Pd0.05Pb0.95O9
26446,Pd0.1Pb0.9O9
26447,Pd0.2Pb0.8O9
26448,Pd0.05Pb0.95O10
26449,Pd0.1Pb0.9O10
26450,Pd0.2Pb0.8O10
26451,Pd0.1Pb1.9O3
26452,Pd0.2Pb1.8O3
26453,Pd0.4Pb1.6O3
26454,Pd0.1Pb1.9O5
26455,Pd0.2Pb1.8O5
26456,Pd0.4Pb1.6O5
26457,Pd0.1Pb1.9O7
26458,Pd0.2Pb1.8O7
26459,Pd0.4Pb1.6O7
26460,Pd0.1Pb1.9O9
26461,Pd0.2Pb1.8O9
26462,Pd0.4Pb1.6O9
26463,Pd0.15Pb2.85O4
26464,Pd0.3Pb2.7O4
26465,Pd0.6Pb2.4O4
26466,Pd0.15Pb2.85O5
26467,Pd0.3Pb2.7O5
26468,Pd0.6Pb2.4O5
26469,Pd0.15Pb2.85O7
26470,Pd0.3Pb2.7O7
26471,Pd0.6Pb2.4O7
26472,Pd0.15Pb2.85O8
26473,Pd0.3Pb2.7O8
26474,Pd0.6Pb2.4O8
26475,Pd0.15Pb2.85O10
26476,Pd0.3Pb2.7O10
26477,Pd0.6Pb2.4O10
26478,Pd0.2Pb3.8O5
26479,Pd0.4Pb3.6O5
26480,Pd0.8Pb3.2O5
26481,Pd0.2Pb3.8O7
26482,Pd0.4Pb3.6O7
26483,Pd0.8Pb3.2O7
26484,Pd0.2Pb3.8O9
26485,Pd0.4Pb3.6O9
26486,Pd0.8Pb3.2O9
26487,Pd0.25Pb4.75O6
26488,Pd0.5Pb4.5O6
26489,PdPbO6
26490,Pd0.25Pb4.75O7
26491,Pd0.5Pb4.5O7
26492,PdPbO7
26493,Pd0.25Pb4.75O8
26494,Pd0.5Pb4.5O8
26495,PdPbO8
26496,Pd0.25Pb4.75O9
26497,Pd0.5Pb4.5O9
26498,PdPbO9
26499,Pd0.3Pb5.7O7
26500,Pd0.6Pb5.4O7
26501,Pd1.2Pb4.8O7
26502,Pd0.35Pb6.65O8
26503,Pd0.7Pb6.3O8
26504,Pd1.4Pb5.6O8
26505,Pd0.35Pb6.65O9
26506,Pd0.7Pb6.3O9
26507,Pd1.4Pb5.6O9
26508,Pd0.35Pb6.65O10
26509,Pd0.7Pb6.3O10
26510,Pd1.4Pb5.6O10
26511,Pd0.4Pb7.6O9
26512,Pd0.8Pb7.2O9
26513,Pd1.6Pb6.4O9
26514,Pd0.45Pb8.55O10
26515,Pd0.9Pb8.1O10
26516,Pd1.8Pb7.2O10
26517,Ag0.05Pb0.95O
26518,Ag0.1Pb0.9O
26519,Ag0.2Pb0.8O
26520,Ag0.05Pb0.95O2
26521,Ag0.1Pb0.9O2
26522,Ag0.2Pb0.8O2
26523,Ag0.05Pb0.95O3
26524,Ag0.1Pb0.9O3
26525,Ag0.2Pb0.8O3
26526,Ag0.05Pb0.95O4
26527,Ag0.1Pb0.9O4
26528,Ag0.2Pb0.8O4
26529,Ag0.05Pb0.95O5
26530,Ag0.1Pb0.9O5
26531,Ag0.2Pb0.8O5
26532,Ag0.05Pb0.95O6
26533,Ag0.1Pb0.9O6
26534,Ag0.2Pb0.8O6
26535,Ag0.05Pb0.95O7
26536,Ag0.1Pb0.9O7
26537,Ag0.2Pb0.8O7
26538,Ag0.05Pb0.95O8
26539,Ag0.1Pb0.9O8
26540,Ag0.2Pb0.8O8
26541,Ag0.05Pb0.95O9
26542,Ag0.1Pb0.9O9
26543,Ag0.2Pb0.8O9
26544,Ag0.05Pb0.95O10
26545,Ag0.1Pb0.9O10
26546,Ag0.2Pb0.8O10
26547,Ag0.1Pb1.9O3
26548,Ag0.2Pb1.8O3
26549,Ag0.4Pb1.6O3
26550,Ag0.1Pb1.9O5
26551,Ag0.2Pb1.8O5
26552,Ag0.4Pb1.6O5
26553,Ag0.1Pb1.9O7
26554,Ag0.2Pb1.8O7
26555,Ag0.4Pb1.6O7
26556,Ag0.1Pb1.9O9
26557,Ag0.2Pb1.8O9
26558,Ag0.4Pb1.6O9
26559,Ag0.15Pb2.85O4
26560,Ag0.3Pb2.7O4
26561,Ag0.6Pb2.4O4
26562,Ag0.15Pb2.85O5
26563,Ag0.3Pb2.7O5
26564,Ag0.6Pb2.4O5
26565,Ag0.15Pb2.85O7
26566,Ag0.3Pb2.7O7
26567,Ag0.6Pb2.4O7
26568,Ag0.15Pb2.85O8
26569,Ag0.3Pb2.7O8
26570,Ag0.6Pb2.4O8
26571,Ag0.15Pb2.85O10
26572,Ag0.3Pb2.7O10
26573,Ag0.6Pb2.4O10
26574,Ag0.2Pb3.8O5
26575,Ag0.4Pb3.6O5
26576,Ag0.8Pb3.2O5
26577,Ag0.2Pb3.8O7
26578,Ag0.4Pb3.6O7
26579,Ag0.8Pb3.2O7
26580,Ag0.2Pb3.8O9
26581,Ag0.4Pb3.6O9
26582,Ag0.8Pb3.2O9
26583,Ag0.25Pb4.75O6
26584,Ag0.5Pb4.5O6
26585,AgPbO6
26586,Ag0.25Pb4.75O7
26587,Ag0.5Pb4.5O7
26588,AgPbO7
26589,Ag0.25Pb4.75O8
26590,Ag0.5Pb4.5O8
26591,AgPbO8
26592,Ag0.25Pb4.75O9
26593,Ag0.5Pb4.5O9
26594,AgPbO9
26595,Ag0.3Pb5.7O7
26596,Ag0.6Pb5.4O7
26597,Ag1.2Pb4.8O7
26598,Ag0.35Pb6.65O8
26599,Ag0.7Pb6.3O8
26600,Ag1.4Pb5.6O8
26601,Ag0.35Pb6.65O9
26602,Ag0.7Pb6.3O9
26603,Ag1.4Pb5.6O9
26604,Ag0.35Pb6.65O10
26605,Ag0.7Pb6.3O10
26606,Ag1.4Pb5.6O10
26607,Ag0.4Pb7.6O9
26608,Ag0.8Pb7.2O9
26609,Ag1.6Pb6.4O9
26610,Ag0.45Pb8.55O10
26611,Ag0.9Pb8.1O10
26612,Ag1.8Pb7.2O10
26613,Pt0.05Pb0.95O
26614,Pt0.1Pb0.9O
26615,Pt0.2Pb0.8O
26616,Pt0.05Pb0.95O2
26617,Pt0.1Pb0.9O2
26618,Pt0.2Pb0.8O2
26619,Pt0.05Pb0.95O3
26620,Pt0.1Pb0.9O3
26621,Pt0.2Pb0.8O3
26622,Pt0.05Pb0.95O4
26623,Pt0.1Pb0.9O4
26624,Pt0.2Pb0.8O4
26625,Pt0.05Pb0.95O5
26626,Pt0.1Pb0.9O5
26627,Pt0.2Pb0.8O5
26628,Pt0.05Pb0.95O6
26629,Pt0.1Pb0.9O6
26630,Pt0.2Pb0.8O6
26631,Pt0.05Pb0.95O7
26632,Pt0.1Pb0.9O7
26633,Pt0.2Pb0.8O7
26634,Pt0.05Pb0.95O8
26635,Pt0.1Pb0.9O8
26636,Pt0.2Pb0.8O8
26637,Pt0.05Pb0.95O9
26638,Pt0.1Pb0.9O9
26639,Pt0.2Pb0.8O9
26640,Pt0.05Pb0.95O10
26641,Pt0.1Pb0.9O10
26642,Pt0.2Pb0.8O10
26643,Pt0.1Pb1.9O3
26644,Pt0.2Pb1.8O3
26645,Pt0.4Pb1.6O3
26646,Pt0.1Pb1.9O5
26647,Pt0.2Pb1.8O5
26648,Pt0.4Pb1.6O5
26649,Pt0.1Pb1.9O7
26650,Pt0.2Pb1.8O7
26651,Pt0.4Pb1.6O7
26652,Pt0.1Pb1.9O9
26653,Pt0.2Pb1.8O9
26654,Pt0.4Pb1.6O9
26655,Pt0.15Pb2.85O4
26656,Pt0.3Pb2.7O4
26657,Pt0.6Pb2.4O4
26658,Pt0.15Pb2.85O5
26659,Pt0.3Pb2.7O5
26660,Pt0.6Pb2.4O5
26661,Pt0.15Pb2.85O7
26662,Pt0.3Pb2.7O7
26663,Pt0.6Pb2.4O7
26664,Pt0.15Pb2.85O8
26665,Pt0.3Pb2.7O8
26666,Pt0.6Pb2.4O8
26667,Pt0.15Pb2.85O10
26668,Pt0.3Pb2.7O10
26669,Pt0.6Pb2.4O10
26670,Pt0.2Pb3.8O5
26671,Pt0.4Pb3.6O5
26672,Pt0.8Pb3.2O5
26673,Pt0.2Pb3.8O7
26674,Pt0.4Pb3.6O7
26675,Pt0.8Pb3.2O7
26676,Pt0.2Pb3.8O9
26677,Pt0.4Pb3.6O9
26678,Pt0.8Pb3.2O9
26679,Pt0.25Pb4.75O6
26680,Pt0.5Pb4.5O6
26681,PtPbO6
26682,Pt0.25Pb4.75O7
26683,Pt0.5Pb4.5O7
26684,PtPbO7
26685,Pt0.25Pb4.75O8
26686,Pt0.5Pb4.5O8
26687,PtPbO8
26688,Pt0.25Pb4.75O9
26689,Pt0.5Pb4.5O9
26690,PtPbO9
26691,Pt0.3Pb5.7O7
26692,Pt0.6Pb5.4O7
26693,Pt1.2Pb4.8O7
26694,Pt0.35Pb6.65O8
26695,Pt0.7Pb6.3O8
26696,Pt1.4Pb5.6O8
26697,Pt0.35Pb6.65O9
26698,Pt0.7Pb6.3O9
26699,Pt1.4Pb5.6O9
26700,Pt0.35Pb6.65O10
26701,Pt0.7Pb6.3O10
26702,Pt1.4Pb5.6O10
26703,Pt0.4Pb7.6O9
26704,Pt0.8Pb7.2O9
26705,Pt1.6Pb6.4O9
26706,Pt0.45Pb8.55O10
26707,Pt0.9Pb8.1O10
26708,Pt1.8Pb7.2O10
26709,Mn0.05Bi0.95O
26710,Mn0.1Bi0.9O
26711,Mn0.2Bi0.8O
26712,Mn0.05Bi0.95O2
26713,Mn0.1Bi0.9O2
26714,Mn0.2Bi0.8O2
26715,Mn0.05Bi0.95O3
26716,Mn0.1Bi0.9O3
26717,Mn0.2Bi0.8O3
26718,Mn0.05Bi0.95O4
26719,Mn0.1Bi0.9O4
26720,Mn0.2Bi0.8O4
26721,Mn0.05Bi0.95O5
26722,Mn0.1Bi0.9O5
26723,Mn0.2Bi0.8O5
26724,Mn0.05Bi0.95O6
26725,Mn0.1Bi0.9O6
26726,Mn0.2Bi0.8O6
26727,Mn0.05Bi0.95O7
26728,Mn0.1Bi0.9O7
26729,Mn0.2Bi0.8O7
26730,Mn0.05Bi0.95O8
26731,Mn0.1Bi0.9O8
26732,Mn0.2Bi0.8O8
26733,Mn0.05Bi0.95O9
26734,Mn0.1Bi0.9O9
26735,Mn0.2Bi0.8O9
26736,Mn0.05Bi0.95O10
26737,Mn0.1Bi0.9O10
26738,Mn0.2Bi0.8O10
26739,Mn0.1Bi1.9O3
26740,Mn0.2Bi1.8O3
26741,Mn0.4Bi1.6O3
26742,Mn0.1Bi1.9O5
26743,Mn0.2Bi1.8O5
26744,Mn0.4Bi1.6O5
26745,Mn0.1Bi1.9O7
26746,Mn0.2Bi1.8O7
26747,Mn0.4Bi1.6O7
26748,Mn0.1Bi1.9O9
26749,Mn0.2Bi1.8O9
26750,Mn0.4Bi1.6O9
26751,Mn0.15Bi2.85O4
26752,Mn0.3Bi2.7O4
26753,Mn0.6Bi2.4O4
26754,Mn0.15Bi2.85O5
26755,Mn0.3Bi2.7O5
26756,Mn0.6Bi2.4O5
26757,Mn0.15Bi2.85O7
26758,Mn0.3Bi2.7O7
26759,Mn0.6Bi2.4O7
26760,Mn0.15Bi2.85O8
26761,Mn0.3Bi2.7O8
26762,Mn0.6Bi2.4O8
26763,Mn0.15Bi2.85O10
26764,Mn0.3Bi2.7O10
26765,Mn0.6Bi2.4O10
26766,Mn0.2Bi3.8O5
26767,Mn0.4Bi3.6O5
26768,Mn0.8Bi3.2O5
26769,Mn0.2Bi3.8O7
26770,Mn0.4Bi3.6O7
26771,Mn0.8Bi3.2O7
26772,Mn0.2Bi3.8O9
26773,Mn0.4Bi3.6O9
26774,Mn0.8Bi3.2O9
26775,Mn0.25Bi4.75O6
26776,Mn0.5Bi4.5O6
26777,MnBiO6
26778,Mn0.25Bi4.75O7
26779,Mn0.5Bi4.5O7
26780,MnBiO7
26781,Mn0.25Bi4.75O8
26782,Mn0.5Bi4.5O8
26783,MnBiO8
26784,Mn0.25Bi4.75O9
26785,Mn0.5Bi4.5O9
26786,MnBiO9
26787,Mn0.3Bi5.7O7
26788,Mn0.6Bi5.4O7
26789,Mn1.2Bi4.8O7
26790,Mn0.35Bi6.65O8
26791,Mn0.7Bi6.3O8
26792,Mn1.4Bi5.6O8
26793,Mn0.35Bi6.65O9
26794,Mn0.7Bi6.3O9
26795,Mn1.4Bi5.6O9
26796,Mn0.35Bi6.65O10
26797,Mn0.7Bi6.3O10
26798,Mn1.4Bi5.6O10
26799,Mn0.4Bi7.6O9
26800,Mn0.8Bi7.2O9
26801,Mn1.6Bi6.4O9
26802,Mn0.45Bi8.55O10
26803,Mn0.9Bi8.1O10
26804,Mn1.8Bi7.2O10
26805,Fe0.05Bi0.95O
26806,Fe0.1Bi0.9O
26807,Fe0.2Bi0.8O
26808,Fe0.05Bi0.95O2
26809,Fe0.1Bi0.9O2
26810,Fe0.2Bi0.8O2
26811,Fe0.05Bi0.95O3
26812,Fe0.1Bi0.9O3
26813,Fe0.2Bi0.8O3
26814,Fe0.05Bi0.95O4
26815,Fe0.1Bi0.9O4
26816,Fe0.2Bi0.8O4
26817,Fe0.05Bi0.95O5
26818,Fe0.1Bi0.9O5
26819,Fe0.2Bi0.8O5
26820,Fe0.05Bi0.95O6
26821,Fe0.1Bi0.9O6
26822,Fe0.2Bi0.8O6
26823,Fe0.05Bi0.95O7
26824,Fe0.1Bi0.9O7
26825,Fe0.2Bi0.8O7
26826,Fe0.05Bi0.95O8
26827,Fe0.1Bi0.9O8
26828,Fe0.2Bi0.8O8
26829,Fe0.05Bi0.95O9
26830,Fe0.1Bi0.9O9
26831,Fe0.2Bi0.8O9
26832,Fe0.05Bi0.95O10
26833,Fe0.1Bi0.9O10
26834,Fe0.2Bi0.8O10
26835,Fe0.1Bi1.9O3
26836,Fe0.2Bi1.8O3
26837,Fe0.4Bi1.6O3
26838,Fe0.1Bi1.9O5
26839,Fe0.2Bi1.8O5
26840,Fe0.4Bi1.6O5
26841,Fe0.1Bi1.9O7
26842,Fe0.2Bi1.8O7
26843,Fe0.4Bi1.6O7
26844,Fe0.1Bi1.9O9
26845,Fe0.2Bi1.8O9
26846,Fe0.4Bi1.6O9
26847,Fe0.15Bi2.85O4
26848,Fe0.3Bi2.7O4
26849,Fe0.6Bi2.4O4
26850,Fe0.15Bi2.85O5
26851,Fe0.3Bi2.7O5
26852,Fe0.6Bi2.4O5
26853,Fe0.15Bi2.85O7
26854,Fe0.3Bi2.7O7
26855,Fe0.6Bi2.4O7
26856,Fe0.15Bi2.85O8
26857,Fe0.3Bi2.7O8
26858,Fe0.6Bi2.4O8
26859,Fe0.15Bi2.85O10
26860,Fe0.3Bi2.7O10
26861,Fe0.6Bi2.4O10
26862,Fe0.2Bi3.8O5
26863,Fe0.4Bi3.6O5
26864,Fe0.8Bi3.2O5
26865,Fe0.2Bi3.8O7
26866,Fe0.4Bi3.6O7
26867,Fe0.8Bi3.2O7
26868,Fe0.2Bi3.8O9
26869,Fe0.4Bi3.6O9
26870,Fe0.8Bi3.2O9
26871,Fe0.25Bi4.75O6
26872,Fe0.5Bi4.5O6
26873,FeBiO6
26874,Fe0.25Bi4.75O7
26875,Fe0.5Bi4.5O7
26876,FeBiO7
26877,Fe0.25Bi4.75O8
26878,Fe0.5Bi4.5O8
26879,FeBiO8
26880,Fe0.25Bi4.75O9
26881,Fe0.5Bi4.5O9
26882,FeBiO9
26883,Fe0.3Bi5.7O7
26884,Fe0.6Bi5.4O7
26885,Fe1.2Bi4.8O7
26886,Fe0.35Bi6.65O8
26887,Fe0.7Bi6.3O8
26888,Fe1.4Bi5.6O8
26889,Fe0.35Bi6.65O9
26890,Fe0.7Bi6.3O9
26891,Fe1.4Bi5.6O9
26892,Fe0.35Bi6.65O10
26893,Fe0.7Bi6.3O10
26894,Fe1.4Bi5.6O10
26895,Fe0.4Bi7.6O9
26896,Fe0.8Bi7.2O9
26897,Fe1.6Bi6.4O9
26898,Fe0.45Bi8.55O10
26899,Fe0.9Bi8.1O10
26900,Fe1.8Bi7.2O10
26901,Co0.05Bi0.95O
26902,Co0.1Bi0.9O
26903,Co0.2Bi0.8O
26904,Co0.05Bi0.95O2
26905,Co0.1Bi0.9O2
26906,Co0.2Bi0.8O2
26907,Co0.05Bi0.95O3
26908,Co0.1Bi0.9O3
26909,Co0.2Bi0.8O3
26910,Co0.05Bi0.95O4
26911,Co0.1Bi0.9O4
26912,Co0.2Bi0.8O4
26913,Co0.05Bi0.95O5
26914,Co0.1Bi0.9O5
26915,Co0.2Bi0.8O5
26916,Co0.05Bi0.95O6
26917,Co0.1Bi0.9O6
26918,Co0.2Bi0.8O6
26919,Co0.05Bi0.95O7
26920,Co0.1Bi0.9O7
26921,Co0.2Bi0.8O7
26922,Co0.05Bi0.95O8
26923,Co0.1Bi0.9O8
26924,Co0.2Bi0.8O8
26925,Co0.05Bi0.95O9
26926,Co0.1Bi0.9O9
26927,Co0.2Bi0.8O9
26928,Co0.05Bi0.95O10
26929,Co0.1Bi0.9O10
26930,Co0.2Bi0.8O10
26931,Co0.1Bi1.9O3
26932,Co0.2Bi1.8O3
26933,Co0.4Bi1.6O3
26934,Co0.1Bi1.9O5
26935,Co0.2Bi1.8O5
26936,Co0.4Bi1.6O5
26937,Co0.1Bi1.9O7
26938,Co0.2Bi1.8O7
26939,Co0.4Bi1.6O7
26940,Co0.1Bi1.9O9
26941,Co0.2Bi1.8O9
26942,Co0.4Bi1.6O9
26943,Co0.15Bi2.85O4
26944,Co0.3Bi2.7O4
26945,Co0.6Bi2.4O4
26946,Co0.15Bi2.85O5
26947,Co0.3Bi2.7O5
26948,Co0.6Bi2.4O5
26949,Co0.15Bi2.85O7
26950,Co0.3Bi2.7O7
26951,Co0.6Bi2.4O7
26952,Co0.15Bi2.85O8
26953,Co0.3Bi2.7O8
26954,Co0.6Bi2.4O8
26955,Co0.15Bi2.85O10
26956,Co0.3Bi2.7O10
26957,Co0.6Bi2.4O10
26958,Co0.2Bi3.8O5
26959,Co0.4Bi3.6O5
26960,Co0.8Bi3.2O5
26961,Co0.2Bi3.8O7
26962,Co0.4Bi3.6O7
26963,Co0.8Bi3.2O7
26964,Co0.2Bi3.8O9
26965,Co0.4Bi3.6O9
26966,Co0.8Bi3.2O9
26967,Co0.25Bi4.75O6
26968,Co0.5Bi4.5O6
26969,CoBiO6
26970,Co0.25Bi4.75O7
26971,Co0.5Bi4.5O7
26972,CoBiO7
26973,Co0.25Bi4.75O8
26974,Co0.5Bi4.5O8
26975,CoBiO8
26976,Co0.25Bi4.75O9
26977,Co0.5Bi4.5O9
26978,CoBiO9
26979,Co0.3Bi5.7O7
26980,Co0.6Bi5.4O7
26981,Co1.2Bi4.8O7
26982,Co0.35Bi6.65O8
26983,Co0.7Bi6.3O8
26984,Co1.4Bi5.6O8
26985,Co0.35Bi6.65O9
26986,Co0.7Bi6.3O9
26987,Co1.4Bi5.6O9
26988,Co0.35Bi6.65O10
26989,Co0.7Bi6.3O10
26990,Co1.4Bi5.6O10
26991,Co0.4Bi7.6O9
26992,Co0.8Bi7.2O9
26993,Co1.6Bi6.4O9
26994,Co0.45Bi8.55O10
26995,Co0.9Bi8.1O10
26996,Co1.8Bi7.2O10
26997,Ni0.05Bi0.95O
26998,Ni0.1Bi0.9O
26999,Ni0.2Bi0.8O
27000,Ni0.05Bi0.95O2
27001,Ni0.1Bi0.9O2
27002,Ni0.2Bi0.8O2
27003,Ni0.05Bi0.95O3
27004,Ni0.1Bi0.9O3
27005,Ni0.2Bi0.8O3
27006,Ni0.05Bi0.95O4
27007,Ni0.1Bi0.9O4
27008,Ni0.2Bi0.8O4
27009,Ni0.05Bi0.95O5
27010,Ni0.1Bi0.9O5
27011,Ni0.2Bi0.8O5
27012,Ni0.05Bi0.95O6
27013,Ni0.1Bi0.9O6
27014,Ni0.2Bi0.8O6
27015,Ni0.05Bi0.95O7
27016,Ni0.1Bi0.9O7
27017,Ni0.2Bi0.8O7
27018,Ni0.05Bi0.95O8
27019,Ni0.1Bi0.9O8
27020,Ni0.2Bi0.8O8
27021,Ni0.05Bi0.95O9
27022,Ni0.1Bi0.9O9
27023,Ni0.2Bi0.8O9
27024,Ni0.05Bi0.95O10
27025,Ni0.1Bi0.9O10
27026,Ni0.2Bi0.8O10
27027,Ni0.1Bi1.9O3
27028,Ni0.2Bi1.8O3
27029,Ni0.4Bi1.6O3
27030,Ni0.1Bi1.9O5
27031,Ni0.2Bi1.8O5
27032,Ni0.4Bi1.6O5
27033,Ni0.1Bi1.9O7
27034,Ni0.2Bi1.8O7
27035,Ni0.4Bi1.6O7
27036,Ni0.1Bi1.9O9
27037,Ni0.2Bi1.8O9
27038,Ni0.4Bi1.6O9
27039,Ni0.15Bi2.85O4
27040,Ni0.3Bi2.7O4
27041,Ni0.6Bi2.4O4
27042,Ni0.15Bi2.85O5
27043,Ni0.3Bi2.7O5
27044,Ni0.6Bi2.4O5
27045,Ni0.15Bi2.85O7
27046,Ni0.3Bi2.7O7
27047,Ni0.6Bi2.4O7
27048,Ni0.15Bi2.85O8
27049,Ni0.3Bi2.7O8
27050,Ni0.6Bi2.4O8
27051,Ni0.15Bi2.85O10
27052,Ni0.3Bi2.7O10
27053,Ni0.6Bi2.4O10
27054,Ni0.2Bi3.8O5
27055,Ni0.4Bi3.6O5
27056,Ni0.8Bi3.2O5
27057,Ni0.2Bi3.8O7
27058,Ni0.4Bi3.6O7
27059,Ni0.8Bi3.2O7
27060,Ni0.2Bi3.8O9
27061,Ni0.4Bi3.6O9
27062,Ni0.8Bi3.2O9
27063,Ni0.25Bi4.75O6
27064,Ni0.5Bi4.5O6
27065,NiBiO6
27066,Ni0.25Bi4.75O7
27067,Ni0.5Bi4.5O7
27068,NiBiO7
27069,Ni0.25Bi4.75O8
27070,Ni0.5Bi4.5O8
27071,NiBiO8
27072,Ni0.25Bi4.75O9
27073,Ni0.5Bi4.5O9
27074,NiBiO9
27075,Ni0.3Bi5.7O7
27076,Ni0.6Bi5.4O7
27077,Ni1.2Bi4.8O7
27078,Ni0.35Bi6.65O8
27079,Ni0.7Bi6.3O8
27080,Ni1.4Bi5.6O8
27081,Ni0.35Bi6.65O9
27082,Ni0.7Bi6.3O9
27083,Ni1.4Bi5.6O9
27084,Ni0.35Bi6.65O10
27085,Ni0.7Bi6.3O10
27086,Ni1.4Bi5.6O10
27087,Ni0.4Bi7.6O9
27088,Ni0.8Bi7.2O9
27089,Ni1.6Bi6.4O9
27090,Ni0.45Bi8.55O10
27091,Ni0.9Bi8.1O10
27092,Ni1.8Bi7.2O10
27093,Ru0.05Bi0.95O
27094,Ru0.1Bi0.9O
27095,Ru0.2Bi0.8O
27096,Ru0.05Bi0.95O2
27097,Ru0.1Bi0.9O2
27098,Ru0.2Bi0.8O2
27099,Ru0.05Bi0.95O3
27100,Ru0.1Bi0.9O3
27101,Ru0.2Bi0.8O3
27102,Ru0.05Bi0.95O4
27103,Ru0.1Bi0.9O4
27104,Ru0.2Bi0.8O4
27105,Ru0.05Bi0.95O5
27106,Ru0.1Bi0.9O5
27107,Ru0.2Bi0.8O5
27108,Ru0.05Bi0.95O6
27109,Ru0.1Bi0.9O6
27110,Ru0.2Bi0.8O6
27111,Ru0.05Bi0.95O7
27112,Ru0.1Bi0.9O7
27113,Ru0.2Bi0.8O7
27114,Ru0.05Bi0.95O8
27115,Ru0.1Bi0.9O8
27116,Ru0.2Bi0.8O8
27117,Ru0.05Bi0.95O9
27118,Ru0.1Bi0.9O9
27119,Ru0.2Bi0.8O9
27120,Ru0.05Bi0.95O10
27121,Ru0.1Bi0.9O10
27122,Ru0.2Bi0.8O10
27123,Ru0.1Bi1.9O3
27124,Ru0.2Bi1.8O3
27125,Ru0.4Bi1.6O3
27126,Ru0.1Bi1.9O5
27127,Ru0.2Bi1.8O5
27128,Ru0.4Bi1.6O5
27129,Ru0.1Bi1.9O7
27130,Ru0.2Bi1.8O7
27131,Ru0.4Bi1.6O7
27132,Ru0.1Bi1.9O9
27133,Ru0.2Bi1.8O9
27134,Ru0.4Bi1.6O9
27135,Ru0.15Bi2.85O4
27136,Ru0.3Bi2.7O4
27137,Ru0.6Bi2.4O4
27138,Ru0.15Bi2.85O5
27139,Ru0.3Bi2.7O5
27140,Ru0.6Bi2.4O5
27141,Ru0.15Bi2.85O7
27142,Ru0.3Bi2.7O7
27143,Ru0.6Bi2.4O7
27144,Ru0.15Bi2.85O8
27145,Ru0.3Bi2.7O8
27146,Ru0.6Bi2.4O8
27147,Ru0.15Bi2.85O10
27148,Ru0.3Bi2.7O10
27149,Ru0.6Bi2.4O10
27150,Ru0.2Bi3.8O5
27151,Ru0.4Bi3.6O5
27152,Ru0.8Bi3.2O5
27153,Ru0.2Bi3.8O7
27154,Ru0.4Bi3.6O7
27155,Ru0.8Bi3.2O7
27156,Ru0.2Bi3.8O9
27157,Ru0.4Bi3.6O9
27158,Ru0.8Bi3.2O9
27159,Ru0.25Bi4.75O6
27160,Ru0.5Bi4.5O6
27161,RuBiO6
27162,Ru0.25Bi4.75O7
27163,Ru0.5Bi4.5O7
27164,RuBiO7
27165,Ru0.25Bi4.75O8
27166,Ru0.5Bi4.5O8
27167,RuBiO8
27168,Ru0.25Bi4.75O9
27169,Ru0.5Bi4.5O9
27170,RuBiO9
27171,Ru0.3Bi5.7O7
27172,Ru0.6Bi5.4O7
27173,Ru1.2Bi4.8O7
27174,Ru0.35Bi6.65O8
27175,Ru0.7Bi6.3O8
27176,Ru1.4Bi5.6O8
27177,Ru0.35Bi6.65O9
27178,Ru0.7Bi6.3O9
27179,Ru1.4Bi5.6O9
27180,Ru0.35Bi6.65O10
27181,Ru0.7Bi6.3O10
27182,Ru1.4Bi5.6O10
27183,Ru0.4Bi7.6O9
27184,Ru0.8Bi7.2O9
27185,Ru1.6Bi6.4O9
27186,Ru0.45Bi8.55O10
27187,Ru0.9Bi8.1O10
27188,Ru1.8Bi7.2O10
27189,Pd0.05Bi0.95O
27190,Pd0.1Bi0.9O
27191,Pd0.2Bi0.8O
27192,Pd0.05Bi0.95O2
27193,Pd0.1Bi0.9O2
27194,Pd0.2Bi0.8O2
27195,Pd0.05Bi0.95O3
27196,Pd0.1Bi0.9O3
27197,Pd0.2Bi0.8O3
27198,Pd0.05Bi0.95O4
27199,Pd0.1Bi0.9O4
27200,Pd0.2Bi0.8O4
27201,Pd0.05Bi0.95O5
27202,Pd0.1Bi0.9O5
27203,Pd0.2Bi0.8O5
27204,Pd0.05Bi0.95O6
27205,Pd0.1Bi0.9O6
27206,Pd0.2Bi0.8O6
27207,Pd0.05Bi0.95O7
27208,Pd0.1Bi0.9O7
27209,Pd0.2Bi0.8O7
27210,Pd0.05Bi0.95O8
27211,Pd0.1Bi0.9O8
27212,Pd0.2Bi0.8O8
27213,Pd0.05Bi0.95O9
27214,Pd0.1Bi0.9O9
27215,Pd0.2Bi0.8O9
27216,Pd0.05Bi0.95O10
27217,Pd0.1Bi0.9O10
27218,Pd0.2Bi0.8O10
27219,Pd0.1Bi1.9O3
27220,Pd0.2Bi1.8O3
27221,Pd0.4Bi1.6O3
27222,Pd0.1Bi1.9O5
27223,Pd0.2Bi1.8O5
27224,Pd0.4Bi1.6O5
27225,Pd0.1Bi1.9O7
27226,Pd0.2Bi1.8O7
27227,Pd0.4Bi1.6O7
27228,Pd0.1Bi1.9O9
27229,Pd0.2Bi1.8O9
27230,Pd0.4Bi1.6O9
27231,Pd0.15Bi2.85O4
27232,Pd0.3Bi2.7O4
27233,Pd0.6Bi2.4O4
27234,Pd0.15Bi2.85O5
27235,Pd0.3Bi2.7O5
27236,Pd0.6Bi2.4O5
27237,Pd0.15Bi2.85O7
27238,Pd0.3Bi2.7O7
27239,Pd0.6Bi2.4O7
27240,Pd0.15Bi2.85O8
27241,Pd0.3Bi2.7O8
27242,Pd0.6Bi2.4O8
27243,Pd0.15Bi2.85O10
27244,Pd0.3Bi2.7O10
27245,Pd0.6Bi2.4O10
27246,Pd0.2Bi3.8O5
27247,Pd0.4Bi3.6O5
27248,Pd0.8Bi3.2O5
27249,Pd0.2Bi3.8O7
27250,Pd0.4Bi3.6O7
27251,Pd0.8Bi3.2O7
27252,Pd0.2Bi3.8O9
27253,Pd0.4Bi3.6O9
27254,Pd0.8Bi3.2O9
27255,Pd0.25Bi4.75O6
27256,Pd0.5Bi4.5O6
27257,PdBiO6
27258,Pd0.25Bi4.75O7
27259,Pd0.5Bi4.5O7
27260,PdBiO7
27261,Pd0.25Bi4.75O8
27262,Pd0.5Bi4.5O8
27263,PdBiO8
27264,Pd0.25Bi4.75O9
27265,Pd0.5Bi4.5O9
27266,PdBiO9
27267,Pd0.3Bi5.7O7
27268,Pd0.6Bi5.4O7
27269,Pd1.2Bi4.8O7
27270,Pd0.35Bi6.65O8
27271,Pd0.7Bi6.3O8
27272,Pd1.4Bi5.6O8
27273,Pd0.35Bi6.65O9
27274,Pd0.7Bi6.3O9
27275,Pd1.4Bi5.6O9
27276,Pd0.35Bi6.65O10
27277,Pd0.7Bi6.3O10
27278,Pd1.4Bi5.6O10
27279,Pd0.4Bi7.6O9
27280,Pd0.8Bi7.2O9
27281,Pd1.6Bi6.4O9
27282,Pd0.45Bi8.55O10
27283,Pd0.9Bi8.1O10
27284,Pd1.8Bi7.2O10
27285,Ag0.05Bi0.95O
27286,Ag0.1Bi0.9O
27287,Ag0.2Bi0.8O
27288,Ag0.05Bi0.95O2
27289,Ag0.1Bi0.9O2
27290,Ag0.2Bi0.8O2
27291,Ag0.05Bi0.95O3
27292,Ag0.1Bi0.9O3
27293,Ag0.2Bi0.8O3
27294,Ag0.05Bi0.95O4
27295,Ag0.1Bi0.9O4
27296,Ag0.2Bi0.8O4
27297,Ag0.05Bi0.95O5
27298,Ag0.1Bi0.9O5
27299,Ag0.2Bi0.8O5
27300,Ag0.05Bi0.95O6
27301,Ag0.1Bi0.9O6
27302,Ag0.2Bi0.8O6
27303,Ag0.05Bi0.95O7
27304,Ag0.1Bi0.9O7
27305,Ag0.2Bi0.8O7
27306,Ag0.05Bi0.95O8
27307,Ag0.1Bi0.9O8
27308,Ag0.2Bi0.8O8
27309,Ag0.05Bi0.95O9
27310,Ag0.1Bi0.9O9
27311,Ag0.2Bi0.8O9
27312,Ag0.05Bi0.95O10
27313,Ag0.1Bi0.9O10
27314,Ag0.2Bi0.8O10
27315,Ag0.1Bi1.9O3
27316,Ag0.2Bi1.8O3
27317,Ag0.4Bi1.6O3
27318,Ag0.1Bi1.9O5
27319,Ag0.2Bi1.8O5
27320,Ag0.4Bi1.6O5
27321,Ag0.1Bi1.9O7
27322,Ag0.2Bi1.8O7
27323,Ag0.4Bi1.6O7
27324,Ag0.1Bi1.9O9
27325,Ag0.2Bi1.8O9
27326,Ag0.4Bi1.6O9
27327,Ag0.15Bi2.85O4
27328,Ag0.3Bi2.7O4
27329,Ag0.6Bi2.4O4
27330,Ag0.15Bi2.85O5
27331,Ag0.3Bi2.7O5
27332,Ag0.6Bi2.4O5
27333,Ag0.15Bi2.85O7
27334,Ag0.3Bi2.7O7
27335,Ag0.6Bi2.4O7
27336,Ag0.15Bi2.85O8
27337,Ag0.3Bi2.7O8
27338,Ag0.6Bi2.4O8
27339,Ag0.15Bi2.85O10
27340,Ag0.3Bi2.7O10
27341,Ag0.6Bi2.4O10
27342,Ag0.2Bi3.8O5
27343,Ag0.4Bi3.6O5
27344,Ag0.8Bi3.2O5
27345,Ag0.2Bi3.8O7
27346,Ag0.4Bi3.6O7
27347,Ag0.8Bi3.2O7
27348,Ag0.2Bi3.8O9
27349,Ag0.4Bi3.6O9
27350,Ag0.8Bi3.2O9
27351,Ag0.25Bi4.75O6
27352,Ag0.5Bi4.5O6
27353,AgBiO6
27354,Ag0.25Bi4.75O7
27355,Ag0.5Bi4.5O7
27356,AgBiO7
27357,Ag0.25Bi4.75O8
27358,Ag0.5Bi4.5O8
27359,AgBiO8
27360,Ag0.25Bi4.75O9
27361,Ag0.5Bi4.5O9
27362,AgBiO9
27363,Ag0.3Bi5.7O7
27364,Ag0.6Bi5.4O7
27365,Ag1.2Bi4.8O7
27366,Ag0.35Bi6.65O8
27367,Ag0.7Bi6.3O8
27368,Ag1.4Bi5.6O8
27369,Ag0.35Bi6.65O9
27370,Ag0.7Bi6.3O9
27371,Ag1.4Bi5.6O9
27372,Ag0.35Bi6.65O10
27373,Ag0.7Bi6.3O10
27374,Ag1.4Bi5.6O10
27375,Ag0.4Bi7.6O9
27376,Ag0.8Bi7.2O9
27377,Ag1.6Bi6.4O9
27378,Ag0.45Bi8.55O10
27379,Ag0.9Bi8.1O10
27380,Ag1.8Bi7.2O10
27381,Pt0.05Bi0.95O
27382,Pt0.1Bi0.9O
27383,Pt0.2Bi0.8O
27384,Pt0.05Bi0.95O2
27385,Pt0.1Bi0.9O2
27386,Pt0.2Bi0.8O2
27387,Pt0.05Bi0.95O3
27388,Pt0.1Bi0.9O3
27389,Pt0.2Bi0.8O3
27390,Pt0.05Bi0.95O4
27391,Pt0.1Bi0.9O4
27392,Pt0.2Bi0.8O4
27393,Pt0.05Bi0.95O5
27394,Pt0.1Bi0.9O5
27395,Pt0.2Bi0.8O5
27396,Pt0.05Bi0.95O6
27397,Pt0.1Bi0.9O6
27398,Pt0.2Bi0.8O6
27399,Pt0.05Bi0.95O7
27400,Pt0.1Bi0.9O7
27401,Pt0.2Bi0.8O7
27402,Pt0.05Bi0.95O8
27403,Pt0.1Bi0.9O8
27404,Pt0.2Bi0.8O8
27405,Pt0.05Bi0.95O9
27406,Pt0.1Bi0.9O9
27407,Pt0.2Bi0.8O9
27408,Pt0.05Bi0.95O10
27409,Pt0.1Bi0.9O10
27410,Pt0.2Bi0.8O10
27411,Pt0.1Bi1.9O3
27412,Pt0.2Bi1.8O3
27413,Pt0.4Bi1.6O3
27414,Pt0.1Bi1.9O5
27415,Pt0.2Bi1.8O5
27416,Pt0.4Bi1.6O5
27417,Pt0.1Bi1.9O7
27418,Pt0.2Bi1.8O7
27419,Pt0.4Bi1.6O7
27420,Pt0.1Bi1.9O9
27421,Pt0.2Bi1.8O9
27422,Pt0.4Bi1.6O9
27423,Pt0.15Bi2.85O4
27424,Pt0.3Bi2.7O4
27425,Pt0.6Bi2.4O4
27426,Pt0.15Bi2.85O5
27427,Pt0.3Bi2.7O5
27428,Pt0.6Bi2.4O5
27429,Pt0.15Bi2.85O7
27430,Pt0.3Bi2.7O7
27431,Pt0.6Bi2.4O7
27432,Pt0.15Bi2.85O8
27433,Pt0.3Bi2.7O8
27434,Pt0.6Bi2.4O8
27435,Pt0.15Bi2.85O10
27436,Pt0.3Bi2.7O10
27437,Pt0.6Bi2.4O10
27438,Pt0.2Bi3.8O5
27439,Pt0.4Bi3.6O5
27440,Pt0.8Bi3.2O5
27441,Pt0.2Bi3.8O7
27442,Pt0.4Bi3.6O7
27443,Pt0.8Bi3.2O7
27444,Pt0.2Bi3.8O9
27445,Pt0.4Bi3.6O9
27446,Pt0.8Bi3.2O9
27447,Pt0.25Bi4.75O6
27448,Pt0.5Bi4.5O6
27449,PtBiO6
27450,Pt0.25Bi4.75O7
27451,Pt0.5Bi4.5O7
27452,PtBiO7
27453,Pt0.25Bi4.75O8
27454,Pt0.5Bi4.5O8
27455,PtBiO8
27456,Pt0.25Bi4.75O9
27457,Pt0.5Bi4.5O9
27458,PtBiO9
27459,Pt0.3Bi5.7O7
27460,Pt0.6Bi5.4O7
27461,Pt1.2Bi4.8O7
27462,Pt0.35Bi6.65O8
27463,Pt0.7Bi6.3O8
27464,Pt1.4Bi5.6O8
27465,Pt0.35Bi6.65O9
27466,Pt0.7Bi6.3O9
27467,Pt1.4Bi5.6O9
27468,Pt0.35Bi6.65O10
27469,Pt0.7Bi6.3O10
27470,Pt1.4Bi5.6O10
27471,Pt0.4Bi7.6O9
27472,Pt0.8Bi7.2O9
27473,Pt1.6Bi6.4O9
27474,Pt0.45Bi8.55O10
27475,Pt0.9Bi8.1O10
27476,Pt1.8Bi7.2O10
27477,Mn0.05Sc0.95N
27478,Fe0.05Sc0.95N
27479,Co0.05Sc0.95N
27480,Ni0.05Sc0.95N
27481,Ru0.05Sc0.95N
27482,Pd0.05Sc0.95N
27483,Ag0.05Sc0.95N
27484,Pt0.05Sc0.95N
27485,Mn0.05Ti0.95N
27486,Fe0.05Ti0.95N
27487,Co0.05Ti0.95N
27488,Ni0.05Ti0.95N
27489,Ru0.05Ti0.95N
27490,Pd0.05Ti0.95N
27491,Ag0.05Ti0.95N
27492,Pt0.05Ti0.95N
27493,Mn0.05V0.95N
27494,Fe0.05V0.95N
27495,Co0.05V0.95N
27496,Ni0.05V0.95N
27497,Ru0.05V0.95N
27498,Pd0.05V0.95N
27499,Ag0.05V0.95N
27500,Pt0.05V0.95N
27501,Mn0.05Cr0.95N
27502,Fe0.05Cr0.95N
27503,Co0.05Cr0.95N
27504,Ni0.05Cr0.95N
27505,Ru0.05Cr0.95N
27506,Pd0.05Cr0.95N
27507,Ag0.05Cr0.95N
27508,Pt0.05Cr0.95N
27509,Fe0.05Mn0.95N
27510,Co0.05Mn0.95N
27511,Ni0.05Mn0.95N
27512,Ru0.05Mn0.95N
27513,Pd0.05Mn0.95N
27514,Ag0.05Mn0.95N
27515,Pt0.05Mn0.95N
27516,Mn0.05Fe0.95N
27517,Co0.05Fe0.95N
27518,Ni0.05Fe0.95N
27519,Ru0.05Fe0.95N
27520,Pd0.05Fe0.95N
27521,Ag0.05Fe0.95N
27522,Pt0.05Fe0.95N
27523,Mn0.05Co0.95N
27524,Fe0.05Co0.95N
27525,Ni0.05Co0.95N
27526,Ru0.05Co0.95N
27527,Pd0.05Co0.95N
27528,Ag0.05Co0.95N
27529,Pt0.05Co0.95N
27530,Mn0.05Ni0.95N
27531,Fe0.05Ni0.95N
27532,Co0.05Ni0.95N
27533,Ru0.05Ni0.95N
27534,Pd0.05Ni0.95N
27535,Ag0.05Ni0.95N
27536,Pt0.05Ni0.95N
27537,Mn0.05Cu0.95N
27538,Fe0.05Cu0.95N
27539,Co0.05Cu0.95N
27540,Ni0.05Cu0.95N
27541,Ru0.05Cu0.95N
27542,Pd0.05Cu0.95N
27543,Ag0.05Cu0.95N
27544,Pt0.05Cu0.95N
27545,Mn0.05Zn0.95N
27546,Fe0.05Zn0.95N
27547,Co0.05Zn0.95N
27548,Ni0.05Zn0.95N
27549,Ru0.05Zn0.95N
27550,Pd0.05Zn0.95N
27551,Ag0.05Zn0.95N
27552,Pt0.05Zn0.95N
27553,Mn0.05Y0.95N
27554,Fe0.05Y0.95N
27555,Co0.05Y0.95N
27556,Ni0.05Y0.95N
27557,Ru0.05Y0.95N
27558,Pd0.05Y0.95N
27559,Ag0.05Y0.95N
27560,Pt0.05Y0.95N
27561,Mn0.05Zr0.95N
27562,Fe0.05Zr0.95N
27563,Co0.05Zr0.95N
27564,Ni0.05Zr0.95N
27565,Ru0.05Zr0.95N
27566,Pd0.05Zr0.95N
27567,Ag0.05Zr0.95N
27568,Pt0.05Zr0.95N
27569,Mn0.05Nb0.95N
27570,Fe0.05Nb0.95N
27571,Co0.05Nb0.95N
27572,Ni0.05Nb0.95N
27573,Ru0.05Nb0.95N
27574,Pd0.05Nb0.95N
27575,Ag0.05Nb0.95N
27576,Pt0.05Nb0.95N
27577,Mn0.05Mo0.95N
27578,Fe0.05Mo0.95N
27579,Co0.05Mo0.95N
27580,Ni0.05Mo0.95N
27581,Ru0.05Mo0.95N
27582,Pd0.05Mo0.95N
27583,Ag0.05Mo0.95N
27584,Pt0.05Mo0.95N
27585,Mn0.05Ru0.95N
27586,Fe0.05Ru0.95N
27587,Co0.05Ru0.95N
27588,Ni0.05Ru0.95N
27589,Pd0.05Ru0.95N
27590,Ag0.05Ru0.95N
27591,Pt0.05Ru0.95N
27592,Mn0.05Rh0.95N
27593,Fe0.05Rh0.95N
27594,Co0.05Rh0.95N
27595,Ni0.05Rh0.95N
27596,Ru0.05Rh0.95N
27597,Pd0.05Rh0.95N
27598,Ag0.05Rh0.95N
27599,Pt0.05Rh0.95N
27600,Mn0.05Pd0.95N
27601,Fe0.05Pd0.95N
27602,Co0.05Pd0.95N
27603,Ni0.05Pd0.95N
27604,Ru0.05Pd0.95N
27605,Ag0.05Pd0.95N
27606,Pt0.05Pd0.95N
27607,Mn0.05Ag0.95N
27608,Fe0.05Ag0.95N
27609,Co0.05Ag0.95N
27610,Ni0.05Ag0.95N
27611,Ru0.05Ag0.95N
27612,Pd0.05Ag0.95N
27613,Pt0.05Ag0.95N
27614,Mn0.05Cd0.95N
27615,Fe0.05Cd0.95N
27616,Co0.05Cd0.95N
27617,Ni0.05Cd0.95N
27618,Ru0.05Cd0.95N
27619,Pd0.05Cd0.95N
27620,Ag0.05Cd0.95N
27621,Pt0.05Cd0.95N
27622,Mn0.05Hf0.95N
27623,Fe0.05Hf0.95N
27624,Co0.05Hf0.95N
27625,Ni0.05Hf0.95N
27626,Ru0.05Hf0.95N
27627,Pd0.05Hf0.95N
27628,Ag0.05Hf0.95N
27629,Pt0.05Hf0.95N
27630,Mn0.05Ta0.95N
27631,Fe0.05Ta0.95N
27632,Co0.05Ta0.95N
27633,Ni0.05Ta0.95N
27634,Ru0.05Ta0.95N
27635,Pd0.05Ta0.95N
27636,Ag0.05Ta0.95N
27637,Pt0.05Ta0.95N
27638,Mn0.05W0.95N
27639,Fe0.05W0.95N
27640,Co0.05W0.95N
27641,Ni0.05W0.95N
27642,Ru0.05W0.95N
27643,Pd0.05W0.95N
27644,Ag0.05W0.95N
27645,Pt0.05W0.95N
27646,Mn0.05Re0.95N
27647,Fe0.05Re0.95N
27648,Co0.05Re0.95N
27649,Ni0.05Re0.95N
27650,Ru0.05Re0.95N
27651,Pd0.05Re0.95N
27652,Ag0.05Re0.95N
27653,Pt0.05Re0.95N
27654,Mn0.05Os0.95N
27655,Fe0.05Os0.95N
27656,Co0.05Os0.95N
27657,Ni0.05Os0.95N
27658,Ru0.05Os0.95N
27659,Pd0.05Os0.95N
27660,Ag0.05Os0.95N
27661,Pt0.05Os0.95N
27662,Mn0.05Ir0.95N
27663,Fe0.05Ir0.95N
27664,Co0.05Ir0.95N
27665,Ni0.05Ir0.95N
27666,Ru0.05Ir0.95N
27667,Pd0.05Ir0.95N
27668,Ag0.05Ir0.95N
27669,Pt0.05Ir0.95N
27670,Mn0.05Pt0.95N
27671,Fe0.05Pt0.95N
27672,Co0.05Pt0.95N
27673,Ni0.05Pt0.95N
27674,Ru0.05Pt0.95N
27675,Pd0.05Pt0.95N
27676,Ag0.05Pt0.95N
27677,Mn0.05Au0.95N
27678,Fe0.05Au0.95N
27679,Co0.05Au0.95N
27680,Ni0.05Au0.95N
27681,Ru0.05Au0.95N
27682,Pd0.05Au0.95N
27683,Ag0.05Au0.95N
27684,Pt0.05Au0.95N
27685,Mn0.05La0.95N
27686,Fe0.05La0.95N
27687,Co0.05La0.95N
27688,Ni0.05La0.95N
27689,Ru0.05La0.95N
27690,Pd0.05La0.95N
27691,Ag0.05La0.95N
27692,Pt0.05La0.95N
27693,Mn0.05Ce0.95N
27694,Fe0.05Ce0.95N
27695,Co0.05Ce0.95N
27696,Ni0.05Ce0.95N
27697,Ru0.05Ce0.95N
27698,Pd0.05Ce0.95N
27699,Ag0.05Ce0.95N
27700,Pt0.05Ce0.95N
27701,Mn0.05Al0.95N
27702,Fe0.05Al0.95N
27703,Co0.05Al0.95N
27704,Ni0.05Al0.95N
27705,Ru0.05Al0.95N
27706,Pd0.05Al0.95N
27707,Ag0.05Al0.95N
27708,Pt0.05Al0.95N
27709,Mn0.05Ga0.95N
27710,Fe0.05Ga0.95N
27711,Co0.05Ga0.95N
27712,Ni0.05Ga0.95N
27713,Ru0.05Ga0.95N
27714,Pd0.05Ga0.95N
27715,Ag0.05Ga0.95N
27716,Pt0.05Ga0.95N
27717,Mn0.05In0.95N
27718,Fe0.05In0.95N
27719,Co0.05In0.95N
27720,Ni0.05In0.95N
27721,Ru0.05In0.95N
27722,Pd0.05In0.95N
27723,Ag0.05In0.95N
27724,Pt0.05In0.95N
27725,Mn0.05Sn0.95N
27726,Fe0.05Sn0.95N
27727,Co0.05Sn0.95N
27728,Ni0.05Sn0.95N
27729,Ru0.05Sn0.95N
27730,Pd0.05Sn0.95N
27731,Ag0.05Sn0.95N
27732,Pt0.05Sn0.95N
27733,Mn0.05Pb0.95N
27734,Fe0.05Pb0.95N
27735,Co0.05Pb0.95N
27736,Ni0.05Pb0.95N
27737,Ru0.05Pb0.95N
27738,Pd0.05Pb0.95N
27739,Ag0.05Pb0.95N
27740,Pt0.05Pb0.95N
27741,Mn0.05Bi0.95N
27742,Fe0.05Bi0.95N
27743,Co0.05Bi0.95N
27744,Ni0.05Bi0.95N
27745,Ru0.05Bi0.95N
27746,Pd0.05Bi0.95N
27747,Ag0.05Bi0.95N
27748,Pt0.05Bi0.95N
27749,Mn0.1Sc1.9N
27750,Fe0.1Sc1.9N
27751,Co0.1Sc1.9N
27752,Ni0.1Sc1.9N
27753,Ru0.1Sc1.9N
27754,Pd0.1Sc1.9N
27755,Ag0.1Sc1.9N
27756,Pt0.1Sc1.9N
27757,Mn0.1Ti1.9N
27758,Fe0.1Ti1.9N
27759,Co0.1Ti1.9N
27760,Ni0.1Ti1.9N
27761,Ru0.1Ti1.9N
27762,Pd0.1Ti1.9N
27763,Ag0.1Ti1.9N
27764,Pt0.1Ti1.9N
27765,Mn0.1V1.9N
27766,Fe0.1V1.9N
27767,Co0.1V1.9N
27768,Ni0.1V1.9N
27769,Ru0.1V1.9N
27770,Pd0.1V1.9N
27771,Ag0.1V1.9N
27772,Pt0.1V1.9N
27773,Mn0.1Cr1.9N
27774,Fe0.1Cr1.9N
27775,Co0.1Cr1.9N
27776,Ni0.1Cr1.9N
27777,Ru0.1Cr1.9N
27778,Pd0.1Cr1.9N
27779,Ag0.1Cr1.9N
27780,Pt0.1Cr1.9N
27781,Fe0.1Mn1.9N
27782,Co0.1Mn1.9N
27783,Ni0.1Mn1.9N
27784,Ru0.1Mn1.9N
27785,Pd0.1Mn1.9N
27786,Ag0.1Mn1.9N
27787,Pt0.1Mn1.9N
27788,Mn0.1Fe1.9N
27789,Co0.1Fe1.9N
27790,Ni0.1Fe1.9N
27791,Ru0.1Fe1.9N
27792,Pd0.1Fe1.9N
27793,Ag0.1Fe1.9N
27794,Pt0.1Fe1.9N
27795,Mn0.1Co1.9N
27796,Fe0.1Co1.9N
27797,Ni0.1Co1.9N
27798,Ru0.1Co1.9N
27799,Pd0.1Co1.9N
27800,Ag0.1Co1.9N
27801,Pt0.1Co1.9N
27802,Mn0.1Ni1.9N
27803,Fe0.1Ni1.9N
27804,Co0.1Ni1.9N
27805,Ru0.1Ni1.9N
27806,Pd0.1Ni1.9N
27807,Ag0.1Ni1.9N
27808,Pt0.1Ni1.9N
27809,Mn0.1Cu1.9N
27810,Fe0.1Cu1.9N
27811,Co0.1Cu1.9N
27812,Ni0.1Cu1.9N
27813,Ru0.1Cu1.9N
27814,Pd0.1Cu1.9N
27815,Ag0.1Cu1.9N
27816,Pt0.1Cu1.9N
27817,Mn0.1Zn1.9N
27818,Fe0.1Zn1.9N
27819,Co0.1Zn1.9N
27820,Ni0.1Zn1.9N
27821,Ru0.1Zn1.9N
27822,Pd0.1Zn1.9N
27823,Ag0.1Zn1.9N
27824,Pt0.1Zn1.9N
27825,Mn0.1Y1.9N
27826,Fe0.1Y1.9N
27827,Co0.1Y1.9N
27828,Ni0.1Y1.9N
27829,Ru0.1Y1.9N
27830,Pd0.1Y1.9N
27831,Ag0.1Y1.9N
27832,Pt0.1Y1.9N
27833,Mn0.1Zr1.9N
27834,Fe0.1Zr1.9N
27835,Co0.1Zr1.9N
27836,Ni0.1Zr1.9N
27837,Ru0.1Zr1.9N
27838,Pd0.1Zr1.9N
27839,Ag0.1Zr1.9N
27840,Pt0.1Zr1.9N
27841,Mn0.1Nb1.9N
27842,Fe0.1Nb1.9N
27843,Co0.1Nb1.9N
27844,Ni0.1Nb1.9N
27845,Ru0.1Nb1.9N
27846,Pd0.1Nb1.9N
27847,Ag0.1Nb1.9N
27848,Pt0.1Nb1.9N
27849,Mn0.1Mo1.9N
27850,Fe0.1Mo1.9N
27851,Co0.1Mo1.9N
27852,Ni0.1Mo1.9N
27853,Ru0.1Mo1.9N
27854,Pd0.1Mo1.9N
27855,Ag0.1Mo1.9N
27856,Pt0.1Mo1.9N
27857,Mn0.1Ru1.9N
27858,Fe0.1Ru1.9N
27859,Co0.1Ru1.9N
27860,Ni0.1Ru1.9N
27861,Pd0.1Ru1.9N
27862,Ag0.1Ru1.9N
27863,Pt0.1Ru1.9N
27864,Mn0.1Rh1.9N
27865,Fe0.1Rh1.9N
27866,Co0.1Rh1.9N
27867,Ni0.1Rh1.9N
27868,Ru0.1Rh1.9N
27869,Pd0.1Rh1.9N
27870,Ag0.1Rh1.9N
27871,Pt0.1Rh1.9N
27872,Mn0.1Pd1.9N
27873,Fe0.1Pd1.9N
27874,Co0.1Pd1.9N
27875,Ni0.1Pd1.9N
27876,Ru0.1Pd1.9N
27877,Ag0.1Pd1.9N
27878,Pt0.1Pd1.9N
27879,Mn0.1Ag1.9N
27880,Fe0.1Ag1.9N
27881,Co0.1Ag1.9N
27882,Ni0.1Ag1.9N
27883,Ru0.1Ag1.9N
27884,Pd0.1Ag1.9N
27885,Pt0.1Ag1.9N
27886,Mn0.1Cd1.9N
27887,Fe0.1Cd1.9N
27888,Co0.1Cd1.9N
27889,Ni0.1Cd1.9N
27890,Ru0.1Cd1.9N
27891,Pd0.1Cd1.9N
27892,Ag0.1Cd1.9N
27893,Pt0.1Cd1.9N
27894,Mn0.1Hf1.9N
27895,Fe0.1Hf1.9N
27896,Co0.1Hf1.9N
27897,Ni0.1Hf1.9N
27898,Ru0.1Hf1.9N
27899,Pd0.1Hf1.9N
27900,Ag0.1Hf1.9N
27901,Pt0.1Hf1.9N
27902,Mn0.1Ta1.9N
27903,Fe0.1Ta1.9N
27904,Co0.1Ta1.9N
27905,Ni0.1Ta1.9N
27906,Ru0.1Ta1.9N
27907,Pd0.1Ta1.9N
27908,Ag0.1Ta1.9N
27909,Pt0.1Ta1.9N
27910,Mn0.1W1.9N
27911,Fe0.1W1.9N
27912,Co0.1W1.9N
27913,Ni0.1W1.9N
27914,Ru0.1W1.9N
27915,Pd0.1W1.9N
27916,Ag0.1W1.9N
27917,Pt0.1W1.9N
27918,Mn0.1Re1.9N
27919,Fe0.1Re1.9N
27920,Co0.1Re1.9N
27921,Ni0.1Re1.9N
27922,Ru0.1Re1.9N
27923,Pd0.1Re1.9N
27924,Ag0.1Re1.9N
27925,Pt0.1Re1.9N
27926,Mn0.1Os1.9N
27927,Fe0.1Os1.9N
27928,Co0.1Os1.9N
27929,Ni0.1Os1.9N
27930,Ru0.1Os1.9N
27931,Pd0.1Os1.9N
27932,Ag0.1Os1.9N
27933,Pt0.1Os1.9N
27934,Mn0.1Ir1.9N
27935,Fe0.1Ir1.9N
27936,Co0.1Ir1.9N
27937,Ni0.1Ir1.9N
27938,Ru0.1Ir1.9N
27939,Pd0.1Ir1.9N
27940,Ag0.1Ir1.9N
27941,Pt0.1Ir1.9N
27942,Mn0.1Pt1.9N
27943,Fe0.1Pt1.9N
27944,Co0.1Pt1.9N
27945,Ni0.1Pt1.9N
27946,Ru0.1Pt1.9N
27947,Pd0.1Pt1.9N
27948,Ag0.1Pt1.9N
27949,Mn0.1Au1.9N
27950,Fe0.1Au1.9N
27951,Co0.1Au1.9N
27952,Ni0.1Au1.9N
27953,Ru0.1Au1.9N
27954,Pd0.1Au1.9N
27955,Ag0.1Au1.9N
27956,Pt0.1Au1.9N
27957,Mn0.1La1.9N
27958,Fe0.1La1.9N
27959,Co0.1La1.9N
27960,Ni0.1La1.9N
27961,Ru0.1La1.9N
27962,Pd0.1La1.9N
27963,Ag0.1La1.9N
27964,Pt0.1La1.9N
27965,Mn0.1Ce1.9N
27966,Fe0.1Ce1.9N
27967,Co0.1Ce1.9N
27968,Ni0.1Ce1.9N
27969,Ru0.1Ce1.9N
27970,Pd0.1Ce1.9N
27971,Ag0.1Ce1.9N
27972,Pt0.1Ce1.9N
27973,Mn0.1Al1.9N
27974,Fe0.1Al1.9N
27975,Co0.1Al1.9N
27976,Ni0.1Al1.9N
27977,Ru0.1Al1.9N
27978,Pd0.1Al1.9N
27979,Ag0.1Al1.9N
27980,Pt0.1Al1.9N
27981,Mn0.1Ga1.9N
27982,Fe0.1Ga1.9N
27983,Co0.1Ga1.9N
27984,Ni0.1Ga1.9N
27985,Ru0.1Ga1.9N
27986,Pd0.1Ga1.9N
27987,Ag0.1Ga1.9N
27988,Pt0.1Ga1.9N
27989,Mn0.1In1.9N
27990,Fe0.1In1.9N
27991,Co0.1In1.9N
27992,Ni0.1In1.9N
27993,Ru0.1In1.9N
27994,Pd0.1In1.9N
27995,Ag0.1In1.9N
27996,Pt0.1In1.9N
27997,Mn0.1Sn1.9N
27998,Fe0.1Sn1.9N
27999,Co0.1Sn1.9N
28000,Ni0.1Sn1.9N
28001,Ru0.1Sn1.9N
28002,Pd0.1Sn1.9N
28003,Ag0.1Sn1.9N
28004,Pt0.1Sn1.9N
28005,Mn0.1Pb1.9N
28006,Fe0.1Pb1.9N
28007,Co0.1Pb1.9N
28008,Ni0.1Pb1.9N
28009,Ru0.1Pb1.9N
28010,Pd0.1Pb1.9N
28011,Ag0.1Pb1.9N
28012,Pt0.1Pb1.9N
28013,Mn0.1Bi1.9N
28014,Fe0.1Bi1.9N
28015,Co0.1Bi1.9N
28016,Ni0.1Bi1.9N
28017,Ru0.1Bi1.9N
28018,Pd0.1Bi1.9N
28019,Ag0.1Bi1.9N
28020,Pt0.1Bi1.9N
28021,Mn0.15Sc2.85N2
28022,Fe0.15Sc2.85N2
28023,Co0.15Sc2.85N2
28024,Ni0.15Sc2.85N2
28025,Ru0.15Sc2.85N2
28026,Pd0.15Sc2.85N2
28027,Ag0.15Sc2.85N2
28028,Pt0.15Sc2.85N2
28029,Mn0.15Ti2.85N2
28030,Fe0.15Ti2.85N2
28031,Co0.15Ti2.85N2
28032,Ni0.15Ti2.85N2
28033,Ru0.15Ti2.85N2
28034,Pd0.15Ti2.85N2
28035,Ag0.15Ti2.85N2
28036,Pt0.15Ti2.85N2
28037,Mn0.15V2.85N2
28038,Fe0.15V2.85N2
28039,Co0.15V2.85N2
28040,Ni0.15V2.85N2
28041,Ru0.15V2.85N2
28042,Pd0.15V2.85N2
28043,Ag0.15V2.85N2
28044,Pt0.15V2.85N2
28045,Mn0.15Cr2.85N2
28046,Fe0.15Cr2.85N2
28047,Co0.15Cr2.85N2
28048,Ni0.15Cr2.85N2
28049,Ru0.15Cr2.85N2
28050,Pd0.15Cr2.85N2
28051,Ag0.15Cr2.85N2
28052,Pt0.15Cr2.85N2
28053,Fe0.15Mn2.85N2
28054,Co0.15Mn2.85N2
28055,Ni0.15Mn2.85N2
28056,Ru0.15Mn2.85N2
28057,Pd0.15Mn2.85N2
28058,Ag0.15Mn2.85N2
28059,Pt0.15Mn2.85N2
28060,Mn0.15Fe2.85N2
28061,Co0.15Fe2.85N2
28062,Ni0.15Fe2.85N2
28063,Ru0.15Fe2.85N2
28064,Pd0.15Fe2.85N2
28065,Ag0.15Fe2.85N2
28066,Pt0.15Fe2.85N2
28067,Mn0.15Co2.85N2
28068,Fe0.15Co2.85N2
28069,Ni0.15Co2.85N2
28070,Ru0.15Co2.85N2
28071,Pd0.15Co2.85N2
28072,Ag0.15Co2.85N2
28073,Pt0.15Co2.85N2
28074,Mn0.15Ni2.85N2
28075,Fe0.15Ni2.85N2
28076,Co0.15Ni2.85N2
28077,Ru0.15Ni2.85N2
28078,Pd0.15Ni2.85N2
28079,Ag0.15Ni2.85N2
28080,Pt0.15Ni2.85N2
28081,Mn0.15Cu2.85N2
28082,Fe0.15Cu2.85N2
28083,Co0.15Cu2.85N2
28084,Ni0.15Cu2.85N2
28085,Ru0.15Cu2.85N2
28086,Pd0.15Cu2.85N2
28087,Ag0.15Cu2.85N2
28088,Pt0.15Cu2.85N2
28089,Mn0.15Zn2.85N2
28090,Fe0.15Zn2.85N2
28091,Co0.15Zn2.85N2
28092,Ni0.15Zn2.85N2
28093,Ru0.15Zn2.85N2
28094,Pd0.15Zn2.85N2
28095,Ag0.15Zn2.85N2
28096,Pt0.15Zn2.85N2
28097,Mn0.15Y2.85N2
28098,Fe0.15Y2.85N2
28099,Co0.15Y2.85N2
28100,Ni0.15Y2.85N2
28101,Ru0.15Y2.85N2
28102,Pd0.15Y2.85N2
28103,Ag0.15Y2.85N2
28104,Pt0.15Y2.85N2
28105,Mn0.15Zr2.85N2
28106,Fe0.15Zr2.85N2
28107,Co0.15Zr2.85N2
28108,Ni0.15Zr2.85N2
28109,Ru0.15Zr2.85N2
28110,Pd0.15Zr2.85N2
28111,Ag0.15Zr2.85N2
28112,Pt0.15Zr2.85N2
28113,Mn0.15Nb2.85N2
28114,Fe0.15Nb2.85N2
28115,Co0.15Nb2.85N2
28116,Ni0.15Nb2.85N2
28117,Ru0.15Nb2.85N2
28118,Pd0.15Nb2.85N2
28119,Ag0.15Nb2.85N2
28120,Pt0.15Nb2.85N2
28121,Mn0.15Mo2.85N2
28122,Fe0.15Mo2.85N2
28123,Co0.15Mo2.85N2
28124,Ni0.15Mo2.85N2
28125,Ru0.15Mo2.85N2
28126,Pd0.15Mo2.85N2
28127,Ag0.15Mo2.85N2
28128,Pt0.15Mo2.85N2
28129,Mn0.15Ru2.85N2
28130,Fe0.15Ru2.85N2
28131,Co0.15Ru2.85N2
28132,Ni0.15Ru2.85N2
28133,Pd0.15Ru2.85N2
28134,Ag0.15Ru2.85N2
28135,Pt0.15Ru2.85N2
28136,Mn0.15Rh2.85N2
28137,Fe0.15Rh2.85N2
28138,Co0.15Rh2.85N2
28139,Ni0.15Rh2.85N2
28140,Ru0.15Rh2.85N2
28141,Pd0.15Rh2.85N2
28142,Ag0.15Rh2.85N2
28143,Pt0.15Rh2.85N2
28144,Mn0.15Pd2.85N2
28145,Fe0.15Pd2.85N2
28146,Co0.15Pd2.85N2
28147,Ni0.15Pd2.85N2
28148,Ru0.15Pd2.85N2
28149,Ag0.15Pd2.85N2
28150,Pt0.15Pd2.85N2
28151,Mn0.15Ag2.85N2
28152,Fe0.15Ag2.85N2
28153,Co0.15Ag2.85N2
28154,Ni0.15Ag2.85N2
28155,Ru0.15Ag2.85N2
28156,Pd0.15Ag2.85N2
28157,Pt0.15Ag2.85N2
28158,Mn0.15Cd2.85N2
28159,Fe0.15Cd2.85N2
28160,Co0.15Cd2.85N2
28161,Ni0.15Cd2.85N2
28162,Ru0.15Cd2.85N2
28163,Pd0.15Cd2.85N2
28164,Ag0.15Cd2.85N2
28165,Pt0.15Cd2.85N2
28166,Mn0.15Hf2.85N2
28167,Fe0.15Hf2.85N2
28168,Co0.15Hf2.85N2
28169,Ni0.15Hf2.85N2
28170,Ru0.15Hf2.85N2
28171,Pd0.15Hf2.85N2
28172,Ag0.15Hf2.85N2
28173,Pt0.15Hf2.85N2
28174,Mn0.15Ta2.85N2
28175,Fe0.15Ta2.85N2
28176,Co0.15Ta2.85N2
28177,Ni0.15Ta2.85N2
28178,Ru0.15Ta2.85N2
28179,Pd0.15Ta2.85N2
28180,Ag0.15Ta2.85N2
28181,Pt0.15Ta2.85N2
28182,Mn0.15W2.85N2
28183,Fe0.15W2.85N2
28184,Co0.15W2.85N2
28185,Ni0.15W2.85N2
28186,Ru0.15W2.85N2
28187,Pd0.15W2.85N2
28188,Ag0.15W2.85N2
28189,Pt0.15W2.85N2
28190,Mn0.15Re2.85N2
28191,Fe0.15Re2.85N2
28192,Co0.15Re2.85N2
28193,Ni0.15Re2.85N2
28194,Ru0.15Re2.85N2
28195,Pd0.15Re2.85N2
28196,Ag0.15Re2.85N2
28197,Pt0.15Re2.85N2
28198,Mn0.15Os2.85N2
28199,Fe0.15Os2.85N2
28200,Co0.15Os2.85N2
28201,Ni0.15Os2.85N2
28202,Ru0.15Os2.85N2
28203,Pd0.15Os2.85N2
28204,Ag0.15Os2.85N2
28205,Pt0.15Os2.85N2
28206,Mn0.15Ir2.85N2
28207,Fe0.15Ir2.85N2
28208,Co0.15Ir2.85N2
28209,Ni0.15Ir2.85N2
28210,Ru0.15Ir2.85N2
28211,Pd0.15Ir2.85N2
28212,Ag0.15Ir2.85N2
28213,Pt0.15Ir2.85N2
28214,Mn0.15Pt2.85N2
28215,Fe0.15Pt2.85N2
28216,Co0.15Pt2.85N2
28217,Ni0.15Pt2.85N2
28218,Ru0.15Pt2.85N2
28219,Pd0.15Pt2.85N2
28220,Ag0.15Pt2.85N2
28221,Mn0.15Au2.85N2
28222,Fe0.15Au2.85N2
28223,Co0.15Au2.85N2
28224,Ni0.15Au2.85N2
28225,Ru0.15Au2.85N2
28226,Pd0.15Au2.85N2
28227,Ag0.15Au2.85N2
28228,Pt0.15Au2.85N2
28229,Mn0.15La2.85N2
28230,Fe0.15La2.85N2
28231,Co0.15La2.85N2
28232,Ni0.15La2.85N2
28233,Ru0.15La2.85N2
28234,Pd0.15La2.85N2
28235,Ag0.15La2.85N2
28236,Pt0.15La2.85N2
28237,Mn0.15Ce2.85N2
28238,Fe0.15Ce2.85N2
28239,Co0.15Ce2.85N2
28240,Ni0.15Ce2.85N2
28241,Ru0.15Ce2.85N2
28242,Pd0.15Ce2.85N2
28243,Ag0.15Ce2.85N2
28244,Pt0.15Ce2.85N2
28245,Mn0.15Al2.85N2
28246,Fe0.15Al2.85N2
28247,Co0.15Al2.85N2
28248,Ni0.15Al2.85N2
28249,Ru0.15Al2.85N2
28250,Pd0.15Al2.85N2
28251,Ag0.15Al2.85N2
28252,Pt0.15Al2.85N2
28253,Mn0.15Ga2.85N2
28254,Fe0.15Ga2.85N2
28255,Co0.15Ga2.85N2
28256,Ni0.15Ga2.85N2
28257,Ru0.15Ga2.85N2
28258,Pd0.15Ga2.85N2
28259,Ag0.15Ga2.85N2
28260,Pt0.15Ga2.85N2
28261,Mn0.15In2.85N2
28262,Fe0.15In2.85N2
28263,Co0.15In2.85N2
28264,Ni0.15In2.85N2
28265,Ru0.15In2.85N2
28266,Pd0.15In2.85N2
28267,Ag0.15In2.85N2
28268,Pt0.15In2.85N2
28269,Mn0.15Sn2.85N2
28270,Fe0.15Sn2.85N2
28271,Co0.15Sn2.85N2
28272,Ni0.15Sn2.85N2
28273,Ru0.15Sn2.85N2
28274,Pd0.15Sn2.85N2
28275,Ag0.15Sn2.85N2
28276,Pt0.15Sn2.85N2
28277,Mn0.15Pb2.85N2
28278,Fe0.15Pb2.85N2
28279,Co0.15Pb2.85N2
28280,Ni0.15Pb2.85N2
28281,Ru0.15Pb2.85N2
28282,Pd0.15Pb2.85N2
28283,Ag0.15Pb2.85N2
28284,Pt0.15Pb2.85N2
28285,Mn0.15Bi2.85N2
28286,Fe0.15Bi2.85N2
28287,Co0.15Bi2.85N2
28288,Ni0.15Bi2.85N2
28289,Ru0.15Bi2.85N2
28290,Pd0.15Bi2.85N2
28291,Ag0.15Bi2.85N2
28292,Pt0.15Bi2.85N2
28293,Mn0.2Sc3.8N
28294,Fe0.2Sc3.8N
28295,Co0.2Sc3.8N
28296,Ni0.2Sc3.8N
28297,Ru0.2Sc3.8N
28298,Pd0.2Sc3.8N
28299,Ag0.2Sc3.8N
28300,Pt0.2Sc3.8N
28301,Mn0.2Ti3.8N
28302,Fe0.2Ti3.8N
28303,Co0.2Ti3.8N
28304,Ni0.2Ti3.8N
28305,Ru0.2Ti3.8N
28306,Pd0.2Ti3.8N
28307,Ag0.2Ti3.8N
28308,Pt0.2Ti3.8N
28309,Mn0.2V3.8N
28310,Fe0.2V3.8N
28311,Co0.2V3.8N
28312,Ni0.2V3.8N
28313,Ru0.2V3.8N
28314,Pd0.2V3.8N
28315,Ag0.2V3.8N
28316,Pt0.2V3.8N
28317,Mn0.2Cr3.8N
28318,Fe0.2Cr3.8N
28319,Co0.2Cr3.8N
28320,Ni0.2Cr3.8N
28321,Ru0.2Cr3.8N
28322,Pd0.2Cr3.8N
28323,Ag0.2Cr3.8N
28324,Pt0.2Cr3.8N
28325,Fe0.2Mn3.8N
28326,Co0.2Mn3.8N
28327,Ni0.2Mn3.8N
28328,Ru0.2Mn3.8N
28329,Pd0.2Mn3.8N
28330,Ag0.2Mn3.8N
28331,Pt0.2Mn3.8N
28332,Mn0.2Fe3.8N
28333,Co0.2Fe3.8N
28334,Ni0.2Fe3.8N
28335,Ru0.2Fe3.8N
28336,Pd0.2Fe3.8N
28337,Ag0.2Fe3.8N
28338,Pt0.2Fe3.8N
28339,Mn0.2Co3.8N
28340,Fe0.2Co3.8N
28341,Ni0.2Co3.8N
28342,Ru0.2Co3.8N
28343,Pd0.2Co3.8N
28344,Ag0.2Co3.8N
28345,Pt0.2Co3.8N
28346,Mn0.2Ni3.8N
28347,Fe0.2Ni3.8N
28348,Co0.2Ni3.8N
28349,Ru0.2Ni3.8N
28350,Pd0.2Ni3.8N
28351,Ag0.2Ni3.8N
28352,Pt0.2Ni3.8N
28353,Mn0.2Cu3.8N
28354,Fe0.2Cu3.8N
28355,Co0.2Cu3.8N
28356,Ni0.2Cu3.8N
28357,Ru0.2Cu3.8N
28358,Pd0.2Cu3.8N
28359,Ag0.2Cu3.8N
28360,Pt0.2Cu3.8N
28361,Mn0.2Zn3.8N
28362,Fe0.2Zn3.8N
28363,Co0.2Zn3.8N
28364,Ni0.2Zn3.8N
28365,Ru0.2Zn3.8N
28366,Pd0.2Zn3.8N
28367,Ag0.2Zn3.8N
28368,Pt0.2Zn3.8N
28369,Mn0.2Y3.8N
28370,Fe0.2Y3.8N
28371,Co0.2Y3.8N
28372,Ni0.2Y3.8N
28373,Ru0.2Y3.8N
28374,Pd0.2Y3.8N
28375,Ag0.2Y3.8N
28376,Pt0.2Y3.8N
28377,Mn0.2Zr3.8N
28378,Fe0.2Zr3.8N
28379,Co0.2Zr3.8N
28380,Ni0.2Zr3.8N
28381,Ru0.2Zr3.8N
28382,Pd0.2Zr3.8N
28383,Ag0.2Zr3.8N
28384,Pt0.2Zr3.8N
28385,Mn0.2Nb3.8N
28386,Fe0.2Nb3.8N
28387,Co0.2Nb3.8N
28388,Ni0.2Nb3.8N
28389,Ru0.2Nb3.8N
28390,Pd0.2Nb3.8N
28391,Ag0.2Nb3.8N
28392,Pt0.2Nb3.8N
28393,Mn0.2Mo3.8N
28394,Fe0.2Mo3.8N
28395,Co0.2Mo3.8N
28396,Ni0.2Mo3.8N
28397,Ru0.2Mo3.8N
28398,Pd0.2Mo3.8N
28399,Ag0.2Mo3.8N
28400,Pt0.2Mo3.8N
28401,Mn0.2Ru3.8N
28402,Fe0.2Ru3.8N
28403,Co0.2Ru3.8N
28404,Ni0.2Ru3.8N
28405,Pd0.2Ru3.8N
28406,Ag0.2Ru3.8N
28407,Pt0.2Ru3.8N
28408,Mn0.2Rh3.8N
28409,Fe0.2Rh3.8N
28410,Co0.2Rh3.8N
28411,Ni0.2Rh3.8N
28412,Ru0.2Rh3.8N
28413,Pd0.2Rh3.8N
28414,Ag0.2Rh3.8N
28415,Pt0.2Rh3.8N
28416,Mn0.2Pd3.8N
28417,Fe0.2Pd3.8N
28418,Co0.2Pd3.8N
28419,Ni0.2Pd3.8N
28420,Ru0.2Pd3.8N
28421,Ag0.2Pd3.8N
28422,Pt0.2Pd3.8N
28423,Mn0.2Ag3.8N
28424,Fe0.2Ag3.8N
28425,Co0.2Ag3.8N
28426,Ni0.2Ag3.8N
28427,Ru0.2Ag3.8N
28428,Pd0.2Ag3.8N
28429,Pt0.2Ag3.8N
28430,Mn0.2Cd3.8N
28431,Fe0.2Cd3.8N
28432,Co0.2Cd3.8N
28433,Ni0.2Cd3.8N
28434,Ru0.2Cd3.8N
28435,Pd0.2Cd3.8N
28436,Ag0.2Cd3.8N
28437,Pt0.2Cd3.8N
28438,Mn0.2Hf3.8N
28439,Fe0.2Hf3.8N
28440,Co0.2Hf3.8N
28441,Ni0.2Hf3.8N
28442,Ru0.2Hf3.8N
28443,Pd0.2Hf3.8N
28444,Ag0.2Hf3.8N
28445,Pt0.2Hf3.8N
28446,Mn0.2Ta3.8N
28447,Fe0.2Ta3.8N
28448,Co0.2Ta3.8N
28449,Ni0.2Ta3.8N
28450,Ru0.2Ta3.8N
28451,Pd0.2Ta3.8N
28452,Ag0.2Ta3.8N
28453,Pt0.2Ta3.8N
28454,Mn0.2W3.8N
28455,Fe0.2W3.8N
28456,Co0.2W3.8N
28457,Ni0.2W3.8N
28458,Ru0.2W3.8N
28459,Pd0.2W3.8N
28460,Ag0.2W3.8N
28461,Pt0.2W3.8N
28462,Mn0.2Re3.8N
28463,Fe0.2Re3.8N
28464,Co0.2Re3.8N
28465,Ni0.2Re3.8N
28466,Ru0.2Re3.8N
28467,Pd0.2Re3.8N
28468,Ag0.2Re3.8N
28469,Pt0.2Re3.8N
28470,Mn0.2Os3.8N
28471,Fe0.2Os3.8N
28472,Co0.2Os3.8N
28473,Ni0.2Os3.8N
28474,Ru0.2Os3.8N
28475,Pd0.2Os3.8N
28476,Ag0.2Os3.8N
28477,Pt0.2Os3.8N
28478,Mn0.2Ir3.8N
28479,Fe0.2Ir3.8N
28480,Co0.2Ir3.8N
28481,Ni0.2Ir3.8N
28482,Ru0.2Ir3.8N
28483,Pd0.2Ir3.8N
28484,Ag0.2Ir3.8N
28485,Pt0.2Ir3.8N
28486,Mn0.2Pt3.8N
28487,Fe0.2Pt3.8N
28488,Co0.2Pt3.8N
28489,Ni0.2Pt3.8N
28490,Ru0.2Pt3.8N
28491,Pd0.2Pt3.8N
28492,Ag0.2Pt3.8N
28493,Mn0.2Au3.8N
28494,Fe0.2Au3.8N
28495,Co0.2Au3.8N
28496,Ni0.2Au3.8N
28497,Ru0.2Au3.8N
28498,Pd0.2Au3.8N
28499,Ag0.2Au3.8N
28500,Pt0.2Au3.8N
28501,Mn0.2La3.8N
28502,Fe0.2La3.8N
28503,Co0.2La3.8N
28504,Ni0.2La3.8N
28505,Ru0.2La3.8N
28506,Pd0.2La3.8N
28507,Ag0.2La3.8N
28508,Pt0.2La3.8N
28509,Mn0.2Ce3.8N
28510,Fe0.2Ce3.8N
28511,Co0.2Ce3.8N
28512,Ni0.2Ce3.8N
28513,Ru0.2Ce3.8N
28514,Pd0.2Ce3.8N
28515,Ag0.2Ce3.8N
28516,Pt0.2Ce3.8N
28517,Mn0.2Al3.8N
28518,Fe0.2Al3.8N
28519,Co0.2Al3.8N
28520,Ni0.2Al3.8N
28521,Ru0.2Al3.8N
28522,Pd0.2Al3.8N
28523,Ag0.2Al3.8N
28524,Pt0.2Al3.8N
28525,Mn0.2Ga3.8N
28526,Fe0.2Ga3.8N
28527,Co0.2Ga3.8N
28528,Ni0.2Ga3.8N
28529,Ru0.2Ga3.8N
28530,Pd0.2Ga3.8N
28531,Ag0.2Ga3.8N
28532,Pt0.2Ga3.8N
28533,Mn0.2In3.8N
28534,Fe0.2In3.8N
28535,Co0.2In3.8N
28536,Ni0.2In3.8N
28537,Ru0.2In3.8N
28538,Pd0.2In3.8N
28539,Ag0.2In3.8N
28540,Pt0.2In3.8N
28541,Mn0.2Sn3.8N
28542,Fe0.2Sn3.8N
28543,Co0.2Sn3.8N
28544,Ni0.2Sn3.8N
28545,Ru0.2Sn3.8N
28546,Pd0.2Sn3.8N
28547,Ag0.2Sn3.8N
28548,Pt0.2Sn3.8N
28549,Mn0.2Pb3.8N
28550,Fe0.2Pb3.8N
28551,Co0.2Pb3.8N
28552,Ni0.2Pb3.8N
28553,Ru0.2Pb3.8N
28554,Pd0.2Pb3.8N
28555,Ag0.2Pb3.8N
28556,Pt0.2Pb3.8N
28557,Mn0.2Bi3.8N
28558,Fe0.2Bi3.8N
28559,Co0.2Bi3.8N
28560,Ni0.2Bi3.8N
28561,Ru0.2Bi3.8N
28562,Pd0.2Bi3.8N
28563,Ag0.2Bi3.8N
28564,Pt0.2Bi3.8N
28565,Mn0.05Sc0.95S2
28566,Fe0.05Sc0.95S2
28567,Co0.05Sc0.95S2
28568,Ni0.05Sc0.95S2
28569,Ru0.05Sc0.95S2
28570,Pd0.05Sc0.95S2
28571,Ag0.05Sc0.95S2
28572,Pt0.05Sc0.95S2
28573,Mn0.05Ti0.95S2
28574,Fe0.05Ti0.95S2
28575,Co0.05Ti0.95S2
28576,Ni0.05Ti0.95S2
28577,Ru0.05Ti0.95S2
28578,Pd0.05Ti0.95S2
28579,Ag0.05Ti0.95S2
28580,Pt0.05Ti0.95S2
28581,Mn0.05V0.95S2
28582,Fe0.05V0.95S2
28583,Co0.05V0.95S2
28584,Ni0.05V0.95S2
28585,Ru0.05V0.95S2
28586,Pd0.05V0.95S2
28587,Ag0.05V0.95S2
28588,Pt0.05V0.95S2
28589,Mn0.05Cr0.95S2
28590,Fe0.05Cr0.95S2
28591,Co0.05Cr0.95S2
28592,Ni0.05Cr0.95S2
28593,Ru0.05Cr0.95S2
28594,Pd0.05Cr0.95S2
28595,Ag0.05Cr0.95S2
28596,Pt0.05Cr0.95S2
28597,Fe0.05Mn0.95S2
28598,Co0.05Mn0.95S2
28599,Ni0.05Mn0.95S2
28600,Ru0.05Mn0.95S2
28601,Pd0.05Mn0.95S2
28602,Ag0.05Mn0.95S2
28603,Pt0.05Mn0.95S2
28604,Mn0.05Fe0.95S2
28605,Co0.05Fe0.95S2
28606,Ni0.05Fe0.95S2
28607,Ru0.05Fe0.95S2
28608,Pd0.05Fe0.95S2
28609,Ag0.05Fe0.95S2
28610,Pt0.05Fe0.95S2
28611,Mn0.05Co0.95S2
28612,Fe0.05Co0.95S2
28613,Ni0.05Co0.95S2
28614,Ru0.05Co0.95S2
28615,Pd0.05Co0.95S2
28616,Ag0.05Co0.95S2
28617,Pt0.05Co0.95S2
28618,Mn0.05Ni0.95S2
28619,Fe0.05Ni0.95S2
28620,Co0.05Ni0.95S2
28621,Ru0.05Ni0.95S2
28622,Pd0.05Ni0.95S2
28623,Ag0.05Ni0.95S2
28624,Pt0.05Ni0.95S2
28625,Mn0.05Cu0.95S2
28626,Fe0.05Cu0.95S2
28627,Co0.05Cu0.95S2
28628,Ni0.05Cu0.95S2
28629,Ru0.05Cu0.95S2
28630,Pd0.05Cu0.95S2
28631,Ag0.05Cu0.95S2
28632,Pt0.05Cu0.95S2
28633,Mn0.05Zn0.95S2
28634,Fe0.05Zn0.95S2
28635,Co0.05Zn0.95S2
28636,Ni0.05Zn0.95S2
28637,Ru0.05Zn0.95S2
28638,Pd0.05Zn0.95S2
28639,Ag0.05Zn0.95S2
28640,Pt0.05Zn0.95S2
28641,Mn0.05Y0.95S2
28642,Fe0.05Y0.95S2
28643,Co0.05Y0.95S2
28644,Ni0.05Y0.95S2
28645,Ru0.05Y0.95S2
28646,Pd0.05Y0.95S2
28647,Ag0.05Y0.95S2
28648,Pt0.05Y0.95S2
28649,Mn0.05Zr0.95S2
28650,Fe0.05Zr0.95S2
28651,Co0.05Zr0.95S2
28652,Ni0.05Zr0.95S2
28653,Ru0.05Zr0.95S2
28654,Pd0.05Zr0.95S2
28655,Ag0.05Zr0.95S2
28656,Pt0.05Zr0.95S2
28657,Mn0.05Nb0.95S2
28658,Fe0.05Nb0.95S2
28659,Co0.05Nb0.95S2
28660,Ni0.05Nb0.95S2
28661,Ru0.05Nb0.95S2
28662,Pd0.05Nb0.95S2
28663,Ag0.05Nb0.95S2
28664,Pt0.05Nb0.95S2
28665,Mn0.05Mo0.95S2
28666,Fe0.05Mo0.95S2
28667,Co0.05Mo0.95S2
28668,Ni0.05Mo0.95S2
28669,Ru0.05Mo0.95S2
28670,Pd0.05Mo0.95S2
28671,Ag0.05Mo0.95S2
28672,Pt0.05Mo0.95S2
28673,Mn0.05Ru0.95S2
28674,Fe0.05Ru0.95S2
28675,Co0.05Ru0.95S2
28676,Ni0.05Ru0.95S2
28677,Pd0.05Ru0.95S2
28678,Ag0.05Ru0.95S2
28679,Pt0.05Ru0.95S2
28680,Mn0.05Rh0.95S2
28681,Fe0.05Rh0.95S2
28682,Co0.05Rh0.95S2
28683,Ni0.05Rh0.95S2
28684,Ru0.05Rh0.95S2
28685,Pd0.05Rh0.95S2
28686,Ag0.05Rh0.95S2
28687,Pt0.05Rh0.95S2
28688,Mn0.05Pd0.95S2
28689,Fe0.05Pd0.95S2
28690,Co0.05Pd0.95S2
28691,Ni0.05Pd0.95S2
28692,Ru0.05Pd0.95S2
28693,Ag0.05Pd0.95S2
28694,Pt0.05Pd0.95S2
28695,Mn0.05Ag0.95S2
28696,Fe0.05Ag0.95S2
28697,Co0.05Ag0.95S2
28698,Ni0.05Ag0.95S2
28699,Ru0.05Ag0.95S2
28700,Pd0.05Ag0.95S2
28701,Pt0.05Ag0.95S2
28702,Mn0.05Cd0.95S2
28703,Fe0.05Cd0.95S2
28704,Co0.05Cd0.95S2
28705,Ni0.05Cd0.95S2
28706,Ru0.05Cd0.95S2
28707,Pd0.05Cd0.95S2
28708,Ag0.05Cd0.95S2
28709,Pt0.05Cd0.95S2
28710,Mn0.05Hf0.95S2
28711,Fe0.05Hf0.95S2
28712,Co0.05Hf0.95S2
28713,Ni0.05Hf0.95S2
28714,Ru0.05Hf0.95S2
28715,Pd0.05Hf0.95S2
28716,Ag0.05Hf0.95S2
28717,Pt0.05Hf0.95S2
28718,Mn0.05Ta0.95S2
28719,Fe0.05Ta0.95S2
28720,Co0.05Ta0.95S2
28721,Ni0.05Ta0.95S2
28722,Ru0.05Ta0.95S2
28723,Pd0.05Ta0.95S2
28724,Ag0.05Ta0.95S2
28725,Pt0.05Ta0.95S2
28726,Mn0.05W0.95S2
28727,Fe0.05W0.95S2
28728,Co0.05W0.95S2
28729,Ni0.05W0.95S2
28730,Ru0.05W0.95S2
28731,Pd0.05W0.95S2
28732,Ag0.05W0.95S2
28733,Pt0.05W0.95S2
28734,Mn0.05Re0.95S2
28735,Fe0.05Re0.95S2
28736,Co0.05Re0.95S2
28737,Ni0.05Re0.95S2
28738,Ru0.05Re0.95S2
28739,Pd0.05Re0.95S2
28740,Ag0.05Re0.95S2
28741,Pt0.05Re0.95S2
28742,Mn0.05Os0.95S2
28743,Fe0.05Os0.95S2
28744,Co0.05Os0.95S2
28745,Ni0.05Os0.95S2
28746,Ru0.05Os0.95S2
28747,Pd0.05Os0.95S2
28748,Ag0.05Os0.95S2
28749,Pt0.05Os0.95S2
28750,Mn0.05Ir0.95S2
28751,Fe0.05Ir0.95S2
28752,Co0.05Ir0.95S2
28753,Ni0.05Ir0.95S2
28754,Ru0.05Ir0.95S2
28755,Pd0.05Ir0.95S2
28756,Ag0.05Ir0.95S2
28757,Pt0.05Ir0.95S2
28758,Mn0.05Pt0.95S2
28759,Fe0.05Pt0.95S2
28760,Co0.05Pt0.95S2
28761,Ni0.05Pt0.95S2
28762,Ru0.05Pt0.95S2
28763,Pd0.05Pt0.95S2
28764,Ag0.05Pt0.95S2
28765,Mn0.05Au0.95S2
28766,Fe0.05Au0.95S2
28767,Co0.05Au0.95S2
28768,Ni0.05Au0.95S2
28769,Ru0.05Au0.95S2
28770,Pd0.05Au0.95S2
28771,Ag0.05Au0.95S2
28772,Pt0.05Au0.95S2
28773,Mn0.05La0.95S2
28774,Fe0.05La0.95S2
28775,Co0.05La0.95S2
28776,Ni0.05La0.95S2
28777,Ru0.05La0.95S2
28778,Pd0.05La0.95S2
28779,Ag0.05La0.95S2
28780,Pt0.05La0.95S2
28781,Mn0.05Ce0.95S2
28782,Fe0.05Ce0.95S2
28783,Co0.05Ce0.95S2
28784,Ni0.05Ce0.95S2
28785,Ru0.05Ce0.95S2
28786,Pd0.05Ce0.95S2
28787,Ag0.05Ce0.95S2
28788,Pt0.05Ce0.95S2
28789,Mn0.05Al0.95S2
28790,Fe0.05Al0.95S2
28791,Co0.05Al0.95S2
28792,Ni0.05Al0.95S2
28793,Ru0.05Al0.95S2
28794,Pd0.05Al0.95S2
28795,Ag0.05Al0.95S2
28796,Pt0.05Al0.95S2
28797,Mn0.05Ga0.95S2
28798,Fe0.05Ga0.95S2
28799,Co0.05Ga0.95S2
28800,Ni0.05Ga0.95S2
28801,Ru0.05Ga0.95S2
28802,Pd0.05Ga0.95S2
28803,Ag0.05Ga0.95S2
28804,Pt0.05Ga0.95S2
28805,Mn0.05In0.95S2
28806,Fe0.05In0.95S2
28807,Co0.05In0.95S2
28808,Ni0.05In0.95S2
28809,Ru0.05In0.95S2
28810,Pd0.05In0.95S2
28811,Ag0.05In0.95S2
28812,Pt0.05In0.95S2
28813,Mn0.05Sn0.95S2
28814,Fe0.05Sn0.95S2
28815,Co0.05Sn0.95S2
28816,Ni0.05Sn0.95S2
28817,Ru0.05Sn0.95S2
28818,Pd0.05Sn0.95S2
28819,Ag0.05Sn0.95S2
28820,Pt0.05Sn0.95S2
28821,Mn0.05Pb0.95S2
28822,Fe0.05Pb0.95S2
28823,Co0.05Pb0.95S2
28824,Ni0.05Pb0.95S2
28825,Ru0.05Pb0.95S2
28826,Pd0.05Pb0.95S2
28827,Ag0.05Pb0.95S2
28828,Pt0.05Pb0.95S2
28829,Mn0.05Bi0.95S2
28830,Fe0.05Bi0.95S2
28831,Co0.05Bi0.95S2
28832,Ni0.05Bi0.95S2
28833,Ru0.05Bi0.95S2
28834,Pd0.05Bi0.95S2
28835,Ag0.05Bi0.95S2
28836,Pt0.05Bi0.95S2
28837,Mn0.1Sc1.9S3
28838,Fe0.1Sc1.9S3
28839,Co0.1Sc1.9S3
28840,Ni0.1Sc1.9S3
28841,Ru0.1Sc1.9S3
28842,Pd0.1Sc1.9S3
28843,Ag0.1Sc1.9S3
28844,Pt0.1Sc1.9S3
28845,Mn0.1Ti1.9S3
28846,Fe0.1Ti1.9S3
28847,Co0.1Ti1.9S3
28848,Ni0.1Ti1.9S3
28849,Ru0.1Ti1.9S3
28850,Pd0.1Ti1.9S3
28851,Ag0.1Ti1.9S3
28852,Pt0.1Ti1.9S3
28853,Mn0.1V1.9S3
28854,Fe0.1V1.9S3
28855,Co0.1V1.9S3
28856,Ni0.1V1.9S3
28857,Ru0.1V1.9S3
28858,Pd0.1V1.9S3
28859,Ag0.1V1.9S3
28860,Pt0.1V1.9S3
28861,Mn0.1Cr1.9S3
28862,Fe0.1Cr1.9S3
28863,Co0.1Cr1.9S3
28864,Ni0.1Cr1.9S3
28865,Ru0.1Cr1.9S3
28866,Pd0.1Cr1.9S3
28867,Ag0.1Cr1.9S3
28868,Pt0.1Cr1.9S3
28869,Fe0.1Mn1.9S3
28870,Co0.1Mn1.9S3
28871,Ni0.1Mn1.9S3
28872,Ru0.1Mn1.9S3
28873,Pd0.1Mn1.9S3
28874,Ag0.1Mn1.9S3
28875,Pt0.1Mn1.9S3
28876,Mn0.1Fe1.9S3
28877,Co0.1Fe1.9S3
28878,Ni0.1Fe1.9S3
28879,Ru0.1Fe1.9S3
28880,Pd0.1Fe1.9S3
28881,Ag0.1Fe1.9S3
28882,Pt0.1Fe1.9S3
28883,Mn0.1Co1.9S3
28884,Fe0.1Co1.9S3
28885,Ni0.1Co1.9S3
28886,Ru0.1Co1.9S3
28887,Pd0.1Co1.9S3
28888,Ag0.1Co1.9S3
28889,Pt0.1Co1.9S3
28890,Mn0.1Ni1.9S3
28891,Fe0.1Ni1.9S3
28892,Co0.1Ni1.9S3
28893,Ru0.1Ni1.9S3
28894,Pd0.1Ni1.9S3
28895,Ag0.1Ni1.9S3
28896,Pt0.1Ni1.9S3
28897,Mn0.1Cu1.9S3
28898,Fe0.1Cu1.9S3
28899,Co0.1Cu1.9S3
28900,Ni0.1Cu1.9S3
28901,Ru0.1Cu1.9S3
28902,Pd0.1Cu1.9S3
28903,Ag0.1Cu1.9S3
28904,Pt0.1Cu1.9S3
28905,Mn0.1Zn1.9S3
28906,Fe0.1Zn1.9S3
28907,Co0.1Zn1.9S3
28908,Ni0.1Zn1.9S3
28909,Ru0.1Zn1.9S3
28910,Pd0.1Zn1.9S3
28911,Ag0.1Zn1.9S3
28912,Pt0.1Zn1.9S3
28913,Mn0.1Y1.9S3
28914,Fe0.1Y1.9S3
28915,Co0.1Y1.9S3
28916,Ni0.1Y1.9S3
28917,Ru0.1Y1.9S3
28918,Pd0.1Y1.9S3
28919,Ag0.1Y1.9S3
28920,Pt0.1Y1.9S3
28921,Mn0.1Zr1.9S3
28922,Fe0.1Zr1.9S3
28923,Co0.1Zr1.9S3
28924,Ni0.1Zr1.9S3
28925,Ru0.1Zr1.9S3
28926,Pd0.1Zr1.9S3
28927,Ag0.1Zr1.9S3
28928,Pt0.1Zr1.9S3
28929,Mn0.1Nb1.9S3
28930,Fe0.1Nb1.9S3
28931,Co0.1Nb1.9S3
28932,Ni0.1Nb1.9S3
28933,Ru0.1Nb1.9S3
28934,Pd0.1Nb1.9S3
28935,Ag0.1Nb1.9S3
28936,Pt0.1Nb1.9S3
28937,Mn0.1Mo1.9S3
28938,Fe0.1Mo1.9S3
28939,Co0.1Mo1.9S3
28940,Ni0.1Mo1.9S3
28941,Ru0.1Mo1.9S3
28942,Pd0.1Mo1.9S3
28943,Ag0.1Mo1.9S3
28944,Pt0.1Mo1.9S3
28945,Mn0.1Ru1.9S3
28946,Fe0.1Ru1.9S3
28947,Co0.1Ru1.9S3
28948,Ni0.1Ru1.9S3
28949,Pd0.1Ru1.9S3
28950,Ag0.1Ru1.9S3
28951,Pt0.1Ru1.9S3
28952,Mn0.1Rh1.9S3
28953,Fe0.1Rh1.9S3
28954,Co0.1Rh1.9S3
28955,Ni0.1Rh1.9S3
28956,Ru0.1Rh1.9S3
28957,Pd0.1Rh1.9S3
28958,Ag0.1Rh1.9S3
28959,Pt0.1Rh1.9S3
28960,Mn0.1Pd1.9S3
28961,Fe0.1Pd1.9S3
28962,Co0.1Pd1.9S3
28963,Ni0.1Pd1.9S3
28964,Ru0.1Pd1.9S3
28965,Ag0.1Pd1.9S3
28966,Pt0.1Pd1.9S3
28967,Mn0.1Ag1.9S3
28968,Fe0.1Ag1.9S3
28969,Co0.1Ag1.9S3
28970,Ni0.1Ag1.9S3
28971,Ru0.1Ag1.9S3
28972,Pd0.1Ag1.9S3
28973,Pt0.1Ag1.9S3
28974,Mn0.1Cd1.9S3
28975,Fe0.1Cd1.9S3
28976,Co0.1Cd1.9S3
28977,Ni0.1Cd1.9S3
28978,Ru0.1Cd1.9S3
28979,Pd0.1Cd1.9S3
28980,Ag0.1Cd1.9S3
28981,Pt0.1Cd1.9S3
28982,Mn0.1Hf1.9S3
28983,Fe0.1Hf1.9S3
28984,Co0.1Hf1.9S3
28985,Ni0.1Hf1.9S3
28986,Ru0.1Hf1.9S3
28987,Pd0.1Hf1.9S3
28988,Ag0.1Hf1.9S3
28989,Pt0.1Hf1.9S3
28990,Mn0.1Ta1.9S3
28991,Fe0.1Ta1.9S3
28992,Co0.1Ta1.9S3
28993,Ni0.1Ta1.9S3
28994,Ru0.1Ta1.9S3
28995,Pd0.1Ta1.9S3
28996,Ag0.1Ta1.9S3
28997,Pt0.1Ta1.9S3
28998,Mn0.1W1.9S3
28999,Fe0.1W1.9S3
29000,Co0.1W1.9S3
29001,Ni0.1W1.9S3
29002,Ru0.1W1.9S3
29003,Pd0.1W1.9S3
29004,Ag0.1W1.9S3
29005,Pt0.1W1.9S3
29006,Mn0.1Re1.9S3
29007,Fe0.1Re1.9S3
29008,Co0.1Re1.9S3
29009,Ni0.1Re1.9S3
29010,Ru0.1Re1.9S3
29011,Pd0.1Re1.9S3
29012,Ag0.1Re1.9S3
29013,Pt0.1Re1.9S3
29014,Mn0.1Os1.9S3
29015,Fe0.1Os1.9S3
29016,Co0.1Os1.9S3
29017,Ni0.1Os1.9S3
29018,Ru0.1Os1.9S3
29019,Pd0.1Os1.9S3
29020,Ag0.1Os1.9S3
29021,Pt0.1Os1.9S3
29022,Mn0.1Ir1.9S3
29023,Fe0.1Ir1.9S3
29024,Co0.1Ir1.9S3
29025,Ni0.1Ir1.9S3
29026,Ru0.1Ir1.9S3
29027,Pd0.1Ir1.9S3
29028,Ag0.1Ir1.9S3
29029,Pt0.1Ir1.9S3
29030,Mn0.1Pt1.9S3
29031,Fe0.1Pt1.9S3
29032,Co0.1Pt1.9S3
29033,Ni0.1Pt1.9S3
29034,Ru0.1Pt1.9S3
29035,Pd0.1Pt1.9S3
29036,Ag0.1Pt1.9S3
29037,Mn0.1Au1.9S3
29038,Fe0.1Au1.9S3
29039,Co0.1Au1.9S3
29040,Ni0.1Au1.9S3
29041,Ru0.1Au1.9S3
29042,Pd0.1Au1.9S3
29043,Ag0.1Au1.9S3
29044,Pt0.1Au1.9S3
29045,Mn0.1La1.9S3
29046,Fe0.1La1.9S3
29047,Co0.1La1.9S3
29048,Ni0.1La1.9S3
29049,Ru0.1La1.9S3
29050,Pd0.1La1.9S3
29051,Ag0.1La1.9S3
29052,Pt0.1La1.9S3
29053,Mn0.1Ce1.9S3
29054,Fe0.1Ce1.9S3
29055,Co0.1Ce1.9S3
29056,Ni0.1Ce1.9S3
29057,Ru0.1Ce1.9S3
29058,Pd0.1Ce1.9S3
29059,Ag0.1Ce1.9S3
29060,Pt0.1Ce1.9S3
29061,Mn0.1Al1.9S3
29062,Fe0.1Al1.9S3
29063,Co0.1Al1.9S3
29064,Ni0.1Al1.9S3
29065,Ru0.1Al1.9S3
29066,Pd0.1Al1.9S3
29067,Ag0.1Al1.9S3
29068,Pt0.1Al1.9S3
29069,Mn0.1Ga1.9S3
29070,Fe0.1Ga1.9S3
29071,Co0.1Ga1.9S3
29072,Ni0.1Ga1.9S3
29073,Ru0.1Ga1.9S3
29074,Pd0.1Ga1.9S3
29075,Ag0.1Ga1.9S3
29076,Pt0.1Ga1.9S3
29077,Mn0.1In1.9S3
29078,Fe0.1In1.9S3
29079,Co0.1In1.9S3
29080,Ni0.1In1.9S3
29081,Ru0.1In1.9S3
29082,Pd0.1In1.9S3
29083,Ag0.1In1.9S3
29084,Pt0.1In1.9S3
29085,Mn0.1Sn1.9S3
29086,Fe0.1Sn1.9S3
29087,Co0.1Sn1.9S3
29088,Ni0.1Sn1.9S3
29089,Ru0.1Sn1.9S3
29090,Pd0.1Sn1.9S3
29091,Ag0.1Sn1.9S3
29092,Pt0.1Sn1.9S3
29093,Mn0.1Pb1.9S3
29094,Fe0.1Pb1.9S3
29095,Co0.1Pb1.9S3
29096,Ni0.1Pb1.9S3
29097,Ru0.1Pb1.9S3
29098,Pd0.1Pb1.9S3
29099,Ag0.1Pb1.9S3
29100,Pt0.1Pb1.9S3
29101,Mn0.1Bi1.9S3
29102,Fe0.1Bi1.9S3
29103,Co0.1Bi1.9S3
29104,Ni0.1Bi1.9S3
29105,Ru0.1Bi1.9S3
29106,Pd0.1Bi1.9S3
29107,Ag0.1Bi1.9S3
29108,Pt0.1Bi1.9S3
29109,Mn0.15Sc2.85S4
29110,Fe0.15Sc2.85S4
29111,Co0.15Sc2.85S4
29112,Ni0.15Sc2.85S4
29113,Ru0.15Sc2.85S4
29114,Pd0.15Sc2.85S4
29115,Ag0.15Sc2.85S4
29116,Pt0.15Sc2.85S4
29117,Mn0.15Ti2.85S4
29118,Fe0.15Ti2.85S4
29119,Co0.15Ti2.85S4
29120,Ni0.15Ti2.85S4
29121,Ru0.15Ti2.85S4
29122,Pd0.15Ti2.85S4
29123,Ag0.15Ti2.85S4
29124,Pt0.15Ti2.85S4
29125,Mn0.15V2.85S4
29126,Fe0.15V2.85S4
29127,Co0.15V2.85S4
29128,Ni0.15V2.85S4
29129,Ru0.15V2.85S4
29130,Pd0.15V2.85S4
29131,Ag0.15V2.85S4
29132,Pt0.15V2.85S4
29133,Mn0.15Cr2.85S4
29134,Fe0.15Cr2.85S4
29135,Co0.15Cr2.85S4
29136,Ni0.15Cr2.85S4
29137,Ru0.15Cr2.85S4
29138,Pd0.15Cr2.85S4
29139,Ag0.15Cr2.85S4
29140,Pt0.15Cr2.85S4
29141,Fe0.15Mn2.85S4
29142,Co0.15Mn2.85S4
29143,Ni0.15Mn2.85S4
29144,Ru0.15Mn2.85S4
29145,Pd0.15Mn2.85S4
29146,Ag0.15Mn2.85S4
29147,Pt0.15Mn2.85S4
29148,Mn0.15Fe2.85S4
29149,Co0.15Fe2.85S4
29150,Ni0.15Fe2.85S4
29151,Ru0.15Fe2.85S4
29152,Pd0.15Fe2.85S4
29153,Ag0.15Fe2.85S4
29154,Pt0.15Fe2.85S4
29155,Mn0.15Co2.85S4
29156,Fe0.15Co2.85S4
29157,Ni0.15Co2.85S4
29158,Ru0.15Co2.85S4
29159,Pd0.15Co2.85S4
29160,Ag0.15Co2.85S4
29161,Pt0.15Co2.85S4
29162,Mn0.15Ni2.85S4
29163,Fe0.15Ni2.85S4
29164,Co0.15Ni2.85S4
29165,Ru0.15Ni2.85S4
29166,Pd0.15Ni2.85S4
29167,Ag0.15Ni2.85S4
29168,Pt0.15Ni2.85S4
29169,Mn0.15Cu2.85S4
29170,Fe0.15Cu2.85S4
29171,Co0.15Cu2.85S4
29172,Ni0.15Cu2.85S4
29173,Ru0.15Cu2.85S4
29174,Pd0.15Cu2.85S4
29175,Ag0.15Cu2.85S4
29176,Pt0.15Cu2.85S4
29177,Mn0.15Zn2.85S4
29178,Fe0.15Zn2.85S4
29179,Co0.15Zn2.85S4
29180,Ni0.15Zn2.85S4
29181,Ru0.15Zn2.85S4
29182,Pd0.15Zn2.85S4
29183,Ag0.15Zn2.85S4
29184,Pt0.15Zn2.85S4
29185,Mn0.15Y2.85S4
29186,Fe0.15Y2.85S4
29187,Co0.15Y2.85S4
29188,Ni0.15Y2.85S4
29189,Ru0.15Y2.85S4
29190,Pd0.15Y2.85S4
29191,Ag0.15Y2.85S4
29192,Pt0.15Y2.85S4
29193,Mn0.15Zr2.85S4
29194,Fe0.15Zr2.85S4
29195,Co0.15Zr2.85S4
29196,Ni0.15Zr2.85S4
29197,Ru0.15Zr2.85S4
29198,Pd0.15Zr2.85S4
29199,Ag0.15Zr2.85S4
29200,Pt0.15Zr2.85S4
29201,Mn0.15Nb2.85S4
29202,Fe0.15Nb2.85S4
29203,Co0.15Nb2.85S4
29204,Ni0.15Nb2.85S4
29205,Ru0.15Nb2.85S4
29206,Pd0.15Nb2.85S4
29207,Ag0.15Nb2.85S4
29208,Pt0.15Nb2.85S4
29209,Mn0.15Mo2.85S4
29210,Fe0.15Mo2.85S4
29211,Co0.15Mo2.85S4
29212,Ni0.15Mo2.85S4
29213,Ru0.15Mo2.85S4
29214,Pd0.15Mo2.85S4
29215,Ag0.15Mo2.85S4
29216,Pt0.15Mo2.85S4
29217,Mn0.15Ru2.85S4
29218,Fe0.15Ru2.85S4
29219,Co0.15Ru2.85S4
29220,Ni0.15Ru2.85S4
29221,Pd0.15Ru2.85S4
29222,Ag0.15Ru2.85S4
29223,Pt0.15Ru2.85S4
29224,Mn0.15Rh2.85S4
29225,Fe0.15Rh2.85S4
29226,Co0.15Rh2.85S4
29227,Ni0.15Rh2.85S4
29228,Ru0.15Rh2.85S4
29229,Pd0.15Rh2.85S4
29230,Ag0.15Rh2.85S4
29231,Pt0.15Rh2.85S4
29232,Mn0.15Pd2.85S4
29233,Fe0.15Pd2.85S4
29234,Co0.15Pd2.85S4
29235,Ni0.15Pd2.85S4
29236,Ru0.15Pd2.85S4
29237,Ag0.15Pd2.85S4
29238,Pt0.15Pd2.85S4
29239,Mn0.15Ag2.85S4
29240,Fe0.15Ag2.85S4
29241,Co0.15Ag2.85S4
29242,Ni0.15Ag2.85S4
29243,Ru0.15Ag2.85S4
29244,Pd0.15Ag2.85S4
29245,Pt0.15Ag2.85S4
29246,Mn0.15Cd2.85S4
29247,Fe0.15Cd2.85S4
29248,Co0.15Cd2.85S4
29249,Ni0.15Cd2.85S4
29250,Ru0.15Cd2.85S4
29251,Pd0.15Cd2.85S4
29252,Ag0.15Cd2.85S4
29253,Pt0.15Cd2.85S4
29254,Mn0.15Hf2.85S4
29255,Fe0.15Hf2.85S4
29256,Co0.15Hf2.85S4
29257,Ni0.15Hf2.85S4
29258,Ru0.15Hf2.85S4
29259,Pd0.15Hf2.85S4
29260,Ag0.15Hf2.85S4
29261,Pt0.15Hf2.85S4
29262,Mn0.15Ta2.85S4
29263,Fe0.15Ta2.85S4
29264,Co0.15Ta2.85S4
29265,Ni0.15Ta2.85S4
29266,Ru0.15Ta2.85S4
29267,Pd0.15Ta2.85S4
29268,Ag0.15Ta2.85S4
29269,Pt0.15Ta2.85S4
29270,Mn0.15W2.85S4
29271,Fe0.15W2.85S4
29272,Co0.15W2.85S4
29273,Ni0.15W2.85S4
29274,Ru0.15W2.85S4
29275,Pd0.15W2.85S4
29276,Ag0.15W2.85S4
29277,Pt0.15W2.85S4
29278,Mn0.15Re2.85S4
29279,Fe0.15Re2.85S4
29280,Co0.15Re2.85S4
29281,Ni0.15Re2.85S4
29282,Ru0.15Re2.85S4
29283,Pd0.15Re2.85S4
29284,Ag0.15Re2.85S4
29285,Pt0.15Re2.85S4
29286,Mn0.15Os2.85S4
29287,Fe0.15Os2.85S4
29288,Co0.15Os2.85S4
29289,Ni0.15Os2.85S4
29290,Ru0.15Os2.85S4
29291,Pd0.15Os2.85S4
29292,Ag0.15Os2.85S4
29293,Pt0.15Os2.85S4
29294,Mn0.15Ir2.85S4
29295,Fe0.15Ir2.85S4
29296,Co0.15Ir2.85S4
29297,Ni0.15Ir2.85S4
29298,Ru0.15Ir2.85S4
29299,Pd0.15Ir2.85S4
29300,Ag0.15Ir2.85S4
29301,Pt0.15Ir2.85S4
29302,Mn0.15Pt2.85S4
29303,Fe0.15Pt2.85S4
29304,Co0.15Pt2.85S4
29305,Ni0.15Pt2.85S4
29306,Ru0.15Pt2.85S4
29307,Pd0.15Pt2.85S4
29308,Ag0.15Pt2.85S4
29309,Mn0.15Au2.85S4
29310,Fe0.15Au2.85S4
29311,Co0.15Au2.85S4
29312,Ni0.15Au2.85S4
29313,Ru0.15Au2.85S4
29314,Pd0.15Au2.85S4
29315,Ag0.15Au2.85S4
29316,Pt0.15Au2.85S4
29317,Mn0.15La2.85S4
29318,Fe0.15La2.85S4
29319,Co0.15La2.85S4
29320,Ni0.15La2.85S4
29321,Ru0.15La2.85S4
29322,Pd0.15La2.85S4
29323,Ag0.15La2.85S4
29324,Pt0.15La2.85S4
29325,Mn0.15Ce2.85S4
29326,Fe0.15Ce2.85S4
29327,Co0.15Ce2.85S4
29328,Ni0.15Ce2.85S4
29329,Ru0.15Ce2.85S4
29330,Pd0.15Ce2.85S4
29331,Ag0.15Ce2.85S4
29332,Pt0.15Ce2.85S4
29333,Mn0.15Al2.85S4
29334,Fe0.15Al2.85S4
29335,Co0.15Al2.85S4
29336,Ni0.15Al2.85S4
29337,Ru0.15Al2.85S4
29338,Pd0.15Al2.85S4
29339,Ag0.15Al2.85S4
29340,Pt0.15Al2.85S4
29341,Mn0.15Ga2.85S4
29342,Fe0.15Ga2.85S4
29343,Co0.15Ga2.85S4
29344,Ni0.15Ga2.85S4
29345,Ru0.15Ga2.85S4
29346,Pd0.15Ga2.85S4
29347,Ag0.15Ga2.85S4
29348,Pt0.15Ga2.85S4
29349,Mn0.15In2.85S4
29350,Fe0.15In2.85S4
29351,Co0.15In2.85S4
29352,Ni0.15In2.85S4
29353,Ru0.15In2.85S4
29354,Pd0.15In2.85S4
29355,Ag0.15In2.85S4
29356,Pt0.15In2.85S4
29357,Mn0.15Sn2.85S4
29358,Fe0.15Sn2.85S4
29359,Co0.15Sn2.85S4
29360,Ni0.15Sn2.85S4
29361,Ru0.15Sn2.85S4
29362,Pd0.15Sn2.85S4
29363,Ag0.15Sn2.85S4
29364,Pt0.15Sn2.85S4
29365,Mn0.15Pb2.85S4
29366,Fe0.15Pb2.85S4
29367,Co0.15Pb2.85S4
29368,Ni0.15Pb2.85S4
29369,Ru0.15Pb2.85S4
29370,Pd0.15Pb2.85S4
29371,Ag0.15Pb2.85S4
29372,Pt0.15Pb2.85S4
29373,Mn0.15Bi2.85S4
29374,Fe0.15Bi2.85S4
29375,Co0.15Bi2.85S4
29376,Ni0.15Bi2.85S4
29377,Ru0.15Bi2.85S4
29378,Pd0.15Bi2.85S4
29379,Ag0.15Bi2.85S4
29380,Pt0.15Bi2.85S4
29381,Mn0.3Sc5.7S8
29382,Fe0.3Sc5.7S8
29383,Co0.3Sc5.7S8
29384,Ni0.3Sc5.7S8
29385,Ru0.3Sc5.7S8
29386,Pd0.3Sc5.7S8
29387,Ag0.3Sc5.7S8
29388,Pt0.3Sc5.7S8
29389,Mn0.3Ti5.7S8
29390,Fe0.3Ti5.7S8
29391,Co0.3Ti5.7S8
29392,Ni0.3Ti5.7S8
29393,Ru0.3Ti5.7S8
29394,Pd0.3Ti5.7S8
29395,Ag0.3Ti5.7S8
29396,Pt0.3Ti5.7S8
29397,Mn0.3V5.7S8
29398,Fe0.3V5.7S8
29399,Co0.3V5.7S8
29400,Ni0.3V5.7S8
29401,Ru0.3V5.7S8
29402,Pd0.3V5.7S8
29403,Ag0.3V5.7S8
29404,Pt0.3V5.7S8
29405,Mn0.3Cr5.7S8
29406,Fe0.3Cr5.7S8
29407,Co0.3Cr5.7S8
29408,Ni0.3Cr5.7S8
29409,Ru0.3Cr5.7S8
29410,Pd0.3Cr5.7S8
29411,Ag0.3Cr5.7S8
29412,Pt0.3Cr5.7S8
29413,Fe0.3Mn5.7S8
29414,Co0.3Mn5.7S8
29415,Ni0.3Mn5.7S8
29416,Ru0.3Mn5.7S8
29417,Pd0.3Mn5.7S8
29418,Ag0.3Mn5.7S8
29419,Pt0.3Mn5.7S8
29420,Mn0.3Fe5.7S8
29421,Co0.3Fe5.7S8
29422,Ni0.3Fe5.7S8
29423,Ru0.3Fe5.7S8
29424,Pd0.3Fe5.7S8
29425,Ag0.3Fe5.7S8
29426,Pt0.3Fe5.7S8
29427,Mn0.3Co5.7S8
29428,Fe0.3Co5.7S8
29429,Ni0.3Co5.7S8
29430,Ru0.3Co5.7S8
29431,Pd0.3Co5.7S8
29432,Ag0.3Co5.7S8
29433,Pt0.3Co5.7S8
29434,Mn0.3Ni5.7S8
29435,Fe0.3Ni5.7S8
29436,Co0.3Ni5.7S8
29437,Ru0.3Ni5.7S8
29438,Pd0.3Ni5.7S8
29439,Ag0.3Ni5.7S8
29440,Pt0.3Ni5.7S8
29441,Mn0.3Cu5.7S8
29442,Fe0.3Cu5.7S8
29443,Co0.3Cu5.7S8
29444,Ni0.3Cu5.7S8
29445,Ru0.3Cu5.7S8
29446,Pd0.3Cu5.7S8
29447,Ag0.3Cu5.7S8
29448,Pt0.3Cu5.7S8
29449,Mn0.3Zn5.7S8
29450,Fe0.3Zn5.7S8
29451,Co0.3Zn5.7S8
29452,Ni0.3Zn5.7S8
29453,Ru0.3Zn5.7S8
29454,Pd0.3Zn5.7S8
29455,Ag0.3Zn5.7S8
29456,Pt0.3Zn5.7S8
29457,Mn0.3Y5.7S8
29458,Fe0.3Y5.7S8
29459,Co0.3Y5.7S8
29460,Ni0.3Y5.7S8
29461,Ru0.3Y5.7S8
29462,Pd0.3Y5.7S8
29463,Ag0.3Y5.7S8
29464,Pt0.3Y5.7S8
29465,Mn0.3Zr5.7S8
29466,Fe0.3Zr5.7S8
29467,Co0.3Zr5.7S8
29468,Ni0.3Zr5.7S8
29469,Ru0.3Zr5.7S8
29470,Pd0.3Zr5.7S8
29471,Ag0.3Zr5.7S8
29472,Pt0.3Zr5.7S8
29473,Mn0.3Nb5.7S8
29474,Fe0.3Nb5.7S8
29475,Co0.3Nb5.7S8
29476,Ni0.3Nb5.7S8
29477,Ru0.3Nb5.7S8
29478,Pd0.3Nb5.7S8
29479,Ag0.3Nb5.7S8
29480,Pt0.3Nb5.7S8
29481,Mn0.3Mo5.7S8
29482,Fe0.3Mo5.7S8
29483,Co0.3Mo5.7S8
29484,Ni0.3Mo5.7S8
29485,Ru0.3Mo5.7S8
29486,Pd0.3Mo5.7S8
29487,Ag0.3Mo5.7S8
29488,Pt0.3Mo5.7S8
29489,Mn0.3Ru5.7S8
29490,Fe0.3Ru5.7S8
29491,Co0.3Ru5.7S8
29492,Ni0.3Ru5.7S8
29493,Pd0.3Ru5.7S8
29494,Ag0.3Ru5.7S8
29495,Pt0.3Ru5.7S8
29496,Mn0.3Rh5.7S8
29497,Fe0.3Rh5.7S8
29498,Co0.3Rh5.7S8
29499,Ni0.3Rh5.7S8
29500,Ru0.3Rh5.7S8
29501,Pd0.3Rh5.7S8
29502,Ag0.3Rh5.7S8
29503,Pt0.3Rh5.7S8
29504,Mn0.3Pd5.7S8
29505,Fe0.3Pd5.7S8
29506,Co0.3Pd5.7S8
29507,Ni0.3Pd5.7S8
29508,Ru0.3Pd5.7S8
29509,Ag0.3Pd5.7S8
29510,Pt0.3Pd5.7S8
29511,Mn0.3Ag5.7S8
29512,Fe0.3Ag5.7S8
29513,Co0.3Ag5.7S8
29514,Ni0.3Ag5.7S8
29515,Ru0.3Ag5.7S8
29516,Pd0.3Ag5.7S8
29517,Pt0.3Ag5.7S8
29518,Mn0.3Cd5.7S8
29519,Fe0.3Cd5.7S8
29520,Co0.3Cd5.7S8
29521,Ni0.3Cd5.7S8
29522,Ru0.3Cd5.7S8
29523,Pd0.3Cd5.7S8
29524,Ag0.3Cd5.7S8
29525,Pt0.3Cd5.7S8
29526,Mn0.3Hf5.7S8
29527,Fe0.3Hf5.7S8
29528,Co0.3Hf5.7S8
29529,Ni0.3Hf5.7S8
29530,Ru0.3Hf5.7S8
29531,Pd0.3Hf5.7S8
29532,Ag0.3Hf5.7S8
29533,Pt0.3Hf5.7S8
29534,Mn0.3Ta5.7S8
29535,Fe0.3Ta5.7S8
29536,Co0.3Ta5.7S8
29537,Ni0.3Ta5.7S8
29538,Ru0.3Ta5.7S8
29539,Pd0.3Ta5.7S8
29540,Ag0.3Ta5.7S8
29541,Pt0.3Ta5.7S8
29542,Mn0.3W5.7S8
29543,Fe0.3W5.7S8
29544,Co0.3W5.7S8
29545,Ni0.3W5.7S8
29546,Ru0.3W5.7S8
29547,Pd0.3W5.7S8
29548,Ag0.3W5.7S8
29549,Pt0.3W5.7S8
29550,Mn0.3Re5.7S8
29551,Fe0.3Re5.7S8
29552,Co0.3Re5.7S8
29553,Ni0.3Re5.7S8
29554,Ru0.3Re5.7S8
29555,Pd0.3Re5.7S8
29556,Ag0.3Re5.7S8
29557,Pt0.3Re5.7S8
29558,Mn0.3Os5.7S8
29559,Fe0.3Os5.7S8
29560,Co0.3Os5.7S8
29561,Ni0.3Os5.7S8
29562,Ru0.3Os5.7S8
29563,Pd0.3Os5.7S8
29564,Ag0.3Os5.7S8
29565,Pt0.3Os5.7S8
29566,Mn0.3Ir5.7S8
29567,Fe0.3Ir5.7S8
29568,Co0.3Ir5.7S8
29569,Ni0.3Ir5.7S8
29570,Ru0.3Ir5.7S8
29571,Pd0.3Ir5.7S8
29572,Ag0.3Ir5.7S8
29573,Pt0.3Ir5.7S8
29574,Mn0.3Pt5.7S8
29575,Fe0.3Pt5.7S8
29576,Co0.3Pt5.7S8
29577,Ni0.3Pt5.7S8
29578,Ru0.3Pt5.7S8
29579,Pd0.3Pt5.7S8
29580,Ag0.3Pt5.7S8
29581,Mn0.3Au5.7S8
29582,Fe0.3Au5.7S8
29583,Co0.3Au5.7S8
29584,Ni0.3Au5.7S8
29585,Ru0.3Au5.7S8
29586,Pd0.3Au5.7S8
29587,Ag0.3Au5.7S8
29588,Pt0.3Au5.7S8
29589,Mn0.3La5.7S8
29590,Fe0.3La5.7S8
29591,Co0.3La5.7S8
29592,Ni0.3La5.7S8
29593,Ru0.3La5.7S8
29594,Pd0.3La5.7S8
29595,Ag0.3La5.7S8
29596,Pt0.3La5.7S8
29597,Mn0.3Ce5.7S8
29598,Fe0.3Ce5.7S8
29599,Co0.3Ce5.7S8
29600,Ni0.3Ce5.7S8
29601,Ru0.3Ce5.7S8
29602,Pd0.3Ce5.7S8
29603,Ag0.3Ce5.7S8
29604,Pt0.3Ce5.7S8
29605,Mn0.3Al5.7S8
29606,Fe0.3Al5.7S8
29607,Co0.3Al5.7S8
29608,Ni0.3Al5.7S8
29609,Ru0.3Al5.7S8
29610,Pd0.3Al5.7S8
29611,Ag0.3Al5.7S8
29612,Pt0.3Al5.7S8
29613,Mn0.3Ga5.7S8
29614,Fe0.3Ga5.7S8
29615,Co0.3Ga5.7S8
29616,Ni0.3Ga5.7S8
29617,Ru0.3Ga5.7S8
29618,Pd0.3Ga5.7S8
29619,Ag0.3Ga5.7S8
29620,Pt0.3Ga5.7S8
29621,Mn0.3In5.7S8
29622,Fe0.3In5.7S8
29623,Co0.3In5.7S8
29624,Ni0.3In5.7S8
29625,Ru0.3In5.7S8
29626,Pd0.3In5.7S8
29627,Ag0.3In5.7S8
29628,Pt0.3In5.7S8
29629,Mn0.3Sn5.7S8
29630,Fe0.3Sn5.7S8
29631,Co0.3Sn5.7S8
29632,Ni0.3Sn5.7S8
29633,Ru0.3Sn5.7S8
29634,Pd0.3Sn5.7S8
29635,Ag0.3Sn5.7S8
29636,Pt0.3Sn5.7S8
29637,Mn0.3Pb5.7S8
29638,Fe0.3Pb5.7S8
29639,Co0.3Pb5.7S8
29640,Ni0.3Pb5.7S8
29641,Ru0.3Pb5.7S8
29642,Pd0.3Pb5.7S8
29643,Ag0.3Pb5.7S8
29644,Pt0.3Pb5.7S8
29645,Mn0.3Bi5.7S8
29646,Fe0.3Bi5.7S8
29647,Co0.3Bi5.7S8
29648,Ni0.3Bi5.7S8
29649,Ru0.3Bi5.7S8
29650,Pd0.3Bi5.7S8
29651,Ag0.3Bi5.7S8
29652,Pt0.3Bi5.7S8
29653,Mn0.1Sc0.9N
29654,Fe0.1Sc0.9N
29655,Co0.1Sc0.9N
29656,Ni0.1Sc0.9N
29657,Ru0.1Sc0.9N
29658,Pd0.1Sc0.9N
29659,Ag0.1Sc0.9N
29660,Pt0.1Sc0.9N
29661,Mn0.1Ti0.9N
29662,Fe0.1Ti0.9N
29663,Co0.1Ti0.9N
29664,Ni0.1Ti0.9N
29665,Ru0.1Ti0.9N
29666,Pd0.1Ti0.9N
29667,Ag0.1Ti0.9N
29668,Pt0.1Ti0.9N
29669,Mn0.1V0.9N
29670,Fe0.1V0.9N
29671,Co0.1V0.9N
29672,Ni0.1V0.9N
29673,Ru0.1V0.9N
29674,Pd0.1V0.9N
29675,Ag0.1V0.9N
29676,Pt0.1V0.9N
29677,Mn0.1Cr0.9N
29678,Fe0.1Cr0.9N
29679,Co0.1Cr0.9N
29680,Ni0.1Cr0.9N
29681,Ru0.1Cr0.9N
29682,Pd0.1Cr0.9N
29683,Ag0.1Cr0.9N
29684,Pt0.1Cr0.9N
29685,Fe0.1Mn0.9N
29686,Co0.1Mn0.9N
29687,Ni0.1Mn0.9N
29688,Ru0.1Mn0.9N
29689,Pd0.1Mn0.9N
29690,Ag0.1Mn0.9N
29691,Pt0.1Mn0.9N
29692,Mn0.1Fe0.9N
29693,Co0.1Fe0.9N
29694,Ni0.1Fe0.9N
29695,Ru0.1Fe0.9N
29696,Pd0.1Fe0.9N
29697,Ag0.1Fe0.9N
29698,Pt0.1Fe0.9N
29699,Mn0.1Co0.9N
29700,Fe0.1Co0.9N
29701,Ni0.1Co0.9N
29702,Ru0.1Co0.9N
29703,Pd0.1Co0.9N
29704,Ag0.1Co0.9N
29705,Pt0.1Co0.9N
29706,Mn0.1Ni0.9N
29707,Fe0.1Ni0.9N
29708,Co0.1Ni0.9N
29709,Ru0.1Ni0.9N
29710,Pd0.1Ni0.9N
29711,Ag0.1Ni0.9N
29712,Pt0.1Ni0.9N
29713,Mn0.1Cu0.9N
29714,Fe0.1Cu0.9N
29715,Co0.1Cu0.9N
29716,Ni0.1Cu0.9N
29717,Ru0.1Cu0.9N
29718,Pd0.1Cu0.9N
29719,Ag0.1Cu0.9N
29720,Pt0.1Cu0.9N
29721,Mn0.1Zn0.9N
29722,Fe0.1Zn0.9N
29723,Co0.1Zn0.9N
29724,Ni0.1Zn0.9N
29725,Ru0.1Zn0.9N
29726,Pd0.1Zn0.9N
29727,Ag0.1Zn0.9N
29728,Pt0.1Zn0.9N
29729,Mn0.1Y0.9N
29730,Fe0.1Y0.9N
29731,Co0.1Y0.9N
29732,Ni0.1Y0.9N
29733,Ru0.1Y0.9N
29734,Pd0.1Y0.9N
29735,Ag0.1Y0.9N
29736,Pt0.1Y0.9N
29737,Mn0.1Zr0.9N
29738,Fe0.1Zr0.9N
29739,Co0.1Zr0.9N
29740,Ni0.1Zr0.9N
29741,Ru0.1Zr0.9N
29742,Pd0.1Zr0.9N
29743,Ag0.1Zr0.9N
29744,Pt0.1Zr0.9N
29745,Mn0.1Nb0.9N
29746,Fe0.1Nb0.9N
29747,Co0.1Nb0.9N
29748,Ni0.1Nb0.9N
29749,Ru0.1Nb0.9N
29750,Pd0.1Nb0.9N
29751,Ag0.1Nb0.9N
29752,Pt0.1Nb0.9N
29753,Mn0.1Mo0.9N
29754,Fe0.1Mo0.9N
29755,Co0.1Mo0.9N
29756,Ni0.1Mo0.9N
29757,Ru0.1Mo0.9N
29758,Pd0.1Mo0.9N
29759,Ag0.1Mo0.9N
29760,Pt0.1Mo0.9N
29761,Mn0.1Ru0.9N
29762,Fe0.1Ru0.9N
29763,Co0.1Ru0.9N
29764,Ni0.1Ru0.9N
29765,Pd0.1Ru0.9N
29766,Ag0.1Ru0.9N
29767,Pt0.1Ru0.9N
29768,Mn0.1Rh0.9N
29769,Fe0.1Rh0.9N
29770,Co0.1Rh0.9N
29771,Ni0.1Rh0.9N
29772,Ru0.1Rh0.9N
29773,Pd0.1Rh0.9N
29774,Ag0.1Rh0.9N
29775,Pt0.1Rh0.9N
29776,Mn0.1Pd0.9N
29777,Fe0.1Pd0.9N
29778,Co0.1Pd0.9N
29779,Ni0.1Pd0.9N
29780,Ru0.1Pd0.9N
29781,Ag0.1Pd0.9N
29782,Pt0.1Pd0.9N
29783,Mn0.1Ag0.9N
29784,Fe0.1Ag0.9N
29785,Co0.1Ag0.9N
29786,Ni0.1Ag0.9N
29787,Ru0.1Ag0.9N
29788,Pd0.1Ag0.9N
29789,Pt0.1Ag0.9N
29790,Mn0.1Cd0.9N
29791,Fe0.1Cd0.9N
29792,Co0.1Cd0.9N
29793,Ni0.1Cd0.9N
29794,Ru0.1Cd0.9N
29795,Pd0.1Cd0.9N
29796,Ag0.1Cd0.9N
29797,Pt0.1Cd0.9N
29798,Mn0.1Hf0.9N
29799,Fe0.1Hf0.9N
29800,Co0.1Hf0.9N
29801,Ni0.1Hf0.9N
29802,Ru0.1Hf0.9N
29803,Pd0.1Hf0.9N
29804,Ag0.1Hf0.9N
29805,Pt0.1Hf0.9N
29806,Mn0.1Ta0.9N
29807,Fe0.1Ta0.9N
29808,Co0.1Ta0.9N
29809,Ni0.1Ta0.9N
29810,Ru0.1Ta0.9N
29811,Pd0.1Ta0.9N
29812,Ag0.1Ta0.9N
29813,Pt0.1Ta0.9N
29814,Mn0.1W0.9N
29815,Fe0.1W0.9N
29816,Co0.1W0.9N
29817,Ni0.1W0.9N
29818,Ru0.1W0.9N
29819,Pd0.1W0.9N
29820,Ag0.1W0.9N
29821,Pt0.1W0.9N
29822,Mn0.1Re0.9N
29823,Fe0.1Re0.9N
29824,Co0.1Re0.9N
29825,Ni0.1Re0.9N
29826,Ru0.1Re0.9N
29827,Pd0.1Re0.9N
29828,Ag0.1Re0.9N
29829,Pt0.1Re0.9N
29830,Mn0.1Os0.9N
29831,Fe0.1Os0.9N
29832,Co0.1Os0.9N
29833,Ni0.1Os0.9N
29834,Ru0.1Os0.9N
29835,Pd0.1Os0.9N
29836,Ag0.1Os0.9N
29837,Pt0.1Os0.9N
29838,Mn0.1Ir0.9N
29839,Fe0.1Ir0.9N
29840,Co0.1Ir0.9N
29841,Ni0.1Ir0.9N
29842,Ru0.1Ir0.9N
29843,Pd0.1Ir0.9N
29844,Ag0.1Ir0.9N
29845,Pt0.1Ir0.9N
29846,Mn0.1Pt0.9N
29847,Fe0.1Pt0.9N
29848,Co0.1Pt0.9N
29849,Ni0.1Pt0.9N
29850,Ru0.1Pt0.9N
29851,Pd0.1Pt0.9N
29852,Ag0.1Pt0.9N
29853,Mn0.1Au0.9N
29854,Fe0.1Au0.9N
29855,Co0.1Au0.9N
29856,Ni0.1Au0.9N
29857,Ru0.1Au0.9N
29858,Pd0.1Au0.9N
29859,Ag0.1Au0.9N
29860,Pt0.1Au0.9N
29861,Mn0.1La0.9N
29862,Fe0.1La0.9N
29863,Co0.1La0.9N
29864,Ni0.1La0.9N
29865,Ru0.1La0.9N
29866,Pd0.1La0.9N
29867,Ag0.1La0.9N
29868,Pt0.1La0.9N
29869,Mn0.1Ce0.9N
29870,Fe0.1Ce0.9N
29871,Co0.1Ce0.9N
29872,Ni0.1Ce0.9N
29873,Ru0.1Ce0.9N
29874,Pd0.1Ce0.9N
29875,Ag0.1Ce0.9N
29876,Pt0.1Ce0.9N
29877,Mn0.1Al0.9N
29878,Fe0.1Al0.9N
29879,Co0.1Al0.9N
29880,Ni0.1Al0.9N
29881,Ru0.1Al0.9N
29882,Pd0.1Al0.9N
29883,Ag0.1Al0.9N
29884,Pt0.1Al0.9N
29885,Mn0.1Ga0.9N
29886,Fe0.1Ga0.9N
29887,Co0.1Ga0.9N
29888,Ni0.1Ga0.9N
29889,Ru0.1Ga0.9N
29890,Pd0.1Ga0.9N
29891,Ag0.1Ga0.9N
29892,Pt0.1Ga0.9N
29893,Mn0.1In0.9N
29894,Fe0.1In0.9N
29895,Co0.1In0.9N
29896,Ni0.1In0.9N
29897,Ru0.1In0.9N
29898,Pd0.1In0.9N
29899,Ag0.1In0.9N
29900,Pt0.1In0.9N
29901,Mn0.1Sn0.9N
29902,Fe0.1Sn0.9N
29903,Co0.1Sn0.9N
29904,Ni0.1Sn0.9N
29905,Ru0.1Sn0.9N
29906,Pd0.1Sn0.9N
29907,Ag0.1Sn0.9N
29908,Pt0.1Sn0.9N
29909,Mn0.1Pb0.9N
29910,Fe0.1Pb0.9N
29911,Co0.1Pb0.9N
29912,Ni0.1Pb0.9N
29913,Ru0.1Pb0.9N
29914,Pd0.1Pb0.9N
29915,Ag0.1Pb0.9N
29916,Pt0.1Pb0.9N
29917,Mn0.1Bi0.9N
29918,Fe0.1Bi0.9N
29919,Co0.1Bi0.9N
29920,Ni0.1Bi0.9N
29921,Ru0.1Bi0.9N
29922,Pd0.1Bi0.9N
29923,Ag0.1Bi0.9N
29924,Pt0.1Bi0.9N
29925,Mn0.2Sc1.8N
29926,Fe0.2Sc1.8N
29927,Co0.2Sc1.8N
29928,Ni0.2Sc1.8N
29929,Ru0.2Sc1.8N
29930,Pd0.2Sc1.8N
29931,Ag0.2Sc1.8N
29932,Pt0.2Sc1.8N
29933,Mn0.2Ti1.8N
29934,Fe0.2Ti1.8N
29935,Co0.2Ti1.8N
29936,Ni0.2Ti1.8N
29937,Ru0.2Ti1.8N
29938,Pd0.2Ti1.8N
29939,Ag0.2Ti1.8N
29940,Pt0.2Ti1.8N
29941,Mn0.2V1.8N
29942,Fe0.2V1.8N
29943,Co0.2V1.8N
29944,Ni0.2V1.8N
29945,Ru0.2V1.8N
29946,Pd0.2V1.8N
29947,Ag0.2V1.8N
29948,Pt0.2V1.8N
29949,Mn0.2Cr1.8N
29950,Fe0.2Cr1.8N
29951,Co0.2Cr1.8N
29952,Ni0.2Cr1.8N
29953,Ru0.2Cr1.8N
29954,Pd0.2Cr1.8N
29955,Ag0.2Cr1.8N
29956,Pt0.2Cr1.8N
29957,Fe0.2Mn1.8N
29958,Co0.2Mn1.8N
29959,Ni0.2Mn1.8N
29960,Ru0.2Mn1.8N
29961,Pd0.2Mn1.8N
29962,Ag0.2Mn1.8N
29963,Pt0.2Mn1.8N
29964,Mn0.2Fe1.8N
29965,Co0.2Fe1.8N
29966,Ni0.2Fe1.8N
29967,Ru0.2Fe1.8N
29968,Pd0.2Fe1.8N
29969,Ag0.2Fe1.8N
29970,Pt0.2Fe1.8N
29971,Mn0.2Co1.8N
29972,Fe0.2Co1.8N
29973,Ni0.2Co1.8N
29974,Ru0.2Co1.8N
29975,Pd0.2Co1.8N
29976,Ag0.2Co1.8N
29977,Pt0.2Co1.8N
29978,Mn0.2Ni1.8N
29979,Fe0.2Ni1.8N
29980,Co0.2Ni1.8N
29981,Ru0.2Ni1.8N
29982,Pd0.2Ni1.8N
29983,Ag0.2Ni1.8N
29984,Pt0.2Ni1.8N
29985,Mn0.2Cu1.8N
29986,Fe0.2Cu1.8N
29987,Co0.2Cu1.8N
29988,Ni0.2Cu1.8N
29989,Ru0.2Cu1.8N
29990,Pd0.2Cu1.8N
29991,Ag0.2Cu1.8N
29992,Pt0.2Cu1.8N
29993,Mn0.2Zn1.8N
29994,Fe0.2Zn1.8N
29995,Co0.2Zn1.8N
29996,Ni0.2Zn1.8N
29997,Ru0.2Zn1.8N
29998,Pd0.2Zn1.8N
29999,Ag0.2Zn1.8N
30000,Pt0.2Zn1.8N
30001,Mn0.2Y1.8N
30002,Fe0.2Y1.8N
30003,Co0.2Y1.8N
30004,Ni0.2Y1.8N
30005,Ru0.2Y1.8N
30006,Pd0.2Y1.8N
30007,Ag0.2Y1.8N
30008,Pt0.2Y1.8N
30009,Mn0.2Zr1.8N
30010,Fe0.2Zr1.8N
30011,Co0.2Zr1.8N
30012,Ni0.2Zr1.8N
30013,Ru0.2Zr1.8N
30014,Pd0.2Zr1.8N
30015,Ag0.2Zr1.8N
30016,Pt0.2Zr1.8N
30017,Mn0.2Nb1.8N
30018,Fe0.2Nb1.8N
30019,Co0.2Nb1.8N
30020,Ni0.2Nb1.8N
30021,Ru0.2Nb1.8N
30022,Pd0.2Nb1.8N
30023,Ag0.2Nb1.8N
30024,Pt0.2Nb1.8N
30025,Mn0.2Mo1.8N
30026,Fe0.2Mo1.8N
30027,Co0.2Mo1.8N
30028,Ni0.2Mo1.8N
30029,Ru0.2Mo1.8N
30030,Pd0.2Mo1.8N
30031,Ag0.2Mo1.8N
30032,Pt0.2Mo1.8N
30033,Mn0.2Ru1.8N
30034,Fe0.2Ru1.8N
30035,Co0.2Ru1.8N
30036,Ni0.2Ru1.8N
30037,Pd0.2Ru1.8N
30038,Ag0.2Ru1.8N
30039,Pt0.2Ru1.8N
30040,Mn0.2Rh1.8N
30041,Fe0.2Rh1.8N
30042,Co0.2Rh1.8N
30043,Ni0.2Rh1.8N
30044,Ru0.2Rh1.8N
30045,Pd0.2Rh1.8N
30046,Ag0.2Rh1.8N
30047,Pt0.2Rh1.8N
30048,Mn0.2Pd1.8N
30049,Fe0.2Pd1.8N
30050,Co0.2Pd1.8N
30051,Ni0.2Pd1.8N
30052,Ru0.2Pd1.8N
30053,Ag0.2Pd1.8N
30054,Pt0.2Pd1.8N
30055,Mn0.2Ag1.8N
30056,Fe0.2Ag1.8N
30057,Co0.2Ag1.8N
30058,Ni0.2Ag1.8N
30059,Ru0.2Ag1.8N
30060,Pd0.2Ag1.8N
30061,Pt0.2Ag1.8N
30062,Mn0.2Cd1.8N
30063,Fe0.2Cd1.8N
30064,Co0.2Cd1.8N
30065,Ni0.2Cd1.8N
30066,Ru0.2Cd1.8N
30067,Pd0.2Cd1.8N
30068,Ag0.2Cd1.8N
30069,Pt0.2Cd1.8N
30070,Mn0.2Hf1.8N
30071,Fe0.2Hf1.8N
30072,Co0.2Hf1.8N
30073,Ni0.2Hf1.8N
30074,Ru0.2Hf1.8N
30075,Pd0.2Hf1.8N
30076,Ag0.2Hf1.8N
30077,Pt0.2Hf1.8N
30078,Mn0.2Ta1.8N
30079,Fe0.2Ta1.8N
30080,Co0.2Ta1.8N
30081,Ni0.2Ta1.8N
30082,Ru0.2Ta1.8N
30083,Pd0.2Ta1.8N
30084,Ag0.2Ta1.8N
30085,Pt0.2Ta1.8N
30086,Mn0.2W1.8N
30087,Fe0.2W1.8N
30088,Co0.2W1.8N
30089,Ni0.2W1.8N
30090,Ru0.2W1.8N
30091,Pd0.2W1.8N
30092,Ag0.2W1.8N
30093,Pt0.2W1.8N
30094,Mn0.2Re1.8N
30095,Fe0.2Re1.8N
30096,Co0.2Re1.8N
30097,Ni0.2Re1.8N
30098,Ru0.2Re1.8N
30099,Pd0.2Re1.8N
30100,Ag0.2Re1.8N
30101,Pt0.2Re1.8N
30102,Mn0.2Os1.8N
30103,Fe0.2Os1.8N
30104,Co0.2Os1.8N
30105,Ni0.2Os1.8N
30106,Ru0.2Os1.8N
30107,Pd0.2Os1.8N
30108,Ag0.2Os1.8N
30109,Pt0.2Os1.8N
30110,Mn0.2Ir1.8N
30111,Fe0.2Ir1.8N
30112,Co0.2Ir1.8N
30113,Ni0.2Ir1.8N
30114,Ru0.2Ir1.8N
30115,Pd0.2Ir1.8N
30116,Ag0.2Ir1.8N
30117,Pt0.2Ir1.8N
30118,Mn0.2Pt1.8N
30119,Fe0.2Pt1.8N
30120,Co0.2Pt1.8N
30121,Ni0.2Pt1.8N
30122,Ru0.2Pt1.8N
30123,Pd0.2Pt1.8N
30124,Ag0.2Pt1.8N
30125,Mn0.2Au1.8N
30126,Fe0.2Au1.8N
30127,Co0.2Au1.8N
30128,Ni0.2Au1.8N
30129,Ru0.2Au1.8N
30130,Pd0.2Au1.8N
30131,Ag0.2Au1.8N
30132,Pt0.2Au1.8N
30133,Mn0.2La1.8N
30134,Fe0.2La1.8N
30135,Co0.2La1.8N
30136,Ni0.2La1.8N
30137,Ru0.2La1.8N
30138,Pd0.2La1.8N
30139,Ag0.2La1.8N
30140,Pt0.2La1.8N
30141,Mn0.2Ce1.8N
30142,Fe0.2Ce1.8N
30143,Co0.2Ce1.8N
30144,Ni0.2Ce1.8N
30145,Ru0.2Ce1.8N
30146,Pd0.2Ce1.8N
30147,Ag0.2Ce1.8N
30148,Pt0.2Ce1.8N
30149,Mn0.2Al1.8N
30150,Fe0.2Al1.8N
30151,Co0.2Al1.8N
30152,Ni0.2Al1.8N
30153,Ru0.2Al1.8N
30154,Pd0.2Al1.8N
30155,Ag0.2Al1.8N
30156,Pt0.2Al1.8N
30157,Mn0.2Ga1.8N
30158,Fe0.2Ga1.8N
30159,Co0.2Ga1.8N
30160,Ni0.2Ga1.8N
30161,Ru0.2Ga1.8N
30162,Pd0.2Ga1.8N
30163,Ag0.2Ga1.8N
30164,Pt0.2Ga1.8N
30165,Mn0.2In1.8N
30166,Fe0.2In1.8N
30167,Co0.2In1.8N
30168,Ni0.2In1.8N
30169,Ru0.2In1.8N
30170,Pd0.2In1.8N
30171,Ag0.2In1.8N
30172,Pt0.2In1.8N
30173,Mn0.2Sn1.8N
30174,Fe0.2Sn1.8N
30175,Co0.2Sn1.8N
30176,Ni0.2Sn1.8N
30177,Ru0.2Sn1.8N
30178,Pd0.2Sn1.8N
30179,Ag0.2Sn1.8N
30180,Pt0.2Sn1.8N
30181,Mn0.2Pb1.8N
30182,Fe0.2Pb1.8N
30183,Co0.2Pb1.8N
30184,Ni0.2Pb1.8N
30185,Ru0.2Pb1.8N
30186,Pd0.2Pb1.8N
30187,Ag0.2Pb1.8N
30188,Pt0.2Pb1.8N
30189,Mn0.2Bi1.8N
30190,Fe0.2Bi1.8N
30191,Co0.2Bi1.8N
30192,Ni0.2Bi1.8N
30193,Ru0.2Bi1.8N
30194,Pd0.2Bi1.8N
30195,Ag0.2Bi1.8N
30196,Pt0.2Bi1.8N
30197,Mn0.3Sc2.7N2
30198,Fe0.3Sc2.7N2
30199,Co0.3Sc2.7N2
30200,Ni0.3Sc2.7N2
30201,Ru0.3Sc2.7N2
30202,Pd0.3Sc2.7N2
30203,Ag0.3Sc2.7N2
30204,Pt0.3Sc2.7N2
30205,Mn0.3Ti2.7N2
30206,Fe0.3Ti2.7N2
30207,Co0.3Ti2.7N2
30208,Ni0.3Ti2.7N2
30209,Ru0.3Ti2.7N2
30210,Pd0.3Ti2.7N2
30211,Ag0.3Ti2.7N2
30212,Pt0.3Ti2.7N2
30213,Mn0.3V2.7N2
30214,Fe0.3V2.7N2
30215,Co0.3V2.7N2
30216,Ni0.3V2.7N2
30217,Ru0.3V2.7N2
30218,Pd0.3V2.7N2
30219,Ag0.3V2.7N2
30220,Pt0.3V2.7N2
30221,Mn0.3Cr2.7N2
30222,Fe0.3Cr2.7N2
30223,Co0.3Cr2.7N2
30224,Ni0.3Cr2.7N2
30225,Ru0.3Cr2.7N2
30226,Pd0.3Cr2.7N2
30227,Ag0.3Cr2.7N2
30228,Pt0.3Cr2.7N2
30229,Fe0.3Mn2.7N2
30230,Co0.3Mn2.7N2
30231,Ni0.3Mn2.7N2
30232,Ru0.3Mn2.7N2
30233,Pd0.3Mn2.7N2
30234,Ag0.3Mn2.7N2
30235,Pt0.3Mn2.7N2
30236,Mn0.3Fe2.7N2
30237,Co0.3Fe2.7N2
30238,Ni0.3Fe2.7N2
30239,Ru0.3Fe2.7N2
30240,Pd0.3Fe2.7N2
30241,Ag0.3Fe2.7N2
30242,Pt0.3Fe2.7N2
30243,Mn0.3Co2.7N2
30244,Fe0.3Co2.7N2
30245,Ni0.3Co2.7N2
30246,Ru0.3Co2.7N2
30247,Pd0.3Co2.7N2
30248,Ag0.3Co2.7N2
30249,Pt0.3Co2.7N2
30250,Mn0.3Ni2.7N2
30251,Fe0.3Ni2.7N2
30252,Co0.3Ni2.7N2
30253,Ru0.3Ni2.7N2
30254,Pd0.3Ni2.7N2
30255,Ag0.3Ni2.7N2
30256,Pt0.3Ni2.7N2
30257,Mn0.3Cu2.7N2
30258,Fe0.3Cu2.7N2
30259,Co0.3Cu2.7N2
30260,Ni0.3Cu2.7N2
30261,Ru0.3Cu2.7N2
30262,Pd0.3Cu2.7N2
30263,Ag0.3Cu2.7N2
30264,Pt0.3Cu2.7N2
30265,Mn0.3Zn2.7N2
30266,Fe0.3Zn2.7N2
30267,Co0.3Zn2.7N2
30268,Ni0.3Zn2.7N2
30269,Ru0.3Zn2.7N2
30270,Pd0.3Zn2.7N2
30271,Ag0.3Zn2.7N2
30272,Pt0.3Zn2.7N2
30273,Mn0.3Y2.7N2
30274,Fe0.3Y2.7N2
30275,Co0.3Y2.7N2
30276,Ni0.3Y2.7N2
30277,Ru0.3Y2.7N2
30278,Pd0.3Y2.7N2
30279,Ag0.3Y2.7N2
30280,Pt0.3Y2.7N2
30281,Mn0.3Zr2.7N2
30282,Fe0.3Zr2.7N2
30283,Co0.3Zr2.7N2
30284,Ni0.3Zr2.7N2
30285,Ru0.3Zr2.7N2
30286,Pd0.3Zr2.7N2
30287,Ag0.3Zr2.7N2
30288,Pt0.3Zr2.7N2
30289,Mn0.3Nb2.7N2
30290,Fe0.3Nb2.7N2
30291,Co0.3Nb2.7N2
30292,Ni0.3Nb2.7N2
30293,Ru0.3Nb2.7N2
30294,Pd0.3Nb2.7N2
30295,Ag0.3Nb2.7N2
30296,Pt0.3Nb2.7N2
30297,Mn0.3Mo2.7N2
30298,Fe0.3Mo2.7N2
30299,Co0.3Mo2.7N2
30300,Ni0.3Mo2.7N2
30301,Ru0.3Mo2.7N2
30302,Pd0.3Mo2.7N2
30303,Ag0.3Mo2.7N2
30304,Pt0.3Mo2.7N2
30305,Mn0.3Ru2.7N2
30306,Fe0.3Ru2.7N2
30307,Co0.3Ru2.7N2
30308,Ni0.3Ru2.7N2
30309,Pd0.3Ru2.7N2
30310,Ag0.3Ru2.7N2
30311,Pt0.3Ru2.7N2
30312,Mn0.3Rh2.7N2
30313,Fe0.3Rh2.7N2
30314,Co0.3Rh2.7N2
30315,Ni0.3Rh2.7N2
30316,Ru0.3Rh2.7N2
30317,Pd0.3Rh2.7N2
30318,Ag0.3Rh2.7N2
30319,Pt0.3Rh2.7N2
30320,Mn0.3Pd2.7N2
30321,Fe0.3Pd2.7N2
30322,Co0.3Pd2.7N2
30323,Ni0.3Pd2.7N2
30324,Ru0.3Pd2.7N2
30325,Ag0.3Pd2.7N2
30326,Pt0.3Pd2.7N2
30327,Mn0.3Ag2.7N2
30328,Fe0.3Ag2.7N2
30329,Co0.3Ag2.7N2
30330,Ni0.3Ag2.7N2
30331,Ru0.3Ag2.7N2
30332,Pd0.3Ag2.7N2
30333,Pt0.3Ag2.7N2
30334,Mn0.3Cd2.7N2
30335,Fe0.3Cd2.7N2
30336,Co0.3Cd2.7N2
30337,Ni0.3Cd2.7N2
30338,Ru0.3Cd2.7N2
30339,Pd0.3Cd2.7N2
30340,Ag0.3Cd2.7N2
30341,Pt0.3Cd2.7N2
30342,Mn0.3Hf2.7N2
30343,Fe0.3Hf2.7N2
30344,Co0.3Hf2.7N2
30345,Ni0.3Hf2.7N2
30346,Ru0.3Hf2.7N2
30347,Pd0.3Hf2.7N2
30348,Ag0.3Hf2.7N2
30349,Pt0.3Hf2.7N2
30350,Mn0.3Ta2.7N2
30351,Fe0.3Ta2.7N2
30352,Co0.3Ta2.7N2
30353,Ni0.3Ta2.7N2
30354,Ru0.3Ta2.7N2
30355,Pd0.3Ta2.7N2
30356,Ag0.3Ta2.7N2
30357,Pt0.3Ta2.7N2
30358,Mn0.3W2.7N2
30359,Fe0.3W2.7N2
30360,Co0.3W2.7N2
30361,Ni0.3W2.7N2
30362,Ru0.3W2.7N2
30363,Pd0.3W2.7N2
30364,Ag0.3W2.7N2
30365,Pt0.3W2.7N2
30366,Mn0.3Re2.7N2
30367,Fe0.3Re2.7N2
30368,Co0.3Re2.7N2
30369,Ni0.3Re2.7N2
30370,Ru0.3Re2.7N2
30371,Pd0.3Re2.7N2
30372,Ag0.3Re2.7N2
30373,Pt0.3Re2.7N2
30374,Mn0.3Os2.7N2
30375,Fe0.3Os2.7N2
30376,Co0.3Os2.7N2
30377,Ni0.3Os2.7N2
30378,Ru0.3Os2.7N2
30379,Pd0.3Os2.7N2
30380,Ag0.3Os2.7N2
30381,Pt0.3Os2.7N2
30382,Mn0.3Ir2.7N2
30383,Fe0.3Ir2.7N2
30384,Co0.3Ir2.7N2
30385,Ni0.3Ir2.7N2
30386,Ru0.3Ir2.7N2
30387,Pd0.3Ir2.7N2
30388,Ag0.3Ir2.7N2
30389,Pt0.3Ir2.7N2
30390,Mn0.3Pt2.7N2
30391,Fe0.3Pt2.7N2
30392,Co0.3Pt2.7N2
30393,Ni0.3Pt2.7N2
30394,Ru0.3Pt2.7N2
30395,Pd0.3Pt2.7N2
30396,Ag0.3Pt2.7N2
30397,Mn0.3Au2.7N2
30398,Fe0.3Au2.7N2
30399,Co0.3Au2.7N2
30400,Ni0.3Au2.7N2
30401,Ru0.3Au2.7N2
30402,Pd0.3Au2.7N2
30403,Ag0.3Au2.7N2
30404,Pt0.3Au2.7N2
30405,Mn0.3La2.7N2
30406,Fe0.3La2.7N2
30407,Co0.3La2.7N2
30408,Ni0.3La2.7N2
30409,Ru0.3La2.7N2
30410,Pd0.3La2.7N2
30411,Ag0.3La2.7N2
30412,Pt0.3La2.7N2
30413,Mn0.3Ce2.7N2
30414,Fe0.3Ce2.7N2
30415,Co0.3Ce2.7N2
30416,Ni0.3Ce2.7N2
30417,Ru0.3Ce2.7N2
30418,Pd0.3Ce2.7N2
30419,Ag0.3Ce2.7N2
30420,Pt0.3Ce2.7N2
30421,Mn0.3Al2.7N2
30422,Fe0.3Al2.7N2
30423,Co0.3Al2.7N2
30424,Ni0.3Al2.7N2
30425,Ru0.3Al2.7N2
30426,Pd0.3Al2.7N2
30427,Ag0.3Al2.7N2
30428,Pt0.3Al2.7N2
30429,Mn0.3Ga2.7N2
30430,Fe0.3Ga2.7N2
30431,Co0.3Ga2.7N2
30432,Ni0.3Ga2.7N2
30433,Ru0.3Ga2.7N2
30434,Pd0.3Ga2.7N2
30435,Ag0.3Ga2.7N2
30436,Pt0.3Ga2.7N2
30437,Mn0.3In2.7N2
30438,Fe0.3In2.7N2
30439,Co0.3In2.7N2
30440,Ni0.3In2.7N2
30441,Ru0.3In2.7N2
30442,Pd0.3In2.7N2
30443,Ag0.3In2.7N2
30444,Pt0.3In2.7N2
30445,Mn0.3Sn2.7N2
30446,Fe0.3Sn2.7N2
30447,Co0.3Sn2.7N2
30448,Ni0.3Sn2.7N2
30449,Ru0.3Sn2.7N2
30450,Pd0.3Sn2.7N2
30451,Ag0.3Sn2.7N2
30452,Pt0.3Sn2.7N2
30453,Mn0.3Pb2.7N2
30454,Fe0.3Pb2.7N2
30455,Co0.3Pb2.7N2
30456,Ni0.3Pb2.7N2
30457,Ru0.3Pb2.7N2
30458,Pd0.3Pb2.7N2
30459,Ag0.3Pb2.7N2
30460,Pt0.3Pb2.7N2
30461,Mn0.3Bi2.7N2
30462,Fe0.3Bi2.7N2
30463,Co0.3Bi2.7N2
30464,Ni0.3Bi2.7N2
30465,Ru0.3Bi2.7N2
30466,Pd0.3Bi2.7N2
30467,Ag0.3Bi2.7N2
30468,Pt0.3Bi2.7N2
30469,Mn0.4Sc3.6N
30470,Fe0.4Sc3.6N
30471,Co0.4Sc3.6N
30472,Ni0.4Sc3.6N
30473,Ru0.4Sc3.6N
30474,Pd0.4Sc3.6N
30475,Ag0.4Sc3.6N
30476,Pt0.4Sc3.6N
30477,Mn0.4Ti3.6N
30478,Fe0.4Ti3.6N
30479,Co0.4Ti3.6N
30480,Ni0.4Ti3.6N
30481,Ru0.4Ti3.6N
30482,Pd0.4Ti3.6N
30483,Ag0.4Ti3.6N
30484,Pt0.4Ti3.6N
30485,Mn0.4V3.6N
30486,Fe0.4V3.6N
30487,Co0.4V3.6N
30488,Ni0.4V3.6N
30489,Ru0.4V3.6N
30490,Pd0.4V3.6N
30491,Ag0.4V3.6N
30492,Pt0.4V3.6N
30493,Mn0.4Cr3.6N
30494,Fe0.4Cr3.6N
30495,Co0.4Cr3.6N
30496,Ni0.4Cr3.6N
30497,Ru0.4Cr3.6N
30498,Pd0.4Cr3.6N
30499,Ag0.4Cr3.6N
30500,Pt0.4Cr3.6N
30501,Fe0.4Mn3.6N
30502,Co0.4Mn3.6N
30503,Ni0.4Mn3.6N
30504,Ru0.4Mn3.6N
30505,Pd0.4Mn3.6N
30506,Ag0.4Mn3.6N
30507,Pt0.4Mn3.6N
30508,Mn0.4Fe3.6N
30509,Co0.4Fe3.6N
30510,Ni0.4Fe3.6N
30511,Ru0.4Fe3.6N
30512,Pd0.4Fe3.6N
30513,Ag0.4Fe3.6N
30514,Pt0.4Fe3.6N
30515,Mn0.4Co3.6N
30516,Fe0.4Co3.6N
30517,Ni0.4Co3.6N
30518,Ru0.4Co3.6N
30519,Pd0.4Co3.6N
30520,Ag0.4Co3.6N
30521,Pt0.4Co3.6N
30522,Mn0.4Ni3.6N
30523,Fe0.4Ni3.6N
30524,Co0.4Ni3.6N
30525,Ru0.4Ni3.6N
30526,Pd0.4Ni3.6N
30527,Ag0.4Ni3.6N
30528,Pt0.4Ni3.6N
30529,Mn0.4Cu3.6N
30530,Fe0.4Cu3.6N
30531,Co0.4Cu3.6N
30532,Ni0.4Cu3.6N
30533,Ru0.4Cu3.6N
30534,Pd0.4Cu3.6N
30535,Ag0.4Cu3.6N
30536,Pt0.4Cu3.6N
30537,Mn0.4Zn3.6N
30538,Fe0.4Zn3.6N
30539,Co0.4Zn3.6N
30540,Ni0.4Zn3.6N
30541,Ru0.4Zn3.6N
30542,Pd0.4Zn3.6N
30543,Ag0.4Zn3.6N
30544,Pt0.4Zn3.6N
30545,Mn0.4Y3.6N
30546,Fe0.4Y3.6N
30547,Co0.4Y3.6N
30548,Ni0.4Y3.6N
30549,Ru0.4Y3.6N
30550,Pd0.4Y3.6N
30551,Ag0.4Y3.6N
30552,Pt0.4Y3.6N
30553,Mn0.4Zr3.6N
30554,Fe0.4Zr3.6N
30555,Co0.4Zr3.6N
30556,Ni0.4Zr3.6N
30557,Ru0.4Zr3.6N
30558,Pd0.4Zr3.6N
30559,Ag0.4Zr3.6N
30560,Pt0.4Zr3.6N
30561,Mn0.4Nb3.6N
30562,Fe0.4Nb3.6N
30563,Co0.4Nb3.6N
30564,Ni0.4Nb3.6N
30565,Ru0.4Nb3.6N
30566,Pd0.4Nb3.6N
30567,Ag0.4Nb3.6N
30568,Pt0.4Nb3.6N
30569,Mn0.4Mo3.6N
30570,Fe0.4Mo3.6N
30571,Co0.4Mo3.6N
30572,Ni0.4Mo3.6N
30573,Ru0.4Mo3.6N
30574,Pd0.4Mo3.6N
30575,Ag0.4Mo3.6N
30576,Pt0.4Mo3.6N
30577,Mn0.4Ru3.6N
30578,Fe0.4Ru3.6N
30579,Co0.4Ru3.6N
30580,Ni0.4Ru3.6N
30581,Pd0.4Ru3.6N
30582,Ag0.4Ru3.6N
30583,Pt0.4Ru3.6N
30584,Mn0.4Rh3.6N
30585,Fe0.4Rh3.6N
30586,Co0.4Rh3.6N
30587,Ni0.4Rh3.6N
30588,Ru0.4Rh3.6N
30589,Pd0.4Rh3.6N
30590,Ag0.4Rh3.6N
30591,Pt0.4Rh3.6N
30592,Mn0.4Pd3.6N
30593,Fe0.4Pd3.6N
30594,Co0.4Pd3.6N
30595,Ni0.4Pd3.6N
30596,Ru0.4Pd3.6N
30597,Ag0.4Pd3.6N
30598,Pt0.4Pd3.6N
30599,Mn0.4Ag3.6N
30600,Fe0.4Ag3.6N
30601,Co0.4Ag3.6N
30602,Ni0.4Ag3.6N
30603,Ru0.4Ag3.6N
30604,Pd0.4Ag3.6N
30605,Pt0.4Ag3.6N
30606,Mn0.4Cd3.6N
30607,Fe0.4Cd3.6N
30608,Co0.4Cd3.6N
30609,Ni0.4Cd3.6N
30610,Ru0.4Cd3.6N
30611,Pd0.4Cd3.6N
30612,Ag0.4Cd3.6N
30613,Pt0.4Cd3.6N
30614,Mn0.4Hf3.6N
30615,Fe0.4Hf3.6N
30616,Co0.4Hf3.6N
30617,Ni0.4Hf3.6N
30618,Ru0.4Hf3.6N
30619,Pd0.4Hf3.6N
30620,Ag0.4Hf3.6N
30621,Pt0.4Hf3.6N
30622,Mn0.4Ta3.6N
30623,Fe0.4Ta3.6N
30624,Co0.4Ta3.6N
30625,Ni0.4Ta3.6N
30626,Ru0.4Ta3.6N
30627,Pd0.4Ta3.6N
30628,Ag0.4Ta3.6N
30629,Pt0.4Ta3.6N
30630,Mn0.4W3.6N
30631,Fe0.4W3.6N
30632,Co0.4W3.6N
30633,Ni0.4W3.6N
30634,Ru0.4W3.6N
30635,Pd0.4W3.6N
30636,Ag0.4W3.6N
30637,Pt0.4W3.6N
30638,Mn0.4Re3.6N
30639,Fe0.4Re3.6N
30640,Co0.4Re3.6N
30641,Ni0.4Re3.6N
30642,Ru0.4Re3.6N
30643,Pd0.4Re3.6N
30644,Ag0.4Re3.6N
30645,Pt0.4Re3.6N
30646,Mn0.4Os3.6N
30647,Fe0.4Os3.6N
30648,Co0.4Os3.6N
30649,Ni0.4Os3.6N
30650,Ru0.4Os3.6N
30651,Pd0.4Os3.6N
30652,Ag0.4Os3.6N
30653,Pt0.4Os3.6N
30654,Mn0.4Ir3.6N
30655,Fe0.4Ir3.6N
30656,Co0.4Ir3.6N
30657,Ni0.4Ir3.6N
30658,Ru0.4Ir3.6N
30659,Pd0.4Ir3.6N
30660,Ag0.4Ir3.6N
30661,Pt0.4Ir3.6N
30662,Mn0.4Pt3.6N
30663,Fe0.4Pt3.6N
30664,Co0.4Pt3.6N
30665,Ni0.4Pt3.6N
30666,Ru0.4Pt3.6N
30667,Pd0.4Pt3.6N
30668,Ag0.4Pt3.6N
30669,Mn0.4Au3.6N
30670,Fe0.4Au3.6N
30671,Co0.4Au3.6N
30672,Ni0.4Au3.6N
30673,Ru0.4Au3.6N
30674,Pd0.4Au3.6N
30675,Ag0.4Au3.6N
30676,Pt0.4Au3.6N
30677,Mn0.4La3.6N
30678,Fe0.4La3.6N
30679,Co0.4La3.6N
30680,Ni0.4La3.6N
30681,Ru0.4La3.6N
30682,Pd0.4La3.6N
30683,Ag0.4La3.6N
30684,Pt0.4La3.6N
30685,Mn0.4Ce3.6N
30686,Fe0.4Ce3.6N
30687,Co0.4Ce3.6N
30688,Ni0.4Ce3.6N
30689,Ru0.4Ce3.6N
30690,Pd0.4Ce3.6N
30691,Ag0.4Ce3.6N
30692,Pt0.4Ce3.6N
30693,Mn0.4Al3.6N
30694,Fe0.4Al3.6N
30695,Co0.4Al3.6N
30696,Ni0.4Al3.6N
30697,Ru0.4Al3.6N
30698,Pd0.4Al3.6N
30699,Ag0.4Al3.6N
30700,Pt0.4Al3.6N
30701,Mn0.4Ga3.6N
30702,Fe0.4Ga3.6N
30703,Co0.4Ga3.6N
30704,Ni0.4Ga3.6N
30705,Ru0.4Ga3.6N
30706,Pd0.4Ga3.6N
30707,Ag0.4Ga3.6N
30708,Pt0.4Ga3.6N
30709,Mn0.4In3.6N
30710,Fe0.4In3.6N
30711,Co0.4In3.6N
30712,Ni0.4In3.6N
30713,Ru0.4In3.6N
30714,Pd0.4In3.6N
30715,Ag0.4In3.6N
30716,Pt0.4In3.6N
30717,Mn0.4Sn3.6N
30718,Fe0.4Sn3.6N
30719,Co0.4Sn3.6N
30720,Ni0.4Sn3.6N
30721,Ru0.4Sn3.6N
30722,Pd0.4Sn3.6N
30723,Ag0.4Sn3.6N
30724,Pt0.4Sn3.6N
30725,Mn0.4Pb3.6N
30726,Fe0.4Pb3.6N
30727,Co0.4Pb3.6N
30728,Ni0.4Pb3.6N
30729,Ru0.4Pb3.6N
30730,Pd0.4Pb3.6N
30731,Ag0.4Pb3.6N
30732,Pt0.4Pb3.6N
30733,Mn0.4Bi3.6N
30734,Fe0.4Bi3.6N
30735,Co0.4Bi3.6N
30736,Ni0.4Bi3.6N
30737,Ru0.4Bi3.6N
30738,Pd0.4Bi3.6N
30739,Ag0.4Bi3.6N
30740,Pt0.4Bi3.6N
30741,Mn0.1Sc0.9S2
30742,Fe0.1Sc0.9S2
30743,Co0.1Sc0.9S2
30744,Ni0.1Sc0.9S2
30745,Ru0.1Sc0.9S2
30746,Pd0.1Sc0.9S2
30747,Ag0.1Sc0.9S2
30748,Pt0.1Sc0.9S2
30749,Mn0.1Ti0.9S2
30750,Fe0.1Ti0.9S2
30751,Co0.1Ti0.9S2
30752,Ni0.1Ti0.9S2
30753,Ru0.1Ti0.9S2
30754,Pd0.1Ti0.9S2
30755,Ag0.1Ti0.9S2
30756,Pt0.1Ti0.9S2
30757,Mn0.1V0.9S2
30758,Fe0.1V0.9S2
30759,Co0.1V0.9S2
30760,Ni0.1V0.9S2
30761,Ru0.1V0.9S2
30762,Pd0.1V0.9S2
30763,Ag0.1V0.9S2
30764,Pt0.1V0.9S2
30765,Mn0.1Cr0.9S2
30766,Fe0.1Cr0.9S2
30767,Co0.1Cr0.9S2
30768,Ni0.1Cr0.9S2
30769,Ru0.1Cr0.9S2
30770,Pd0.1Cr0.9S2
30771,Ag0.1Cr0.9S2
30772,Pt0.1Cr0.9S2
30773,Fe0.1Mn0.9S2
30774,Co0.1Mn0.9S2
30775,Ni0.1Mn0.9S2
30776,Ru0.1Mn0.9S2
30777,Pd0.1Mn0.9S2
30778,Ag0.1Mn0.9S2
30779,Pt0.1Mn0.9S2
30780,Mn0.1Fe0.9S2
30781,Co0.1Fe0.9S2
30782,Ni0.1Fe0.9S2
30783,Ru0.1Fe0.9S2
30784,Pd0.1Fe0.9S2
30785,Ag0.1Fe0.9S2
30786,Pt0.1Fe0.9S2
30787,Mn0.1Co0.9S2
30788,Fe0.1Co0.9S2
30789,Ni0.1Co0.9S2
30790,Ru0.1Co0.9S2
30791,Pd0.1Co0.9S2
30792,Ag0.1Co0.9S2
30793,Pt0.1Co0.9S2
30794,Mn0.1Ni0.9S2
30795,Fe0.1Ni0.9S2
30796,Co0.1Ni0.9S2
30797,Ru0.1Ni0.9S2
30798,Pd0.1Ni0.9S2
30799,Ag0.1Ni0.9S2
30800,Pt0.1Ni0.9S2
30801,Mn0.1Cu0.9S2
30802,Fe0.1Cu0.9S2
30803,Co0.1Cu0.9S2
30804,Ni0.1Cu0.9S2
30805,Ru0.1Cu0.9S2
30806,Pd0.1Cu0.9S2
30807,Ag0.1Cu0.9S2
30808,Pt0.1Cu0.9S2
30809,Mn0.1Zn0.9S2
30810,Fe0.1Zn0.9S2
30811,Co0.1Zn0.9S2
30812,Ni0.1Zn0.9S2
30813,Ru0.1Zn0.9S2
30814,Pd0.1Zn0.9S2
30815,Ag0.1Zn0.9S2
30816,Pt0.1Zn0.9S2
30817,Mn0.1Y0.9S2
30818,Fe0.1Y0.9S2
30819,Co0.1Y0.9S2
30820,Ni0.1Y0.9S2
30821,Ru0.1Y0.9S2
30822,Pd0.1Y0.9S2
30823,Ag0.1Y0.9S2
30824,Pt0.1Y0.9S2
30825,Mn0.1Zr0.9S2
30826,Fe0.1Zr0.9S2
30827,Co0.1Zr0.9S2
30828,Ni0.1Zr0.9S2
30829,Ru0.1Zr0.9S2
30830,Pd0.1Zr0.9S2
30831,Ag0.1Zr0.9S2
30832,Pt0.1Zr0.9S2
30833,Mn0.1Nb0.9S2
30834,Fe0.1Nb0.9S2
30835,Co0.1Nb0.9S2
30836,Ni0.1Nb0.9S2
30837,Ru0.1Nb0.9S2
30838,Pd0.1Nb0.9S2
30839,Ag0.1Nb0.9S2
30840,Pt0.1Nb0.9S2
30841,Mn0.1Mo0.9S2
30842,Fe0.1Mo0.9S2
30843,Co0.1Mo0.9S2
30844,Ni0.1Mo0.9S2
30845,Ru0.1Mo0.9S2
30846,Pd0.1Mo0.9S2
30847,Ag0.1Mo0.9S2
30848,Pt0.1Mo0.9S2
30849,Mn0.1Ru0.9S2
30850,Fe0.1Ru0.9S2
30851,Co0.1Ru0.9S2
30852,Ni0.1Ru0.9S2
30853,Pd0.1Ru0.9S2
30854,Ag0.1Ru0.9S2
30855,Pt0.1Ru0.9S2
30856,Mn0.1Rh0.9S2
30857,Fe0.1Rh0.9S2
30858,Co0.1Rh0.9S2
30859,Ni0.1Rh0.9S2
30860,Ru0.1Rh0.9S2
30861,Pd0.1Rh0.9S2
30862,Ag0.1Rh0.9S2
30863,Pt0.1Rh0.9S2
30864,Mn0.1Pd0.9S2
30865,Fe0.1Pd0.9S2
30866,Co0.1Pd0.9S2
30867,Ni0.1Pd0.9S2
30868,Ru0.1Pd0.9S2
30869,Ag0.1Pd0.9S2
30870,Pt0.1Pd0.9S2
30871,Mn0.1Ag0.9S2
30872,Fe0.1Ag0.9S2
30873,Co0.1Ag0.9S2
30874,Ni0.1Ag0.9S2
30875,Ru0.1Ag0.9S2
30876,Pd0.1Ag0.9S2
30877,Pt0.1Ag0.9S2
30878,Mn0.1Cd0.9S2
30879,Fe0.1Cd0.9S2
30880,Co0.1Cd0.9S2
30881,Ni0.1Cd0.9S2
30882,Ru0.1Cd0.9S2
30883,Pd0.1Cd0.9S2
30884,Ag0.1Cd0.9S2
30885,Pt0.1Cd0.9S2
30886,Mn0.1Hf0.9S2
30887,Fe0.1Hf0.9S2
30888,Co0.1Hf0.9S2
30889,Ni0.1Hf0.9S2
30890,Ru0.1Hf0.9S2
30891,Pd0.1Hf0.9S2
30892,Ag0.1Hf0.9S2
30893,Pt0.1Hf0.9S2
30894,Mn0.1Ta0.9S2
30895,Fe0.1Ta0.9S2
30896,Co0.1Ta0.9S2
30897,Ni0.1Ta0.9S2
30898,Ru0.1Ta0.9S2
30899,Pd0.1Ta0.9S2
30900,Ag0.1Ta0.9S2
30901,Pt0.1Ta0.9S2
30902,Mn0.1W0.9S2
30903,Fe0.1W0.9S2
30904,Co0.1W0.9S2
30905,Ni0.1W0.9S2
30906,Ru0.1W0.9S2
30907,Pd0.1W0.9S2
30908,Ag0.1W0.9S2
30909,Pt0.1W0.9S2
30910,Mn0.1Re0.9S2
30911,Fe0.1Re0.9S2
30912,Co0.1Re0.9S2
30913,Ni0.1Re0.9S2
30914,Ru0.1Re0.9S2
30915,Pd0.1Re0.9S2
30916,Ag0.1Re0.9S2
30917,Pt0.1Re0.9S2
30918,Mn0.1Os0.9S2
30919,Fe0.1Os0.9S2
30920,Co0.1Os0.9S2
30921,Ni0.1Os0.9S2
30922,Ru0.1Os0.9S2
30923,Pd0.1Os0.9S2
30924,Ag0.1Os0.9S2
30925,Pt0.1Os0.9S2
30926,Mn0.1Ir0.9S2
30927,Fe0.1Ir0.9S2
30928,Co0.1Ir0.9S2
30929,Ni0.1Ir0.9S2
30930,Ru0.1Ir0.9S2
30931,Pd0.1Ir0.9S2
30932,Ag0.1Ir0.9S2
30933,Pt0.1Ir0.9S2
30934,Mn0.1Pt0.9S2
30935,Fe0.1Pt0.9S2
30936,Co0.1Pt0.9S2
30937,Ni0.1Pt0.9S2
30938,Ru0.1Pt0.9S2
30939,Pd0.1Pt0.9S2
30940,Ag0.1Pt0.9S2
30941,Mn0.1Au0.9S2
30942,Fe0.1Au0.9S2
30943,Co0.1Au0.9S2
30944,Ni0.1Au0.9S2
30945,Ru0.1Au0.9S2
30946,Pd0.1Au0.9S2
30947,Ag0.1Au0.9S2
30948,Pt0.1Au0.9S2
30949,Mn0.1La0.9S2
30950,Fe0.1La0.9S2
30951,Co0.1La0.9S2
30952,Ni0.1La0.9S2
30953,Ru0.1La0.9S2
30954,Pd0.1La0.9S2
30955,Ag0.1La0.9S2
30956,Pt0.1La0.9S2
30957,Mn0.1Ce0.9S2
30958,Fe0.1Ce0.9S2
30959,Co0.1Ce0.9S2
30960,Ni0.1Ce0.9S2
30961,Ru0.1Ce0.9S2
30962,Pd0.1Ce0.9S2
30963,Ag0.1Ce0.9S2
30964,Pt0.1Ce0.9S2
30965,Mn0.1Al0.9S2
30966,Fe0.1Al0.9S2
30967,Co0.1Al0.9S2
30968,Ni0.1Al0.9S2
30969,Ru0.1Al0.9S2
30970,Pd0.1Al0.9S2
30971,Ag0.1Al0.9S2
30972,Pt0.1Al0.9S2
30973,Mn0.1Ga0.9S2
30974,Fe0.1Ga0.9S2
30975,Co0.1Ga0.9S2
30976,Ni0.1Ga0.9S2
30977,Ru0.1Ga0.9S2
30978,Pd0.1Ga0.9S2
30979,Ag0.1Ga0.9S2
30980,Pt0.1Ga0.9S2
30981,Mn0.1In0.9S2
30982,Fe0.1In0.9S2
30983,Co0.1In0.9S2
30984,Ni0.1In0.9S2
30985,Ru0.1In0.9S2
30986,Pd0.1In0.9S2
30987,Ag0.1In0.9S2
30988,Pt0.1In0.9S2
30989,Mn0.1Sn0.9S2
30990,Fe0.1Sn0.9S2
30991,Co0.1Sn0.9S2
30992,Ni0.1Sn0.9S2
30993,Ru0.1Sn0.9S2
30994,Pd0.1Sn0.9S2
30995,Ag0.1Sn0.9S2
30996,Pt0.1Sn0.9S2
30997,Mn0.1Pb0.9S2
30998,Fe0.1Pb0.9S2
30999,Co0.1Pb0.9S2
31000,Ni0.1Pb0.9S2
31001,Ru0.1Pb0.9S2
31002,Pd0.1Pb0.9S2
31003,Ag0.1Pb0.9S2
31004,Pt0.1Pb0.9S2
31005,Mn0.1Bi0.9S2
31006,Fe0.1Bi0.9S2
31007,Co0.1Bi0.9S2
31008,Ni0.1Bi0.9S2
31009,Ru0.1Bi0.9S2
31010,Pd0.1Bi0.9S2
31011,Ag0.1Bi0.9S2
31012,Pt0.1Bi0.9S2
31013,Mn0.2Sc1.8S3
31014,Fe0.2Sc1.8S3
31015,Co0.2Sc1.8S3
31016,Ni0.2Sc1.8S3
31017,Ru0.2Sc1.8S3
31018,Pd0.2Sc1.8S3
31019,Ag0.2Sc1.8S3
31020,Pt0.2Sc1.8S3
31021,Mn0.2Ti1.8S3
31022,Fe0.2Ti1.8S3
31023,Co0.2Ti1.8S3
31024,Ni0.2Ti1.8S3
31025,Ru0.2Ti1.8S3
31026,Pd0.2Ti1.8S3
31027,Ag0.2Ti1.8S3
31028,Pt0.2Ti1.8S3
31029,Mn0.2V1.8S3
31030,Fe0.2V1.8S3
31031,Co0.2V1.8S3
31032,Ni0.2V1.8S3
31033,Ru0.2V1.8S3
31034,Pd0.2V1.8S3
31035,Ag0.2V1.8S3
31036,Pt0.2V1.8S3
31037,Mn0.2Cr1.8S3
31038,Fe0.2Cr1.8S3
31039,Co0.2Cr1.8S3
31040,Ni0.2Cr1.8S3
31041,Ru0.2Cr1.8S3
31042,Pd0.2Cr1.8S3
31043,Ag0.2Cr1.8S3
31044,Pt0.2Cr1.8S3
31045,Fe0.2Mn1.8S3
31046,Co0.2Mn1.8S3
31047,Ni0.2Mn1.8S3
31048,Ru0.2Mn1.8S3
31049,Pd0.2Mn1.8S3
31050,Ag0.2Mn1.8S3
31051,Pt0.2Mn1.8S3
31052,Mn0.2Fe1.8S3
31053,Co0.2Fe1.8S3
31054,Ni0.2Fe1.8S3
31055,Ru0.2Fe1.8S3
31056,Pd0.2Fe1.8S3
31057,Ag0.2Fe1.8S3
31058,Pt0.2Fe1.8S3
31059,Mn0.2Co1.8S3
31060,Fe0.2Co1.8S3
31061,Ni0.2Co1.8S3
31062,Ru0.2Co1.8S3
31063,Pd0.2Co1.8S3
31064,Ag0.2Co1.8S3
31065,Pt0.2Co1.8S3
31066,Mn0.2Ni1.8S3
31067,Fe0.2Ni1.8S3
31068,Co0.2Ni1.8S3
31069,Ru0.2Ni1.8S3
31070,Pd0.2Ni1.8S3
31071,Ag0.2Ni1.8S3
31072,Pt0.2Ni1.8S3
31073,Mn0.2Cu1.8S3
31074,Fe0.2Cu1.8S3
31075,Co0.2Cu1.8S3
31076,Ni0.2Cu1.8S3
31077,Ru0.2Cu1.8S3
31078,Pd0.2Cu1.8S3
31079,Ag0.2Cu1.8S3
31080,Pt0.2Cu1.8S3
31081,Mn0.2Zn1.8S3
31082,Fe0.2Zn1.8S3
31083,Co0.2Zn1.8S3
31084,Ni0.2Zn1.8S3
31085,Ru0.2Zn1.8S3
31086,Pd0.2Zn1.8S3
31087,Ag0.2Zn1.8S3
31088,Pt0.2Zn1.8S3
31089,Mn0.2Y1.8S3
31090,Fe0.2Y1.8S3
31091,Co0.2Y1.8S3
31092,Ni0.2Y1.8S3
31093,Ru0.2Y1.8S3
31094,Pd0.2Y1.8S3
31095,Ag0.2Y1.8S3
31096,Pt0.2Y1.8S3
31097,Mn0.2Zr1.8S3
31098,Fe0.2Zr1.8S3
31099,Co0.2Zr1.8S3
31100,Ni0.2Zr1.8S3
31101,Ru0.2Zr1.8S3
31102,Pd0.2Zr1.8S3
31103,Ag0.2Zr1.8S3
31104,Pt0.2Zr1.8S3
31105,Mn0.2Nb1.8S3
31106,Fe0.2Nb1.8S3
31107,Co0.2Nb1.8S3
31108,Ni0.2Nb1.8S3
31109,Ru0.2Nb1.8S3
31110,Pd0.2Nb1.8S3
31111,Ag0.2Nb1.8S3
31112,Pt0.2Nb1.8S3
31113,Mn0.2Mo1.8S3
31114,Fe0.2Mo1.8S3
31115,Co0.2Mo1.8S3
31116,Ni0.2Mo1.8S3
31117,Ru0.2Mo1.8S3
31118,Pd0.2Mo1.8S3
31119,Ag0.2Mo1.8S3
31120,Pt0.2Mo1.8S3
31121,Mn0.2Ru1.8S3
31122,Fe0.2Ru1.8S3
31123,Co0.2Ru1.8S3
31124,Ni0.2Ru1.8S3
31125,Pd0.2Ru1.8S3
31126,Ag0.2Ru1.8S3
31127,Pt0.2Ru1.8S3
31128,Mn0.2Rh1.8S3
31129,Fe0.2Rh1.8S3
31130,Co0.2Rh1.8S3
31131,Ni0.2Rh1.8S3
31132,Ru0.2Rh1.8S3
31133,Pd0.2Rh1.8S3
31134,Ag0.2Rh1.8S3
31135,Pt0.2Rh1.8S3
31136,Mn0.2Pd1.8S3
31137,Fe0.2Pd1.8S3
31138,Co0.2Pd1.8S3
31139,Ni0.2Pd1.8S3
31140,Ru0.2Pd1.8S3
31141,Ag0.2Pd1.8S3
31142,Pt0.2Pd1.8S3
31143,Mn0.2Ag1.8S3
31144,Fe0.2Ag1.8S3
31145,Co0.2Ag1.8S3
31146,Ni0.2Ag1.8S3
31147,Ru0.2Ag1.8S3
31148,Pd0.2Ag1.8S3
31149,Pt0.2Ag1.8S3
31150,Mn0.2Cd1.8S3
31151,Fe0.2Cd1.8S3
31152,Co0.2Cd1.8S3
31153,Ni0.2Cd1.8S3
31154,Ru0.2Cd1.8S3
31155,Pd0.2Cd1.8S3
31156,Ag0.2Cd1.8S3
31157,Pt0.2Cd1.8S3
31158,Mn0.2Hf1.8S3
31159,Fe0.2Hf1.8S3
31160,Co0.2Hf1.8S3
31161,Ni0.2Hf1.8S3
31162,Ru0.2Hf1.8S3
31163,Pd0.2Hf1.8S3
31164,Ag0.2Hf1.8S3
31165,Pt0.2Hf1.8S3
31166,Mn0.2Ta1.8S3
31167,Fe0.2Ta1.8S3
31168,Co0.2Ta1.8S3
31169,Ni0.2Ta1.8S3
31170,Ru0.2Ta1.8S3
31171,Pd0.2Ta1.8S3
31172,Ag0.2Ta1.8S3
31173,Pt0.2Ta1.8S3
31174,Mn0.2W1.8S3
31175,Fe0.2W1.8S3
31176,Co0.2W1.8S3
31177,Ni0.2W1.8S3
31178,Ru0.2W1.8S3
31179,Pd0.2W1.8S3
31180,Ag0.2W1.8S3
31181,Pt0.2W1.8S3
31182,Mn0.2Re1.8S3
31183,Fe0.2Re1.8S3
31184,Co0.2Re1.8S3
31185,Ni0.2Re1.8S3
31186,Ru0.2Re1.8S3
31187,Pd0.2Re1.8S3
31188,Ag0.2Re1.8S3
31189,Pt0.2Re1.8S3
31190,Mn0.2Os1.8S3
31191,Fe0.2Os1.8S3
31192,Co0.2Os1.8S3
31193,Ni0.2Os1.8S3
31194,Ru0.2Os1.8S3
31195,Pd0.2Os1.8S3
31196,Ag0.2Os1.8S3
31197,Pt0.2Os1.8S3
31198,Mn0.2Ir1.8S3
31199,Fe0.2Ir1.8S3
31200,Co0.2Ir1.8S3
31201,Ni0.2Ir1.8S3
31202,Ru0.2Ir1.8S3
31203,Pd0.2Ir1.8S3
31204,Ag0.2Ir1.8S3
31205,Pt0.2Ir1.8S3
31206,Mn0.2Pt1.8S3
31207,Fe0.2Pt1.8S3
31208,Co0.2Pt1.8S3
31209,Ni0.2Pt1.8S3
31210,Ru0.2Pt1.8S3
31211,Pd0.2Pt1.8S3
31212,Ag0.2Pt1.8S3
31213,Mn0.2Au1.8S3
31214,Fe0.2Au1.8S3
31215,Co0.2Au1.8S3
31216,Ni0.2Au1.8S3
31217,Ru0.2Au1.8S3
31218,Pd0.2Au1.8S3
31219,Ag0.2Au1.8S3
31220,Pt0.2Au1.8S3
31221,Mn0.2La1.8S3
31222,Fe0.2La1.8S3
31223,Co0.2La1.8S3
31224,Ni0.2La1.8S3
31225,Ru0.2La1.8S3
31226,Pd0.2La1.8S3
31227,Ag0.2La1.8S3
31228,Pt0.2La1.8S3
31229,Mn0.2Ce1.8S3
31230,Fe0.2Ce1.8S3
31231,Co0.2Ce1.8S3
31232,Ni0.2Ce1.8S3
31233,Ru0.2Ce1.8S3
31234,Pd0.2Ce1.8S3
31235,Ag0.2Ce1.8S3
31236,Pt0.2Ce1.8S3
31237,Mn0.2Al1.8S3
31238,Fe0.2Al1.8S3
31239,Co0.2Al1.8S3
31240,Ni0.2Al1.8S3
31241,Ru0.2Al1.8S3
31242,Pd0.2Al1.8S3
31243,Ag0.2Al1.8S3
31244,Pt0.2Al1.8S3
31245,Mn0.2Ga1.8S3
31246,Fe0.2Ga1.8S3
31247,Co0.2Ga1.8S3
31248,Ni0.2Ga1.8S3
31249,Ru0.2Ga1.8S3
31250,Pd0.2Ga1.8S3
31251,Ag0.2Ga1.8S3
31252,Pt0.2Ga1.8S3
31253,Mn0.2In1.8S3
31254,Fe0.2In1.8S3
31255,Co0.2In1.8S3
31256,Ni0.2In1.8S3
31257,Ru0.2In1.8S3
31258,Pd0.2In1.8S3
31259,Ag0.2In1.8S3
31260,Pt0.2In1.8S3
31261,Mn0.2Sn1.8S3
31262,Fe0.2Sn1.8S3
31263,Co0.2Sn1.8S3
31264,Ni0.2Sn1.8S3
31265,Ru0.2Sn1.8S3
31266,Pd0.2Sn1.8S3
31267,Ag0.2Sn1.8S3
31268,Pt0.2Sn1.8S3
31269,Mn0.2Pb1.8S3
31270,Fe0.2Pb1.8S3
31271,Co0.2Pb1.8S3
31272,Ni0.2Pb1.8S3
31273,Ru0.2Pb1.8S3
31274,Pd0.2Pb1.8S3
31275,Ag0.2Pb1.8S3
31276,Pt0.2Pb1.8S3
31277,Mn0.2Bi1.8S3
31278,Fe0.2Bi1.8S3
31279,Co0.2Bi1.8S3
31280,Ni0.2Bi1.8S3
31281,Ru0.2Bi1.8S3
31282,Pd0.2Bi1.8S3
31283,Ag0.2Bi1.8S3
31284,Pt0.2Bi1.8S3
31285,Mn0.3Sc2.7S4
31286,Fe0.3Sc2.7S4
31287,Co0.3Sc2.7S4
31288,Ni0.3Sc2.7S4
31289,Ru0.3Sc2.7S4
31290,Pd0.3Sc2.7S4
31291,Ag0.3Sc2.7S4
31292,Pt0.3Sc2.7S4
31293,Mn0.3Ti2.7S4
31294,Fe0.3Ti2.7S4
31295,Co0.3Ti2.7S4
31296,Ni0.3Ti2.7S4
31297,Ru0.3Ti2.7S4
31298,Pd0.3Ti2.7S4
31299,Ag0.3Ti2.7S4
31300,Pt0.3Ti2.7S4
31301,Mn0.3V2.7S4
31302,Fe0.3V2.7S4
31303,Co0.3V2.7S4
31304,Ni0.3V2.7S4
31305,Ru0.3V2.7S4
31306,Pd0.3V2.7S4
31307,Ag0.3V2.7S4
31308,Pt0.3V2.7S4
31309,Mn0.3Cr2.7S4
31310,Fe0.3Cr2.7S4
31311,Co0.3Cr2.7S4
31312,Ni0.3Cr2.7S4
31313,Ru0.3Cr2.7S4
31314,Pd0.3Cr2.7S4
31315,Ag0.3Cr2.7S4
31316,Pt0.3Cr2.7S4
31317,Fe0.3Mn2.7S4
31318,Co0.3Mn2.7S4
31319,Ni0.3Mn2.7S4
31320,Ru0.3Mn2.7S4
31321,Pd0.3Mn2.7S4
31322,Ag0.3Mn2.7S4
31323,Pt0.3Mn2.7S4
31324,Mn0.3Fe2.7S4
31325,Co0.3Fe2.7S4
31326,Ni0.3Fe2.7S4
31327,Ru0.3Fe2.7S4
31328,Pd0.3Fe2.7S4
31329,Ag0.3Fe2.7S4
31330,Pt0.3Fe2.7S4
31331,Mn0.3Co2.7S4
31332,Fe0.3Co2.7S4
31333,Ni0.3Co2.7S4
31334,Ru0.3Co2.7S4
31335,Pd0.3Co2.7S4
31336,Ag0.3Co2.7S4
31337,Pt0.3Co2.7S4
31338,Mn0.3Ni2.7S4
31339,Fe0.3Ni2.7S4
31340,Co0.3Ni2.7S4
31341,Ru0.3Ni2.7S4
31342,Pd0.3Ni2.7S4
31343,Ag0.3Ni2.7S4
31344,Pt0.3Ni2.7S4
31345,Mn0.3Cu2.7S4
31346,Fe0.3Cu2.7S4
31347,Co0.3Cu2.7S4
31348,Ni0.3Cu2.7S4
31349,Ru0.3Cu2.7S4
31350,Pd0.3Cu2.7S4
31351,Ag0.3Cu2.7S4
31352,Pt0.3Cu2.7S4
31353,Mn0.3Zn2.7S4
31354,Fe0.3Zn2.7S4
31355,Co0.3Zn2.7S4
31356,Ni0.3Zn2.7S4
31357,Ru0.3Zn2.7S4
31358,Pd0.3Zn2.7S4
31359,Ag0.3Zn2.7S4
31360,Pt0.3Zn2.7S4
31361,Mn0.3Y2.7S4
31362,Fe0.3Y2.7S4
31363,Co0.3Y2.7S4
31364,Ni0.3Y2.7S4
31365,Ru0.3Y2.7S4
31366,Pd0.3Y2.7S4
31367,Ag0.3Y2.7S4
31368,Pt0.3Y2.7S4
31369,Mn0.3Zr2.7S4
31370,Fe0.3Zr2.7S4
31371,Co0.3Zr2.7S4
31372,Ni0.3Zr2.7S4
31373,Ru0.3Zr2.7S4
31374,Pd0.3Zr2.7S4
31375,Ag0.3Zr2.7S4
31376,Pt0.3Zr2.7S4
31377,Mn0.3Nb2.7S4
31378,Fe0.3Nb2.7S4
31379,Co0.3Nb2.7S4
31380,Ni0.3Nb2.7S4
31381,Ru0.3Nb2.7S4
31382,Pd0.3Nb2.7S4
31383,Ag0.3Nb2.7S4
31384,Pt0.3Nb2.7S4
31385,Mn0.3Mo2.7S4
31386,Fe0.3Mo2.7S4
31387,Co0.3Mo2.7S4
31388,Ni0.3Mo2.7S4
31389,Ru0.3Mo2.7S4
31390,Pd0.3Mo2.7S4
31391,Ag0.3Mo2.7S4
31392,Pt0.3Mo2.7S4
31393,Mn0.3Ru2.7S4
31394,Fe0.3Ru2.7S4
31395,Co0.3Ru2.7S4
31396,Ni0.3Ru2.7S4
31397,Pd0.3Ru2.7S4
31398,Ag0.3Ru2.7S4
31399,Pt0.3Ru2.7S4
31400,Mn0.3Rh2.7S4
31401,Fe0.3Rh2.7S4
31402,Co0.3Rh2.7S4
31403,Ni0.3Rh2.7S4
31404,Ru0.3Rh2.7S4
31405,Pd0.3Rh2.7S4
31406,Ag0.3Rh2.7S4
31407,Pt0.3Rh2.7S4
31408,Mn0.3Pd2.7S4
31409,Fe0.3Pd2.7S4
31410,Co0.3Pd2.7S4
31411,Ni0.3Pd2.7S4
31412,Ru0.3Pd2.7S4
31413,Ag0.3Pd2.7S4
31414,Pt0.3Pd2.7S4
31415,Mn0.3Ag2.7S4
31416,Fe0.3Ag2.7S4
31417,Co0.3Ag2.7S4
31418,Ni0.3Ag2.7S4
31419,Ru0.3Ag2.7S4
31420,Pd0.3Ag2.7S4
31421,Pt0.3Ag2.7S4
31422,Mn0.3Cd2.7S4
31423,Fe0.3Cd2.7S4
31424,Co0.3Cd2.7S4
31425,Ni0.3Cd2.7S4
31426,Ru0.3Cd2.7S4
31427,Pd0.3Cd2.7S4
31428,Ag0.3Cd2.7S4
31429,Pt0.3Cd2.7S4
31430,Mn0.3Hf2.7S4
31431,Fe0.3Hf2.7S4
31432,Co0.3Hf2.7S4
31433,Ni0.3Hf2.7S4
31434,Ru0.3Hf2.7S4
31435,Pd0.3Hf2.7S4
31436,Ag0.3Hf2.7S4
31437,Pt0.3Hf2.7S4
31438,Mn0.3Ta2.7S4
31439,Fe0.3Ta2.7S4
31440,Co0.3Ta2.7S4
31441,Ni0.3Ta2.7S4
31442,Ru0.3Ta2.7S4
31443,Pd0.3Ta2.7S4
31444,Ag0.3Ta2.7S4
31445,Pt0.3Ta2.7S4
31446,Mn0.3W2.7S4
31447,Fe0.3W2.7S4
31448,Co0.3W2.7S4
31449,Ni0.3W2.7S4
31450,Ru0.3W2.7S4
31451,Pd0.3W2.7S4
31452,Ag0.3W2.7S4
31453,Pt0.3W2.7S4
31454,Mn0.3Re2.7S4
31455,Fe0.3Re2.7S4
31456,Co0.3Re2.7S4
31457,Ni0.3Re2.7S4
31458,Ru0.3Re2.7S4
31459,Pd0.3Re2.7S4
31460,Ag0.3Re2.7S4
31461,Pt0.3Re2.7S4
31462,Mn0.3Os2.7S4
31463,Fe0.3Os2.7S4
31464,Co0.3Os2.7S4
31465,Ni0.3Os2.7S4
31466,Ru0.3Os2.7S4
31467,Pd0.3Os2.7S4
31468,Ag0.3Os2.7S4
31469,Pt0.3Os2.7S4
31470,Mn0.3Ir2.7S4
31471,Fe0.3Ir2.7S4
31472,Co0.3Ir2.7S4
31473,Ni0.3Ir2.7S4
31474,Ru0.3Ir2.7S4
31475,Pd0.3Ir2.7S4
31476,Ag0.3Ir2.7S4
31477,Pt0.3Ir2.7S4
31478,Mn0.3Pt2.7S4
31479,Fe0.3Pt2.7S4
31480,Co0.3Pt2.7S4
31481,Ni0.3Pt2.7S4
31482,Ru0.3Pt2.7S4
31483,Pd0.3Pt2.7S4
31484,Ag0.3Pt2.7S4
31485,Mn0.3Au2.7S4
31486,Fe0.3Au2.7S4
31487,Co0.3Au2.7S4
31488,Ni0.3Au2.7S4
31489,Ru0.3Au2.7S4
31490,Pd0.3Au2.7S4
31491,Ag0.3Au2.7S4
31492,Pt0.3Au2.7S4
31493,Mn0.3La2.7S4
31494,Fe0.3La2.7S4
31495,Co0.3La2.7S4
31496,Ni0.3La2.7S4
31497,Ru0.3La2.7S4
31498,Pd0.3La2.7S4
31499,Ag0.3La2.7S4
31500,Pt0.3La2.7S4
31501,Mn0.3Ce2.7S4
31502,Fe0.3Ce2.7S4
31503,Co0.3Ce2.7S4
31504,Ni0.3Ce2.7S4
31505,Ru0.3Ce2.7S4
31506,Pd0.3Ce2.7S4
31507,Ag0.3Ce2.7S4
31508,Pt0.3Ce2.7S4
31509,Mn0.3Al2.7S4
31510,Fe0.3Al2.7S4
31511,Co0.3Al2.7S4
31512,Ni0.3Al2.7S4
31513,Ru0.3Al2.7S4
31514,Pd0.3Al2.7S4
31515,Ag0.3Al2.7S4
31516,Pt0.3Al2.7S4
31517,Mn0.3Ga2.7S4
31518,Fe0.3Ga2.7S4
31519,Co0.3Ga2.7S4
31520,Ni0.3Ga2.7S4
31521,Ru0.3Ga2.7S4
31522,Pd0.3Ga2.7S4
31523,Ag0.3Ga2.7S4
31524,Pt0.3Ga2.7S4
31525,Mn0.3In2.7S4
31526,Fe0.3In2.7S4
31527,Co0.3In2.7S4
31528,Ni0.3In2.7S4
31529,Ru0.3In2.7S4
31530,Pd0.3In2.7S4
31531,Ag0.3In2.7S4
31532,Pt0.3In2.7S4
31533,Mn0.3Sn2.7S4
31534,Fe0.3Sn2.7S4
31535,Co0.3Sn2.7S4
31536,Ni0.3Sn2.7S4
31537,Ru0.3Sn2.7S4
31538,Pd0.3Sn2.7S4
31539,Ag0.3Sn2.7S4
31540,Pt0.3Sn2.7S4
31541,Mn0.3Pb2.7S4
31542,Fe0.3Pb2.7S4
31543,Co0.3Pb2.7S4
31544,Ni0.3Pb2.7S4
31545,Ru0.3Pb2.7S4
31546,Pd0.3Pb2.7S4
31547,Ag0.3Pb2.7S4
31548,Pt0.3Pb2.7S4
31549,Mn0.3Bi2.7S4
31550,Fe0.3Bi2.7S4
31551,Co0.3Bi2.7S4
31552,Ni0.3Bi2.7S4
31553,Ru0.3Bi2.7S4
31554,Pd0.3Bi2.7S4
31555,Ag0.3Bi2.7S4
31556,Pt0.3Bi2.7S4
31557,Mn0.6Sc5.4S8
31558,Fe0.6Sc5.4S8
31559,Co0.6Sc5.4S8
31560,Ni0.6Sc5.4S8
31561,Ru0.6Sc5.4S8
31562,Pd0.6Sc5.4S8
31563,Ag0.6Sc5.4S8
31564,Pt0.6Sc5.4S8
31565,Mn0.6Ti5.4S8
31566,Fe0.6Ti5.4S8
31567,Co0.6Ti5.4S8
31568,Ni0.6Ti5.4S8
31569,Ru0.6Ti5.4S8
31570,Pd0.6Ti5.4S8
31571,Ag0.6Ti5.4S8
31572,Pt0.6Ti5.4S8
31573,Mn0.6V5.4S8
31574,Fe0.6V5.4S8
31575,Co0.6V5.4S8
31576,Ni0.6V5.4S8
31577,Ru0.6V5.4S8
31578,Pd0.6V5.4S8
31579,Ag0.6V5.4S8
31580,Pt0.6V5.4S8
31581,Mn0.6Cr5.4S8
31582,Fe0.6Cr5.4S8
31583,Co0.6Cr5.4S8
31584,Ni0.6Cr5.4S8
31585,Ru0.6Cr5.4S8
31586,Pd0.6Cr5.4S8
31587,Ag0.6Cr5.4S8
31588,Pt0.6Cr5.4S8
31589,Fe0.6Mn5.4S8
31590,Co0.6Mn5.4S8
31591,Ni0.6Mn5.4S8
31592,Ru0.6Mn5.4S8
31593,Pd0.6Mn5.4S8
31594,Ag0.6Mn5.4S8
31595,Pt0.6Mn5.4S8
31596,Mn0.6Fe5.4S8
31597,Co0.6Fe5.4S8
31598,Ni0.6Fe5.4S8
31599,Ru0.6Fe5.4S8
31600,Pd0.6Fe5.4S8
31601,Ag0.6Fe5.4S8
31602,Pt0.6Fe5.4S8
31603,Mn0.6Co5.4S8
31604,Fe0.6Co5.4S8
31605,Ni0.6Co5.4S8
31606,Ru0.6Co5.4S8
31607,Pd0.6Co5.4S8
31608,Ag0.6Co5.4S8
31609,Pt0.6Co5.4S8
31610,Mn0.6Ni5.4S8
31611,Fe0.6Ni5.4S8
31612,Co0.6Ni5.4S8
31613,Ru0.6Ni5.4S8
31614,Pd0.6Ni5.4S8
31615,Ag0.6Ni5.4S8
31616,Pt0.6Ni5.4S8
31617,Mn0.6Cu5.4S8
31618,Fe0.6Cu5.4S8
31619,Co0.6Cu5.4S8
31620,Ni0.6Cu5.4S8
31621,Ru0.6Cu5.4S8
31622,Pd0.6Cu5.4S8
31623,Ag0.6Cu5.4S8
31624,Pt0.6Cu5.4S8
31625,Mn0.6Zn5.4S8
31626,Fe0.6Zn5.4S8
31627,Co0.6Zn5.4S8
31628,Ni0.6Zn5.4S8
31629,Ru0.6Zn5.4S8
31630,Pd0.6Zn5.4S8
31631,Ag0.6Zn5.4S8
31632,Pt0.6Zn5.4S8
31633,Mn0.6Y5.4S8
31634,Fe0.6Y5.4S8
31635,Co0.6Y5.4S8
31636,Ni0.6Y5.4S8
31637,Ru0.6Y5.4S8
31638,Pd0.6Y5.4S8
31639,Ag0.6Y5.4S8
31640,Pt0.6Y5.4S8
31641,Mn0.6Zr5.4S8
31642,Fe0.6Zr5.4S8
31643,Co0.6Zr5.4S8
31644,Ni0.6Zr5.4S8
31645,Ru0.6Zr5.4S8
31646,Pd0.6Zr5.4S8
31647,Ag0.6Zr5.4S8
31648,Pt0.6Zr5.4S8
31649,Mn0.6Nb5.4S8
31650,Fe0.6Nb5.4S8
31651,Co0.6Nb5.4S8
31652,Ni0.6Nb5.4S8
31653,Ru0.6Nb5.4S8
31654,Pd0.6Nb5.4S8
31655,Ag0.6Nb5.4S8
31656,Pt0.6Nb5.4S8
31657,Mn0.6Mo5.4S8
31658,Fe0.6Mo5.4S8
31659,Co0.6Mo5.4S8
31660,Ni0.6Mo5.4S8
31661,Ru0.6Mo5.4S8
31662,Pd0.6Mo5.4S8
31663,Ag0.6Mo5.4S8
31664,Pt0.6Mo5.4S8
31665,Mn0.6Ru5.4S8
31666,Fe0.6Ru5.4S8
31667,Co0.6Ru5.4S8
31668,Ni0.6Ru5.4S8
31669,Pd0.6Ru5.4S8
31670,Ag0.6Ru5.4S8
31671,Pt0.6Ru5.4S8
31672,Mn0.6Rh5.4S8
31673,Fe0.6Rh5.4S8
31674,Co0.6Rh5.4S8
31675,Ni0.6Rh5.4S8
31676,Ru0.6Rh5.4S8
31677,Pd0.6Rh5.4S8
31678,Ag0.6Rh5.4S8
31679,Pt0.6Rh5.4S8
31680,Mn0.6Pd5.4S8
31681,Fe0.6Pd5.4S8
31682,Co0.6Pd5.4S8
31683,Ni0.6Pd5.4S8
31684,Ru0.6Pd5.4S8
31685,Ag0.6Pd5.4S8
31686,Pt0.6Pd5.4S8
31687,Mn0.6Ag5.4S8
31688,Fe0.6Ag5.4S8
31689,Co0.6Ag5.4S8
31690,Ni0.6Ag5.4S8
31691,Ru0.6Ag5.4S8
31692,Pd0.6Ag5.4S8
31693,Pt0.6Ag5.4S8
31694,Mn0.6Cd5.4S8
31695,Fe0.6Cd5.4S8
31696,Co0.6Cd5.4S8
31697,Ni0.6Cd5.4S8
31698,Ru0.6Cd5.4S8
31699,Pd0.6Cd5.4S8
31700,Ag0.6Cd5.4S8
31701,Pt0.6Cd5.4S8
31702,Mn0.6Hf5.4S8
31703,Fe0.6Hf5.4S8
31704,Co0.6Hf5.4S8
31705,Ni0.6Hf5.4S8
31706,Ru0.6Hf5.4S8
31707,Pd0.6Hf5.4S8
31708,Ag0.6Hf5.4S8
31709,Pt0.6Hf5.4S8
31710,Mn0.6Ta5.4S8
31711,Fe0.6Ta5.4S8
31712,Co0.6Ta5.4S8
31713,Ni0.6Ta5.4S8
31714,Ru0.6Ta5.4S8
31715,Pd0.6Ta5.4S8
31716,Ag0.6Ta5.4S8
31717,Pt0.6Ta5.4S8
31718,Mn0.6W5.4S8
31719,Fe0.6W5.4S8
31720,Co0.6W5.4S8
31721,Ni0.6W5.4S8
31722,Ru0.6W5.4S8
31723,Pd0.6W5.4S8
31724,Ag0.6W5.4S8
31725,Pt0.6W5.4S8
31726,Mn0.6Re5.4S8
31727,Fe0.6Re5.4S8
31728,Co0.6Re5.4S8
31729,Ni0.6Re5.4S8
31730,Ru0.6Re5.4S8
31731,Pd0.6Re5.4S8
31732,Ag0.6Re5.4S8
31733,Pt0.6Re5.4S8
31734,Mn0.6Os5.4S8
31735,Fe0.6Os5.4S8
31736,Co0.6Os5.4S8
31737,Ni0.6Os5.4S8
31738,Ru0.6Os5.4S8
31739,Pd0.6Os5.4S8
31740,Ag0.6Os5.4S8
31741,Pt0.6Os5.4S8
31742,Mn0.6Ir5.4S8
31743,Fe0.6Ir5.4S8
31744,Co0.6Ir5.4S8
31745,Ni0.6Ir5.4S8
31746,Ru0.6Ir5.4S8
31747,Pd0.6Ir5.4S8
31748,Ag0.6Ir5.4S8
31749,Pt0.6Ir5.4S8
31750,Mn0.6Pt5.4S8
31751,Fe0.6Pt5.4S8
31752,Co0.6Pt5.4S8
31753,Ni0.6Pt5.4S8
31754,Ru0.6Pt5.4S8
31755,Pd0.6Pt5.4S8
31756,Ag0.6Pt5.4S8
31757,Mn0.6Au5.4S8
31758,Fe0.6Au5.4S8
31759,Co0.6Au5.4S8
31760,Ni0.6Au5.4S8
31761,Ru0.6Au5.4S8
31762,Pd0.6Au5.4S8
31763,Ag0.6Au5.4S8
31764,Pt0.6Au5.4S8
31765,Mn0.6La5.4S8
31766,Fe0.6La5.4S8
31767,Co0.6La5.4S8
31768,Ni0.6La5.4S8
31769,Ru0.6La5.4S8
31770,Pd0.6La5.4S8
31771,Ag0.6La5.4S8
31772,Pt0.6La5.4S8
31773,Mn0.6Ce5.4S8
31774,Fe0.6Ce5.4S8
31775,Co0.6Ce5.4S8
31776,Ni0.6Ce5.4S8
31777,Ru0.6Ce5.4S8
31778,Pd0.6Ce5.4S8
31779,Ag0.6Ce5.4S8
31780,Pt0.6Ce5.4S8
31781,Mn0.6Al5.4S8
31782,Fe0.6Al5.4S8
31783,Co0.6Al5.4S8
31784,Ni0.6Al5.4S8
31785,Ru0.6Al5.4S8
31786,Pd0.6Al5.4S8
31787,Ag0.6Al5.4S8
31788,Pt0.6Al5.4S8
31789,Mn0.6Ga5.4S8
31790,Fe0.6Ga5.4S8
31791,Co0.6Ga5.4S8
31792,Ni0.6Ga5.4S8
31793,Ru0.6Ga5.4S8
31794,Pd0.6Ga5.4S8
31795,Ag0.6Ga5.4S8
31796,Pt0.6Ga5.4S8
31797,Mn0.6In5.4S8
31798,Fe0.6In5.4S8
31799,Co0.6In5.4S8
31800,Ni0.6In5.4S8
31801,Ru0.6In5.4S8
31802,Pd0.6In5.4S8
31803,Ag0.6In5.4S8
31804,Pt0.6In5.4S8
31805,Mn0.6Sn5.4S8
31806,Fe0.6Sn5.4S8
31807,Co0.6Sn5.4S8
31808,Ni0.6Sn5.4S8
31809,Ru0.6Sn5.4S8
31810,Pd0.6Sn5.4S8
31811,Ag0.6Sn5.4S8
31812,Pt0.6Sn5.4S8
31813,Mn0.6Pb5.4S8
31814,Fe0.6Pb5.4S8
31815,Co0.6Pb5.4S8
31816,Ni0.6Pb5.4S8
31817,Ru0.6Pb5.4S8
31818,Pd0.6Pb5.4S8
31819,Ag0.6Pb5.4S8
31820,Pt0.6Pb5.4S8
31821,Mn0.6Bi5.4S8
31822,Fe0.6Bi5.4S8
31823,Co0.6Bi5.4S8
31824,Ni0.6Bi5.4S8
31825,Ru0.6Bi5.4S8
31826,Pd0.6Bi5.4S8
31827,Ag0.6Bi5.4S8
31828,Pt0.6Bi5.4S8
31829,Mn0.2Sc0.8N
31830,Fe0.2Sc0.8N
31831,Co0.2Sc0.8N
31832,Ni0.2Sc0.8N
31833,Ru0.2Sc0.8N
31834,Pd0.2Sc0.8N
31835,Ag0.2Sc0.8N
31836,Pt0.2Sc0.8N
31837,Mn0.2Ti0.8N
31838,Fe0.2Ti0.8N
31839,Co0.2Ti0.8N
31840,Ni0.2Ti0.8N
31841,Ru0.2Ti0.8N
31842,Pd0.2Ti0.8N
31843,Ag0.2Ti0.8N
31844,Pt0.2Ti0.8N
31845,Mn0.2V0.8N
31846,Fe0.2V0.8N
31847,Co0.2V0.8N
31848,Ni0.2V0.8N
31849,Ru0.2V0.8N
31850,Pd0.2V0.8N
31851,Ag0.2V0.8N
31852,Pt0.2V0.8N
31853,Mn0.2Cr0.8N
31854,Fe0.2Cr0.8N
31855,Co0.2Cr0.8N
31856,Ni0.2Cr0.8N
31857,Ru0.2Cr0.8N
31858,Pd0.2Cr0.8N
31859,Ag0.2Cr0.8N
31860,Pt0.2Cr0.8N
31861,Fe0.2Mn0.8N
31862,Co0.2Mn0.8N
31863,Ni0.2Mn0.8N
31864,Ru0.2Mn0.8N
31865,Pd0.2Mn0.8N
31866,Ag0.2Mn0.8N
31867,Pt0.2Mn0.8N
31868,Mn0.2Fe0.8N
31869,Co0.2Fe0.8N
31870,Ni0.2Fe0.8N
31871,Ru0.2Fe0.8N
31872,Pd0.2Fe0.8N
31873,Ag0.2Fe0.8N
31874,Pt0.2Fe0.8N
31875,Mn0.2Co0.8N
31876,Fe0.2Co0.8N
31877,Ni0.2Co0.8N
31878,Ru0.2Co0.8N
31879,Pd0.2Co0.8N
31880,Ag0.2Co0.8N
31881,Pt0.2Co0.8N
31882,Mn0.2Ni0.8N
31883,Fe0.2Ni0.8N
31884,Co0.2Ni0.8N
31885,Ru0.2Ni0.8N
31886,Pd0.2Ni0.8N
31887,Ag0.2Ni0.8N
31888,Pt0.2Ni0.8N
31889,Mn0.2Cu0.8N
31890,Fe0.2Cu0.8N
31891,Co0.2Cu0.8N
31892,Ni0.2Cu0.8N
31893,Ru0.2Cu0.8N
31894,Pd0.2Cu0.8N
31895,Ag0.2Cu0.8N
31896,Pt0.2Cu0.8N
31897,Mn0.2Zn0.8N
31898,Fe0.2Zn0.8N
31899,Co0.2Zn0.8N
31900,Ni0.2Zn0.8N
31901,Ru0.2Zn0.8N
31902,Pd0.2Zn0.8N
31903,Ag0.2Zn0.8N
31904,Pt0.2Zn0.8N
31905,Mn0.2Y0.8N
31906,Fe0.2Y0.8N
31907,Co0.2Y0.8N
31908,Ni0.2Y0.8N
31909,Ru0.2Y0.8N
31910,Pd0.2Y0.8N
31911,Ag0.2Y0.8N
31912,Pt0.2Y0.8N
31913,Mn0.2Zr0.8N
31914,Fe0.2Zr0.8N
31915,Co0.2Zr0.8N
31916,Ni0.2Zr0.8N
31917,Ru0.2Zr0.8N
31918,Pd0.2Zr0.8N
31919,Ag0.2Zr0.8N
31920,Pt0.2Zr0.8N
31921,Mn0.2Nb0.8N
31922,Fe0.2Nb0.8N
31923,Co0.2Nb0.8N
31924,Ni0.2Nb0.8N
31925,Ru0.2Nb0.8N
31926,Pd0.2Nb0.8N
31927,Ag0.2Nb0.8N
31928,Pt0.2Nb0.8N
31929,Mn0.2Mo0.8N
31930,Fe0.2Mo0.8N
31931,Co0.2Mo0.8N
31932,Ni0.2Mo0.8N
31933,Ru0.2Mo0.8N
31934,Pd0.2Mo0.8N
31935,Ag0.2Mo0.8N
31936,Pt0.2Mo0.8N
31937,Mn0.2Ru0.8N
31938,Fe0.2Ru0.8N
31939,Co0.2Ru0.8N
31940,Ni0.2Ru0.8N
31941,Pd0.2Ru0.8N
31942,Ag0.2Ru0.8N
31943,Pt0.2Ru0.8N
31944,Mn0.2Rh0.8N
31945,Fe0.2Rh0.8N
31946,Co0.2Rh0.8N
31947,Ni0.2Rh0.8N
31948,Ru0.2Rh0.8N
31949,Pd0.2Rh0.8N
31950,Ag0.2Rh0.8N
31951,Pt0.2Rh0.8N
31952,Mn0.2Pd0.8N
31953,Fe0.2Pd0.8N
31954,Co0.2Pd0.8N
31955,Ni0.2Pd0.8N
31956,Ru0.2Pd0.8N
31957,Ag0.2Pd0.8N
31958,Pt0.2Pd0.8N
31959,Mn0.2Ag0.8N
31960,Fe0.2Ag0.8N
31961,Co0.2Ag0.8N
31962,Ni0.2Ag0.8N
31963,Ru0.2Ag0.8N
31964,Pd0.2Ag0.8N
31965,Pt0.2Ag0.8N
31966,Mn0.2Cd0.8N
31967,Fe0.2Cd0.8N
31968,Co0.2Cd0.8N
31969,Ni0.2Cd0.8N
31970,Ru0.2Cd0.8N
31971,Pd0.2Cd0.8N
31972,Ag0.2Cd0.8N
31973,Pt0.2Cd0.8N
31974,Mn0.2Hf0.8N
31975,Fe0.2Hf0.8N
31976,Co0.2Hf0.8N
31977,Ni0.2Hf0.8N
31978,Ru0.2Hf0.8N
31979,Pd0.2Hf0.8N
31980,Ag0.2Hf0.8N
31981,Pt0.2Hf0.8N
31982,Mn0.2Ta0.8N
31983,Fe0.2Ta0.8N
31984,Co0.2Ta0.8N
31985,Ni0.2Ta0.8N
31986,Ru0.2Ta0.8N
31987,Pd0.2Ta0.8N
31988,Ag0.2Ta0.8N
31989,Pt0.2Ta0.8N
31990,Mn0.2W0.8N
31991,Fe0.2W0.8N
31992,Co0.2W0.8N
31993,Ni0.2W0.8N
31994,Ru0.2W0.8N
31995,Pd0.2W0.8N
31996,Ag0.2W0.8N
31997,Pt0.2W0.8N
31998,Mn0.2Re0.8N
31999,Fe0.2Re0.8N
32000,Co0.2Re0.8N
32001,Ni0.2Re0.8N
32002,Ru0.2Re0.8N
32003,Pd0.2Re0.8N
32004,Ag0.2Re0.8N
32005,Pt0.2Re0.8N
32006,Mn0.2Os0.8N
32007,Fe0.2Os0.8N
32008,Co0.2Os0.8N
32009,Ni0.2Os0.8N
32010,Ru0.2Os0.8N
32011,Pd0.2Os0.8N
32012,Ag0.2Os0.8N
32013,Pt0.2Os0.8N
32014,Mn0.2Ir0.8N
32015,Fe0.2Ir0.8N
32016,Co0.2Ir0.8N
32017,Ni0.2Ir0.8N
32018,Ru0.2Ir0.8N
32019,Pd0.2Ir0.8N
32020,Ag0.2Ir0.8N
32021,Pt0.2Ir0.8N
32022,Mn0.2Pt0.8N
32023,Fe0.2Pt0.8N
32024,Co0.2Pt0.8N
32025,Ni0.2Pt0.8N
32026,Ru0.2Pt0.8N
32027,Pd0.2Pt0.8N
32028,Ag0.2Pt0.8N
32029,Mn0.2Au0.8N
32030,Fe0.2Au0.8N
32031,Co0.2Au0.8N
32032,Ni0.2Au0.8N
32033,Ru0.2Au0.8N
32034,Pd0.2Au0.8N
32035,Ag0.2Au0.8N
32036,Pt0.2Au0.8N
32037,Mn0.2La0.8N
32038,Fe0.2La0.8N
32039,Co0.2La0.8N
32040,Ni0.2La0.8N
32041,Ru0.2La0.8N
32042,Pd0.2La0.8N
32043,Ag0.2La0.8N
32044,Pt0.2La0.8N
32045,Mn0.2Ce0.8N
32046,Fe0.2Ce0.8N
32047,Co0.2Ce0.8N
32048,Ni0.2Ce0.8N
32049,Ru0.2Ce0.8N
32050,Pd0.2Ce0.8N
32051,Ag0.2Ce0.8N
32052,Pt0.2Ce0.8N
32053,Mn0.2Al0.8N
32054,Fe0.2Al0.8N
32055,Co0.2Al0.8N
32056,Ni0.2Al0.8N
32057,Ru0.2Al0.8N
32058,Pd0.2Al0.8N
32059,Ag0.2Al0.8N
32060,Pt0.2Al0.8N
32061,Mn0.2Ga0.8N
32062,Fe0.2Ga0.8N
32063,Co0.2Ga0.8N
32064,Ni0.2Ga0.8N
32065,Ru0.2Ga0.8N
32066,Pd0.2Ga0.8N
32067,Ag0.2Ga0.8N
32068,Pt0.2Ga0.8N
32069,Mn0.2In0.8N
32070,Fe0.2In0.8N
32071,Co0.2In0.8N
32072,Ni0.2In0.8N
32073,Ru0.2In0.8N
32074,Pd0.2In0.8N
32075,Ag0.2In0.8N
32076,Pt0.2In0.8N
32077,Mn0.2Sn0.8N
32078,Fe0.2Sn0.8N
32079,Co0.2Sn0.8N
32080,Ni0.2Sn0.8N
32081,Ru0.2Sn0.8N
32082,Pd0.2Sn0.8N
32083,Ag0.2Sn0.8N
32084,Pt0.2Sn0.8N
32085,Mn0.2Pb0.8N
32086,Fe0.2Pb0.8N
32087,Co0.2Pb0.8N
32088,Ni0.2Pb0.8N
32089,Ru0.2Pb0.8N
32090,Pd0.2Pb0.8N
32091,Ag0.2Pb0.8N
32092,Pt0.2Pb0.8N
32093,Mn0.2Bi0.8N
32094,Fe0.2Bi0.8N
32095,Co0.2Bi0.8N
32096,Ni0.2Bi0.8N
32097,Ru0.2Bi0.8N
32098,Pd0.2Bi0.8N
32099,Ag0.2Bi0.8N
32100,Pt0.2Bi0.8N
32101,Mn0.4Sc1.6N
32102,Fe0.4Sc1.6N
32103,Co0.4Sc1.6N
32104,Ni0.4Sc1.6N
32105,Ru0.4Sc1.6N
32106,Pd0.4Sc1.6N
32107,Ag0.4Sc1.6N
32108,Pt0.4Sc1.6N
32109,Mn0.4Ti1.6N
32110,Fe0.4Ti1.6N
32111,Co0.4Ti1.6N
32112,Ni0.4Ti1.6N
32113,Ru0.4Ti1.6N
32114,Pd0.4Ti1.6N
32115,Ag0.4Ti1.6N
32116,Pt0.4Ti1.6N
32117,Mn0.4V1.6N
32118,Fe0.4V1.6N
32119,Co0.4V1.6N
32120,Ni0.4V1.6N
32121,Ru0.4V1.6N
32122,Pd0.4V1.6N
32123,Ag0.4V1.6N
32124,Pt0.4V1.6N
32125,Mn0.4Cr1.6N
32126,Fe0.4Cr1.6N
32127,Co0.4Cr1.6N
32128,Ni0.4Cr1.6N
32129,Ru0.4Cr1.6N
32130,Pd0.4Cr1.6N
32131,Ag0.4Cr1.6N
32132,Pt0.4Cr1.6N
32133,Fe0.4Mn1.6N
32134,Co0.4Mn1.6N
32135,Ni0.4Mn1.6N
32136,Ru0.4Mn1.6N
32137,Pd0.4Mn1.6N
32138,Ag0.4Mn1.6N
32139,Pt0.4Mn1.6N
32140,Mn0.4Fe1.6N
32141,Co0.4Fe1.6N
32142,Ni0.4Fe1.6N
32143,Ru0.4Fe1.6N
32144,Pd0.4Fe1.6N
32145,Ag0.4Fe1.6N
32146,Pt0.4Fe1.6N
32147,Mn0.4Co1.6N
32148,Fe0.4Co1.6N
32149,Ni0.4Co1.6N
32150,Ru0.4Co1.6N
32151,Pd0.4Co1.6N
32152,Ag0.4Co1.6N
32153,Pt0.4Co1.6N
32154,Mn0.4Ni1.6N
32155,Fe0.4Ni1.6N
32156,Co0.4Ni1.6N
32157,Ru0.4Ni1.6N
32158,Pd0.4Ni1.6N
32159,Ag0.4Ni1.6N
32160,Pt0.4Ni1.6N
32161,Mn0.4Cu1.6N
32162,Fe0.4Cu1.6N
32163,Co0.4Cu1.6N
32164,Ni0.4Cu1.6N
32165,Ru0.4Cu1.6N
32166,Pd0.4Cu1.6N
32167,Ag0.4Cu1.6N
32168,Pt0.4Cu1.6N
32169,Mn0.4Zn1.6N
32170,Fe0.4Zn1.6N
32171,Co0.4Zn1.6N
32172,Ni0.4Zn1.6N
32173,Ru0.4Zn1.6N
32174,Pd0.4Zn1.6N
32175,Ag0.4Zn1.6N
32176,Pt0.4Zn1.6N
32177,Mn0.4Y1.6N
32178,Fe0.4Y1.6N
32179,Co0.4Y1.6N
32180,Ni0.4Y1.6N
32181,Ru0.4Y1.6N
32182,Pd0.4Y1.6N
32183,Ag0.4Y1.6N
32184,Pt0.4Y1.6N
32185,Mn0.4Zr1.6N
32186,Fe0.4Zr1.6N
32187,Co0.4Zr1.6N
32188,Ni0.4Zr1.6N
32189,Ru0.4Zr1.6N
32190,Pd0.4Zr1.6N
32191,Ag0.4Zr1.6N
32192,Pt0.4Zr1.6N
32193,Mn0.4Nb1.6N
32194,Fe0.4Nb1.6N
32195,Co0.4Nb1.6N
32196,Ni0.4Nb1.6N
32197,Ru0.4Nb1.6N
32198,Pd0.4Nb1.6N
32199,Ag0.4Nb1.6N
32200,Pt0.4Nb1.6N
32201,Mn0.4Mo1.6N
32202,Fe0.4Mo1.6N
32203,Co0.4Mo1.6N
32204,Ni0.4Mo1.6N
32205,Ru0.4Mo1.6N
32206,Pd0.4Mo1.6N
32207,Ag0.4Mo1.6N
32208,Pt0.4Mo1.6N
32209,Mn0.4Ru1.6N
32210,Fe0.4Ru1.6N
32211,Co0.4Ru1.6N
32212,Ni0.4Ru1.6N
32213,Pd0.4Ru1.6N
32214,Ag0.4Ru1.6N
32215,Pt0.4Ru1.6N
32216,Mn0.4Rh1.6N
32217,Fe0.4Rh1.6N
32218,Co0.4Rh1.6N
32219,Ni0.4Rh1.6N
32220,Ru0.4Rh1.6N
32221,Pd0.4Rh1.6N
32222,Ag0.4Rh1.6N
32223,Pt0.4Rh1.6N
32224,Mn0.4Pd1.6N
32225,Fe0.4Pd1.6N
32226,Co0.4Pd1.6N
32227,Ni0.4Pd1.6N
32228,Ru0.4Pd1.6N
32229,Ag0.4Pd1.6N
32230,Pt0.4Pd1.6N
32231,Mn0.4Ag1.6N
32232,Fe0.4Ag1.6N
32233,Co0.4Ag1.6N
32234,Ni0.4Ag1.6N
32235,Ru0.4Ag1.6N
32236,Pd0.4Ag1.6N
32237,Pt0.4Ag1.6N
32238,Mn0.4Cd1.6N
32239,Fe0.4Cd1.6N
32240,Co0.4Cd1.6N
32241,Ni0.4Cd1.6N
32242,Ru0.4Cd1.6N
32243,Pd0.4Cd1.6N
32244,Ag0.4Cd1.6N
32245,Pt0.4Cd1.6N
32246,Mn0.4Hf1.6N
32247,Fe0.4Hf1.6N
32248,Co0.4Hf1.6N
32249,Ni0.4Hf1.6N
32250,Ru0.4Hf1.6N
32251,Pd0.4Hf1.6N
32252,Ag0.4Hf1.6N
32253,Pt0.4Hf1.6N
32254,Mn0.4Ta1.6N
32255,Fe0.4Ta1.6N
32256,Co0.4Ta1.6N
32257,Ni0.4Ta1.6N
32258,Ru0.4Ta1.6N
32259,Pd0.4Ta1.6N
32260,Ag0.4Ta1.6N
32261,Pt0.4Ta1.6N
32262,Mn0.4W1.6N
32263,Fe0.4W1.6N
32264,Co0.4W1.6N
32265,Ni0.4W1.6N
32266,Ru0.4W1.6N
32267,Pd0.4W1.6N
32268,Ag0.4W1.6N
32269,Pt0.4W1.6N
32270,Mn0.4Re1.6N
32271,Fe0.4Re1.6N
32272,Co0.4Re1.6N
32273,Ni0.4Re1.6N
32274,Ru0.4Re1.6N
32275,Pd0.4Re1.6N
32276,Ag0.4Re1.6N
32277,Pt0.4Re1.6N
32278,Mn0.4Os1.6N
32279,Fe0.4Os1.6N
32280,Co0.4Os1.6N
32281,Ni0.4Os1.6N
32282,Ru0.4Os1.6N
32283,Pd0.4Os1.6N
32284,Ag0.4Os1.6N
32285,Pt0.4Os1.6N
32286,Mn0.4Ir1.6N
32287,Fe0.4Ir1.6N
32288,Co0.4Ir1.6N
32289,Ni0.4Ir1.6N
32290,Ru0.4Ir1.6N
32291,Pd0.4Ir1.6N
32292,Ag0.4Ir1.6N
32293,Pt0.4Ir1.6N
32294,Mn0.4Pt1.6N
32295,Fe0.4Pt1.6N
32296,Co0.4Pt1.6N
32297,Ni0.4Pt1.6N
32298,Ru0.4Pt1.6N
32299,Pd0.4Pt1.6N
32300,Ag0.4Pt1.6N
32301,Mn0.4Au1.6N
32302,Fe0.4Au1.6N
32303,Co0.4Au1.6N
32304,Ni0.4Au1.6N
32305,Ru0.4Au1.6N
32306,Pd0.4Au1.6N
32307,Ag0.4Au1.6N
32308,Pt0.4Au1.6N
32309,Mn0.4La1.6N
32310,Fe0.4La1.6N
32311,Co0.4La1.6N
32312,Ni0.4La1.6N
32313,Ru0.4La1.6N
32314,Pd0.4La1.6N
32315,Ag0.4La1.6N
32316,Pt0.4La1.6N
32317,Mn0.4Ce1.6N
32318,Fe0.4Ce1.6N
32319,Co0.4Ce1.6N
32320,Ni0.4Ce1.6N
32321,Ru0.4Ce1.6N
32322,Pd0.4Ce1.6N
32323,Ag0.4Ce1.6N
32324,Pt0.4Ce1.6N
32325,Mn0.4Al1.6N
32326,Fe0.4Al1.6N
32327,Co0.4Al1.6N
32328,Ni0.4Al1.6N
32329,Ru0.4Al1.6N
32330,Pd0.4Al1.6N
32331,Ag0.4Al1.6N
32332,Pt0.4Al1.6N
32333,Mn0.4Ga1.6N
32334,Fe0.4Ga1.6N
32335,Co0.4Ga1.6N
32336,Ni0.4Ga1.6N
32337,Ru0.4Ga1.6N
32338,Pd0.4Ga1.6N
32339,Ag0.4Ga1.6N
32340,Pt0.4Ga1.6N
32341,Mn0.4In1.6N
32342,Fe0.4In1.6N
32343,Co0.4In1.6N
32344,Ni0.4In1.6N
32345,Ru0.4In1.6N
32346,Pd0.4In1.6N
32347,Ag0.4In1.6N
32348,Pt0.4In1.6N
32349,Mn0.4Sn1.6N
32350,Fe0.4Sn1.6N
32351,Co0.4Sn1.6N
32352,Ni0.4Sn1.6N
32353,Ru0.4Sn1.6N
32354,Pd0.4Sn1.6N
32355,Ag0.4Sn1.6N
32356,Pt0.4Sn1.6N
32357,Mn0.4Pb1.6N
32358,Fe0.4Pb1.6N
32359,Co0.4Pb1.6N
32360,Ni0.4Pb1.6N
32361,Ru0.4Pb1.6N
32362,Pd0.4Pb1.6N
32363,Ag0.4Pb1.6N
32364,Pt0.4Pb1.6N
32365,Mn0.4Bi1.6N
32366,Fe0.4Bi1.6N
32367,Co0.4Bi1.6N
32368,Ni0.4Bi1.6N
32369,Ru0.4Bi1.6N
32370,Pd0.4Bi1.6N
32371,Ag0.4Bi1.6N
32372,Pt0.4Bi1.6N
32373,Mn0.6Sc2.4N2
32374,Fe0.6Sc2.4N2
32375,Co0.6Sc2.4N2
32376,Ni0.6Sc2.4N2
32377,Ru0.6Sc2.4N2
32378,Pd0.6Sc2.4N2
32379,Ag0.6Sc2.4N2
32380,Pt0.6Sc2.4N2
32381,Mn0.6Ti2.4N2
32382,Fe0.6Ti2.4N2
32383,Co0.6Ti2.4N2
32384,Ni0.6Ti2.4N2
32385,Ru0.6Ti2.4N2
32386,Pd0.6Ti2.4N2
32387,Ag0.6Ti2.4N2
32388,Pt0.6Ti2.4N2
32389,Mn0.6V2.4N2
32390,Fe0.6V2.4N2
32391,Co0.6V2.4N2
32392,Ni0.6V2.4N2
32393,Ru0.6V2.4N2
32394,Pd0.6V2.4N2
32395,Ag0.6V2.4N2
32396,Pt0.6V2.4N2
32397,Mn0.6Cr2.4N2
32398,Fe0.6Cr2.4N2
32399,Co0.6Cr2.4N2
32400,Ni0.6Cr2.4N2
32401,Ru0.6Cr2.4N2
32402,Pd0.6Cr2.4N2
32403,Ag0.6Cr2.4N2
32404,Pt0.6Cr2.4N2
32405,Fe0.6Mn2.4N2
32406,Co0.6Mn2.4N2
32407,Ni0.6Mn2.4N2
32408,Ru0.6Mn2.4N2
32409,Pd0.6Mn2.4N2
32410,Ag0.6Mn2.4N2
32411,Pt0.6Mn2.4N2
32412,Mn0.6Fe2.4N2
32413,Co0.6Fe2.4N2
32414,Ni0.6Fe2.4N2
32415,Ru0.6Fe2.4N2
32416,Pd0.6Fe2.4N2
32417,Ag0.6Fe2.4N2
32418,Pt0.6Fe2.4N2
32419,Mn0.6Co2.4N2
32420,Fe0.6Co2.4N2
32421,Ni0.6Co2.4N2
32422,Ru0.6Co2.4N2
32423,Pd0.6Co2.4N2
32424,Ag0.6Co2.4N2
32425,Pt0.6Co2.4N2
32426,Mn0.6Ni2.4N2
32427,Fe0.6Ni2.4N2
32428,Co0.6Ni2.4N2
32429,Ru0.6Ni2.4N2
32430,Pd0.6Ni2.4N2
32431,Ag0.6Ni2.4N2
32432,Pt0.6Ni2.4N2
32433,Mn0.6Cu2.4N2
32434,Fe0.6Cu2.4N2
32435,Co0.6Cu2.4N2
32436,Ni0.6Cu2.4N2
32437,Ru0.6Cu2.4N2
32438,Pd0.6Cu2.4N2
32439,Ag0.6Cu2.4N2
32440,Pt0.6Cu2.4N2
32441,Mn0.6Zn2.4N2
32442,Fe0.6Zn2.4N2
32443,Co0.6Zn2.4N2
32444,Ni0.6Zn2.4N2
32445,Ru0.6Zn2.4N2
32446,Pd0.6Zn2.4N2
32447,Ag0.6Zn2.4N2
32448,Pt0.6Zn2.4N2
32449,Mn0.6Y2.4N2
32450,Fe0.6Y2.4N2
32451,Co0.6Y2.4N2
32452,Ni0.6Y2.4N2
32453,Ru0.6Y2.4N2
32454,Pd0.6Y2.4N2
32455,Ag0.6Y2.4N2
32456,Pt0.6Y2.4N2
32457,Mn0.6Zr2.4N2
32458,Fe0.6Zr2.4N2
32459,Co0.6Zr2.4N2
32460,Ni0.6Zr2.4N2
32461,Ru0.6Zr2.4N2
32462,Pd0.6Zr2.4N2
32463,Ag0.6Zr2.4N2
32464,Pt0.6Zr2.4N2
32465,Mn0.6Nb2.4N2
32466,Fe0.6Nb2.4N2
32467,Co0.6Nb2.4N2
32468,Ni0.6Nb2.4N2
32469,Ru0.6Nb2.4N2
32470,Pd0.6Nb2.4N2
32471,Ag0.6Nb2.4N2
32472,Pt0.6Nb2.4N2
32473,Mn0.6Mo2.4N2
32474,Fe0.6Mo2.4N2
32475,Co0.6Mo2.4N2
32476,Ni0.6Mo2.4N2
32477,Ru0.6Mo2.4N2
32478,Pd0.6Mo2.4N2
32479,Ag0.6Mo2.4N2
32480,Pt0.6Mo2.4N2
32481,Mn0.6Ru2.4N2
32482,Fe0.6Ru2.4N2
32483,Co0.6Ru2.4N2
32484,Ni0.6Ru2.4N2
32485,Pd0.6Ru2.4N2
32486,Ag0.6Ru2.4N2
32487,Pt0.6Ru2.4N2
32488,Mn0.6Rh2.4N2
32489,Fe0.6Rh2.4N2
32490,Co0.6Rh2.4N2
32491,Ni0.6Rh2.4N2
32492,Ru0.6Rh2.4N2
32493,Pd0.6Rh2.4N2
32494,Ag0.6Rh2.4N2
32495,Pt0.6Rh2.4N2
32496,Mn0.6Pd2.4N2
32497,Fe0.6Pd2.4N2
32498,Co0.6Pd2.4N2
32499,Ni0.6Pd2.4N2
32500,Ru0.6Pd2.4N2
32501,Ag0.6Pd2.4N2
32502,Pt0.6Pd2.4N2
32503,Mn0.6Ag2.4N2
32504,Fe0.6Ag2.4N2
32505,Co0.6Ag2.4N2
32506,Ni0.6Ag2.4N2
32507,Ru0.6Ag2.4N2
32508,Pd0.6Ag2.4N2
32509,Pt0.6Ag2.4N2
32510,Mn0.6Cd2.4N2
32511,Fe0.6Cd2.4N2
32512,Co0.6Cd2.4N2
32513,Ni0.6Cd2.4N2
32514,Ru0.6Cd2.4N2
32515,Pd0.6Cd2.4N2
32516,Ag0.6Cd2.4N2
32517,Pt0.6Cd2.4N2
32518,Mn0.6Hf2.4N2
32519,Fe0.6Hf2.4N2
32520,Co0.6Hf2.4N2
32521,Ni0.6Hf2.4N2
32522,Ru0.6Hf2.4N2
32523,Pd0.6Hf2.4N2
32524,Ag0.6Hf2.4N2
32525,Pt0.6Hf2.4N2
32526,Mn0.6Ta2.4N2
32527,Fe0.6Ta2.4N2
32528,Co0.6Ta2.4N2
32529,Ni0.6Ta2.4N2
32530,Ru0.6Ta2.4N2
32531,Pd0.6Ta2.4N2
32532,Ag0.6Ta2.4N2
32533,Pt0.6Ta2.4N2
32534,Mn0.6W2.4N2
32535,Fe0.6W2.4N2
32536,Co0.6W2.4N2
32537,Ni0.6W2.4N2
32538,Ru0.6W2.4N2
32539,Pd0.6W2.4N2
32540,Ag0.6W2.4N2
32541,Pt0.6W2.4N2
32542,Mn0.6Re2.4N2
32543,Fe0.6Re2.4N2
32544,Co0.6Re2.4N2
32545,Ni0.6Re2.4N2
32546,Ru0.6Re2.4N2
32547,Pd0.6Re2.4N2
32548,Ag0.6Re2.4N2
32549,Pt0.6Re2.4N2
32550,Mn0.6Os2.4N2
32551,Fe0.6Os2.4N2
32552,Co0.6Os2.4N2
32553,Ni0.6Os2.4N2
32554,Ru0.6Os2.4N2
32555,Pd0.6Os2.4N2
32556,Ag0.6Os2.4N2
32557,Pt0.6Os2.4N2
32558,Mn0.6Ir2.4N2
32559,Fe0.6Ir2.4N2
32560,Co0.6Ir2.4N2
32561,Ni0.6Ir2.4N2
32562,Ru0.6Ir2.4N2
32563,Pd0.6Ir2.4N2
32564,Ag0.6Ir2.4N2
32565,Pt0.6Ir2.4N2
32566,Mn0.6Pt2.4N2
32567,Fe0.6Pt2.4N2
32568,Co0.6Pt2.4N2
32569,Ni0.6Pt2.4N2
32570,Ru0.6Pt2.4N2
32571,Pd0.6Pt2.4N2
32572,Ag0.6Pt2.4N2
32573,Mn0.6Au2.4N2
32574,Fe0.6Au2.4N2
32575,Co0.6Au2.4N2
32576,Ni0.6Au2.4N2
32577,Ru0.6Au2.4N2
32578,Pd0.6Au2.4N2
32579,Ag0.6Au2.4N2
32580,Pt0.6Au2.4N2
32581,Mn0.6La2.4N2
32582,Fe0.6La2.4N2
32583,Co0.6La2.4N2
32584,Ni0.6La2.4N2
32585,Ru0.6La2.4N2
32586,Pd0.6La2.4N2
32587,Ag0.6La2.4N2
32588,Pt0.6La2.4N2
32589,Mn0.6Ce2.4N2
32590,Fe0.6Ce2.4N2
32591,Co0.6Ce2.4N2
32592,Ni0.6Ce2.4N2
32593,Ru0.6Ce2.4N2
32594,Pd0.6Ce2.4N2
32595,Ag0.6Ce2.4N2
32596,Pt0.6Ce2.4N2
32597,Mn0.6Al2.4N2
32598,Fe0.6Al2.4N2
32599,Co0.6Al2.4N2
32600,Ni0.6Al2.4N2
32601,Ru0.6Al2.4N2
32602,Pd0.6Al2.4N2
32603,Ag0.6Al2.4N2
32604,Pt0.6Al2.4N2
32605,Mn0.6Ga2.4N2
32606,Fe0.6Ga2.4N2
32607,Co0.6Ga2.4N2
32608,Ni0.6Ga2.4N2
32609,Ru0.6Ga2.4N2
32610,Pd0.6Ga2.4N2
32611,Ag0.6Ga2.4N2
32612,Pt0.6Ga2.4N2
32613,Mn0.6In2.4N2
32614,Fe0.6In2.4N2
32615,Co0.6In2.4N2
32616,Ni0.6In2.4N2
32617,Ru0.6In2.4N2
32618,Pd0.6In2.4N2
32619,Ag0.6In2.4N2
32620,Pt0.6In2.4N2
32621,Mn0.6Sn2.4N2
32622,Fe0.6Sn2.4N2
32623,Co0.6Sn2.4N2
32624,Ni0.6Sn2.4N2
32625,Ru0.6Sn2.4N2
32626,Pd0.6Sn2.4N2
32627,Ag0.6Sn2.4N2
32628,Pt0.6Sn2.4N2
32629,Mn0.6Pb2.4N2
32630,Fe0.6Pb2.4N2
32631,Co0.6Pb2.4N2
32632,Ni0.6Pb2.4N2
32633,Ru0.6Pb2.4N2
32634,Pd0.6Pb2.4N2
32635,Ag0.6Pb2.4N2
32636,Pt0.6Pb2.4N2
32637,Mn0.6Bi2.4N2
32638,Fe0.6Bi2.4N2
32639,Co0.6Bi2.4N2
32640,Ni0.6Bi2.4N2
32641,Ru0.6Bi2.4N2
32642,Pd0.6Bi2.4N2
32643,Ag0.6Bi2.4N2
32644,Pt0.6Bi2.4N2
32645,Mn0.8Sc3.2N
32646,Fe0.8Sc3.2N
32647,Co0.8Sc3.2N
32648,Ni0.8Sc3.2N
32649,Ru0.8Sc3.2N
32650,Pd0.8Sc3.2N
32651,Ag0.8Sc3.2N
32652,Pt0.8Sc3.2N
32653,Mn0.8Ti3.2N
32654,Fe0.8Ti3.2N
32655,Co0.8Ti3.2N
32656,Ni0.8Ti3.2N
32657,Ru0.8Ti3.2N
32658,Pd0.8Ti3.2N
32659,Ag0.8Ti3.2N
32660,Pt0.8Ti3.2N
32661,Mn0.8V3.2N
32662,Fe0.8V3.2N
32663,Co0.8V3.2N
32664,Ni0.8V3.2N
32665,Ru0.8V3.2N
32666,Pd0.8V3.2N
32667,Ag0.8V3.2N
32668,Pt0.8V3.2N
32669,Mn0.8Cr3.2N
32670,Fe0.8Cr3.2N
32671,Co0.8Cr3.2N
32672,Ni0.8Cr3.2N
32673,Ru0.8Cr3.2N
32674,Pd0.8Cr3.2N
32675,Ag0.8Cr3.2N
32676,Pt0.8Cr3.2N
32677,Fe0.8Mn3.2N
32678,Co0.8Mn3.2N
32679,Ni0.8Mn3.2N
32680,Ru0.8Mn3.2N
32681,Pd0.8Mn3.2N
32682,Ag0.8Mn3.2N
32683,Pt0.8Mn3.2N
32684,Mn0.8Fe3.2N
32685,Co0.8Fe3.2N
32686,Ni0.8Fe3.2N
32687,Ru0.8Fe3.2N
32688,Pd0.8Fe3.2N
32689,Ag0.8Fe3.2N
32690,Pt0.8Fe3.2N
32691,Mn0.8Co3.2N
32692,Fe0.8Co3.2N
32693,Ni0.8Co3.2N
32694,Ru0.8Co3.2N
32695,Pd0.8Co3.2N
32696,Ag0.8Co3.2N
32697,Pt0.8Co3.2N
32698,Mn0.8Ni3.2N
32699,Fe0.8Ni3.2N
32700,Co0.8Ni3.2N
32701,Ru0.8Ni3.2N
32702,Pd0.8Ni3.2N
32703,Ag0.8Ni3.2N
32704,Pt0.8Ni3.2N
32705,Mn0.8Cu3.2N
32706,Fe0.8Cu3.2N
32707,Co0.8Cu3.2N
32708,Ni0.8Cu3.2N
32709,Ru0.8Cu3.2N
32710,Pd0.8Cu3.2N
32711,Ag0.8Cu3.2N
32712,Pt0.8Cu3.2N
32713,Mn0.8Zn3.2N
32714,Fe0.8Zn3.2N
32715,Co0.8Zn3.2N
32716,Ni0.8Zn3.2N
32717,Ru0.8Zn3.2N
32718,Pd0.8Zn3.2N
32719,Ag0.8Zn3.2N
32720,Pt0.8Zn3.2N
32721,Mn0.8Y3.2N
32722,Fe0.8Y3.2N
32723,Co0.8Y3.2N
32724,Ni0.8Y3.2N
32725,Ru0.8Y3.2N
32726,Pd0.8Y3.2N
32727,Ag0.8Y3.2N
32728,Pt0.8Y3.2N
32729,Mn0.8Zr3.2N
32730,Fe0.8Zr3.2N
32731,Co0.8Zr3.2N
32732,Ni0.8Zr3.2N
32733,Ru0.8Zr3.2N
32734,Pd0.8Zr3.2N
32735,Ag0.8Zr3.2N
32736,Pt0.8Zr3.2N
32737,Mn0.8Nb3.2N
32738,Fe0.8Nb3.2N
32739,Co0.8Nb3.2N
32740,Ni0.8Nb3.2N
32741,Ru0.8Nb3.2N
32742,Pd0.8Nb3.2N
32743,Ag0.8Nb3.2N
32744,Pt0.8Nb3.2N
32745,Mn0.8Mo3.2N
32746,Fe0.8Mo3.2N
32747,Co0.8Mo3.2N
32748,Ni0.8Mo3.2N
32749,Ru0.8Mo3.2N
32750,Pd0.8Mo3.2N
32751,Ag0.8Mo3.2N
32752,Pt0.8Mo3.2N
32753,Mn0.8Ru3.2N
32754,Fe0.8Ru3.2N
32755,Co0.8Ru3.2N
32756,Ni0.8Ru3.2N
32757,Pd0.8Ru3.2N
32758,Ag0.8Ru3.2N
32759,Pt0.8Ru3.2N
32760,Mn0.8Rh3.2N
32761,Fe0.8Rh3.2N
32762,Co0.8Rh3.2N
32763,Ni0.8Rh3.2N
32764,Ru0.8Rh3.2N
32765,Pd0.8Rh3.2N
32766,Ag0.8Rh3.2N
32767,Pt0.8Rh3.2N
32768,Mn0.8Pd3.2N
32769,Fe0.8Pd3.2N
32770,Co0.8Pd3.2N
32771,Ni0.8Pd3.2N
32772,Ru0.8Pd3.2N
32773,Ag0.8Pd3.2N
32774,Pt0.8Pd3.2N
32775,Mn0.8Ag3.2N
32776,Fe0.8Ag3.2N
32777,Co0.8Ag3.2N
32778,Ni0.8Ag3.2N
32779,Ru0.8Ag3.2N
32780,Pd0.8Ag3.2N
32781,Pt0.8Ag3.2N
32782,Mn0.8Cd3.2N
32783,Fe0.8Cd3.2N
32784,Co0.8Cd3.2N
32785,Ni0.8Cd3.2N
32786,Ru0.8Cd3.2N
32787,Pd0.8Cd3.2N
32788,Ag0.8Cd3.2N
32789,Pt0.8Cd3.2N
32790,Mn0.8Hf3.2N
32791,Fe0.8Hf3.2N
32792,Co0.8Hf3.2N
32793,Ni0.8Hf3.2N
32794,Ru0.8Hf3.2N
32795,Pd0.8Hf3.2N
32796,Ag0.8Hf3.2N
32797,Pt0.8Hf3.2N
32798,Mn0.8Ta3.2N
32799,Fe0.8Ta3.2N
32800,Co0.8Ta3.2N
32801,Ni0.8Ta3.2N
32802,Ru0.8Ta3.2N
32803,Pd0.8Ta3.2N
32804,Ag0.8Ta3.2N
32805,Pt0.8Ta3.2N
32806,Mn0.8W3.2N
32807,Fe0.8W3.2N
32808,Co0.8W3.2N
32809,Ni0.8W3.2N
32810,Ru0.8W3.2N
32811,Pd0.8W3.2N
32812,Ag0.8W3.2N
32813,Pt0.8W3.2N
32814,Mn0.8Re3.2N
32815,Fe0.8Re3.2N
32816,Co0.8Re3.2N
32817,Ni0.8Re3.2N
32818,Ru0.8Re3.2N
32819,Pd0.8Re3.2N
32820,Ag0.8Re3.2N
32821,Pt0.8Re3.2N
32822,Mn0.8Os3.2N
32823,Fe0.8Os3.2N
32824,Co0.8Os3.2N
32825,Ni0.8Os3.2N
32826,Ru0.8Os3.2N
32827,Pd0.8Os3.2N
32828,Ag0.8Os3.2N
32829,Pt0.8Os3.2N
32830,Mn0.8Ir3.2N
32831,Fe0.8Ir3.2N
32832,Co0.8Ir3.2N
32833,Ni0.8Ir3.2N
32834,Ru0.8Ir3.2N
32835,Pd0.8Ir3.2N
32836,Ag0.8Ir3.2N
32837,Pt0.8Ir3.2N
32838,Mn0.8Pt3.2N
32839,Fe0.8Pt3.2N
32840,Co0.8Pt3.2N
32841,Ni0.8Pt3.2N
32842,Ru0.8Pt3.2N
32843,Pd0.8Pt3.2N
32844,Ag0.8Pt3.2N
32845,Mn0.8Au3.2N
32846,Fe0.8Au3.2N
32847,Co0.8Au3.2N
32848,Ni0.8Au3.2N
32849,Ru0.8Au3.2N
32850,Pd0.8Au3.2N
32851,Ag0.8Au3.2N
32852,Pt0.8Au3.2N
32853,Mn0.8La3.2N
32854,Fe0.8La3.2N
32855,Co0.8La3.2N
32856,Ni0.8La3.2N
32857,Ru0.8La3.2N
32858,Pd0.8La3.2N
32859,Ag0.8La3.2N
32860,Pt0.8La3.2N
32861,Mn0.8Ce3.2N
32862,Fe0.8Ce3.2N
32863,Co0.8Ce3.2N
32864,Ni0.8Ce3.2N
32865,Ru0.8Ce3.2N
32866,Pd0.8Ce3.2N
32867,Ag0.8Ce3.2N
32868,Pt0.8Ce3.2N
32869,Mn0.8Al3.2N
32870,Fe0.8Al3.2N
32871,Co0.8Al3.2N
32872,Ni0.8Al3.2N
32873,Ru0.8Al3.2N
32874,Pd0.8Al3.2N
32875,Ag0.8Al3.2N
32876,Pt0.8Al3.2N
32877,Mn0.8Ga3.2N
32878,Fe0.8Ga3.2N
32879,Co0.8Ga3.2N
32880,Ni0.8Ga3.2N
32881,Ru0.8Ga3.2N
32882,Pd0.8Ga3.2N
32883,Ag0.8Ga3.2N
32884,Pt0.8Ga3.2N
32885,Mn0.8In3.2N
32886,Fe0.8In3.2N
32887,Co0.8In3.2N
32888,Ni0.8In3.2N
32889,Ru0.8In3.2N
32890,Pd0.8In3.2N
32891,Ag0.8In3.2N
32892,Pt0.8In3.2N
32893,Mn0.8Sn3.2N
32894,Fe0.8Sn3.2N
32895,Co0.8Sn3.2N
32896,Ni0.8Sn3.2N
32897,Ru0.8Sn3.2N
32898,Pd0.8Sn3.2N
32899,Ag0.8Sn3.2N
32900,Pt0.8Sn3.2N
32901,Mn0.8Pb3.2N
32902,Fe0.8Pb3.2N
32903,Co0.8Pb3.2N
32904,Ni0.8Pb3.2N
32905,Ru0.8Pb3.2N
32906,Pd0.8Pb3.2N
32907,Ag0.8Pb3.2N
32908,Pt0.8Pb3.2N
32909,Mn0.8Bi3.2N
32910,Fe0.8Bi3.2N
32911,Co0.8Bi3.2N
32912,Ni0.8Bi3.2N
32913,Ru0.8Bi3.2N
32914,Pd0.8Bi3.2N
32915,Ag0.8Bi3.2N
32916,Pt0.8Bi3.2N
32917,Mn0.2Sc0.8S2
32918,Fe0.2Sc0.8S2
32919,Co0.2Sc0.8S2
32920,Ni0.2Sc0.8S2
32921,Ru0.2Sc0.8S2
32922,Pd0.2Sc0.8S2
32923,Ag0.2Sc0.8S2
32924,Pt0.2Sc0.8S2
32925,Mn0.2Ti0.8S2
32926,Fe0.2Ti0.8S2
32927,Co0.2Ti0.8S2
32928,Ni0.2Ti0.8S2
32929,Ru0.2Ti0.8S2
32930,Pd0.2Ti0.8S2
32931,Ag0.2Ti0.8S2
32932,Pt0.2Ti0.8S2
32933,Mn0.2V0.8S2
32934,Fe0.2V0.8S2
32935,Co0.2V0.8S2
32936,Ni0.2V0.8S2
32937,Ru0.2V0.8S2
32938,Pd0.2V0.8S2
32939,Ag0.2V0.8S2
32940,Pt0.2V0.8S2
32941,Mn0.2Cr0.8S2
32942,Fe0.2Cr0.8S2
32943,Co0.2Cr0.8S2
32944,Ni0.2Cr0.8S2
32945,Ru0.2Cr0.8S2
32946,Pd0.2Cr0.8S2
32947,Ag0.2Cr0.8S2
32948,Pt0.2Cr0.8S2
32949,Fe0.2Mn0.8S2
32950,Co0.2Mn0.8S2
32951,Ni0.2Mn0.8S2
32952,Ru0.2Mn0.8S2
32953,Pd0.2Mn0.8S2
32954,Ag0.2Mn0.8S2
32955,Pt0.2Mn0.8S2
32956,Mn0.2Fe0.8S2
32957,Co0.2Fe0.8S2
32958,Ni0.2Fe0.8S2
32959,Ru0.2Fe0.8S2
32960,Pd0.2Fe0.8S2
32961,Ag0.2Fe0.8S2
32962,Pt0.2Fe0.8S2
32963,Mn0.2Co0.8S2
32964,Fe0.2Co0.8S2
32965,Ni0.2Co0.8S2
32966,Ru0.2Co0.8S2
32967,Pd0.2Co0.8S2
32968,Ag0.2Co0.8S2
32969,Pt0.2Co0.8S2
32970,Mn0.2Ni0.8S2
32971,Fe0.2Ni0.8S2
32972,Co0.2Ni0.8S2
32973,Ru0.2Ni0.8S2
32974,Pd0.2Ni0.8S2
32975,Ag0.2Ni0.8S2
32976,Pt0.2Ni0.8S2
32977,Mn0.2Cu0.8S2
32978,Fe0.2Cu0.8S2
32979,Co0.2Cu0.8S2
32980,Ni0.2Cu0.8S2
32981,Ru0.2Cu0.8S2
32982,Pd0.2Cu0.8S2
32983,Ag0.2Cu0.8S2
32984,Pt0.2Cu0.8S2
32985,Mn0.2Zn0.8S2
32986,Fe0.2Zn0.8S2
32987,Co0.2Zn0.8S2
32988,Ni0.2Zn0.8S2
32989,Ru0.2Zn0.8S2
32990,Pd0.2Zn0.8S2
32991,Ag0.2Zn0.8S2
32992,Pt0.2Zn0.8S2
32993,Mn0.2Y0.8S2
32994,Fe0.2Y0.8S2
32995,Co0.2Y0.8S2
32996,Ni0.2Y0.8S2
32997,Ru0.2Y0.8S2
32998,Pd0.2Y0.8S2
32999,Ag0.2Y0.8S2
33000,Pt0.2Y0.8S2
33001,Mn0.2Zr0.8S2
33002,Fe0.2Zr0.8S2
33003,Co0.2Zr0.8S2
33004,Ni0.2Zr0.8S2
33005,Ru0.2Zr0.8S2
33006,Pd0.2Zr0.8S2
33007,Ag0.2Zr0.8S2
33008,Pt0.2Zr0.8S2
33009,Mn0.2Nb0.8S2
33010,Fe0.2Nb0.8S2
33011,Co0.2Nb0.8S2
33012,Ni0.2Nb0.8S2
33013,Ru0.2Nb0.8S2
33014,Pd0.2Nb0.8S2
33015,Ag0.2Nb0.8S2
33016,Pt0.2Nb0.8S2
33017,Mn0.2Mo0.8S2
33018,Fe0.2Mo0.8S2
33019,Co0.2Mo0.8S2
33020,Ni0.2Mo0.8S2
33021,Ru0.2Mo0.8S2
33022,Pd0.2Mo0.8S2
33023,Ag0.2Mo0.8S2
33024,Pt0.2Mo0.8S2
33025,Mn0.2Ru0.8S2
33026,Fe0.2Ru0.8S2
33027,Co0.2Ru0.8S2
33028,Ni0.2Ru0.8S2
33029,Pd0.2Ru0.8S2
33030,Ag0.2Ru0.8S2
33031,Pt0.2Ru0.8S2
33032,Mn0.2Rh0.8S2
33033,Fe0.2Rh0.8S2
33034,Co0.2Rh0.8S2
33035,Ni0.2Rh0.8S2
33036,Ru0.2Rh0.8S2
33037,Pd0.2Rh0.8S2
33038,Ag0.2Rh0.8S2
33039,Pt0.2Rh0.8S2
33040,Mn0.2Pd0.8S2
33041,Fe0.2Pd0.8S2
33042,Co0.2Pd0.8S2
33043,Ni0.2Pd0.8S2
33044,Ru0.2Pd0.8S2
33045,Ag0.2Pd0.8S2
33046,Pt0.2Pd0.8S2
33047,Mn0.2Ag0.8S2
33048,Fe0.2Ag0.8S2
33049,Co0.2Ag0.8S2
33050,Ni0.2Ag0.8S2
33051,Ru0.2Ag0.8S2
33052,Pd0.2Ag0.8S2
33053,Pt0.2Ag0.8S2
33054,Mn0.2Cd0.8S2
33055,Fe0.2Cd0.8S2
33056,Co0.2Cd0.8S2
33057,Ni0.2Cd0.8S2
33058,Ru0.2Cd0.8S2
33059,Pd0.2Cd0.8S2
33060,Ag0.2Cd0.8S2
33061,Pt0.2Cd0.8S2
33062,Mn0.2Hf0.8S2
33063,Fe0.2Hf0.8S2
33064,Co0.2Hf0.8S2
33065,Ni0.2Hf0.8S2
33066,Ru0.2Hf0.8S2
33067,Pd0.2Hf0.8S2
33068,Ag0.2Hf0.8S2
33069,Pt0.2Hf0.8S2
33070,Mn0.2Ta0.8S2
33071,Fe0.2Ta0.8S2
33072,Co0.2Ta0.8S2
33073,Ni0.2Ta0.8S2
33074,Ru0.2Ta0.8S2
33075,Pd0.2Ta0.8S2
33076,Ag0.2Ta0.8S2
33077,Pt0.2Ta0.8S2
33078,Mn0.2W0.8S2
33079,Fe0.2W0.8S2
33080,Co0.2W0.8S2
33081,Ni0.2W0.8S2
33082,Ru0.2W0.8S2
33083,Pd0.2W0.8S2
33084,Ag0.2W0.8S2
33085,Pt0.2W0.8S2
33086,Mn0.2Re0.8S2
33087,Fe0.2Re0.8S2
33088,Co0.2Re0.8S2
33089,Ni0.2Re0.8S2
33090,Ru0.2Re0.8S2
33091,Pd0.2Re0.8S2
33092,Ag0.2Re0.8S2
33093,Pt0.2Re0.8S2
33094,Mn0.2Os0.8S2
33095,Fe0.2Os0.8S2
33096,Co0.2Os0.8S2
33097,Ni0.2Os0.8S2
33098,Ru0.2Os0.8S2
33099,Pd0.2Os0.8S2
33100,Ag0.2Os0.8S2
33101,Pt0.2Os0.8S2
33102,Mn0.2Ir0.8S2
33103,Fe0.2Ir0.8S2
33104,Co0.2Ir0.8S2
33105,Ni0.2Ir0.8S2
33106,Ru0.2Ir0.8S2
33107,Pd0.2Ir0.8S2
33108,Ag0.2Ir0.8S2
33109,Pt0.2Ir0.8S2
33110,Mn0.2Pt0.8S2
33111,Fe0.2Pt0.8S2
33112,Co0.2Pt0.8S2
33113,Ni0.2Pt0.8S2
33114,Ru0.2Pt0.8S2
33115,Pd0.2Pt0.8S2
33116,Ag0.2Pt0.8S2
33117,Mn0.2Au0.8S2
33118,Fe0.2Au0.8S2
33119,Co0.2Au0.8S2
33120,Ni0.2Au0.8S2
33121,Ru0.2Au0.8S2
33122,Pd0.2Au0.8S2
33123,Ag0.2Au0.8S2
33124,Pt0.2Au0.8S2
33125,Mn0.2La0.8S2
33126,Fe0.2La0.8S2
33127,Co0.2La0.8S2
33128,Ni0.2La0.8S2
33129,Ru0.2La0.8S2
33130,Pd0.2La0.8S2
33131,Ag0.2La0.8S2
33132,Pt0.2La0.8S2
33133,Mn0.2Ce0.8S2
33134,Fe0.2Ce0.8S2
33135,Co0.2Ce0.8S2
33136,Ni0.2Ce0.8S2
33137,Ru0.2Ce0.8S2
33138,Pd0.2Ce0.8S2
33139,Ag0.2Ce0.8S2
33140,Pt0.2Ce0.8S2
33141,Mn0.2Al0.8S2
33142,Fe0.2Al0.8S2
33143,Co0.2Al0.8S2
33144,Ni0.2Al0.8S2
33145,Ru0.2Al0.8S2
33146,Pd0.2Al0.8S2
33147,Ag0.2Al0.8S2
33148,Pt0.2Al0.8S2
33149,Mn0.2Ga0.8S2
33150,Fe0.2Ga0.8S2
33151,Co0.2Ga0.8S2
33152,Ni0.2Ga0.8S2
33153,Ru0.2Ga0.8S2
33154,Pd0.2Ga0.8S2
33155,Ag0.2Ga0.8S2
33156,Pt0.2Ga0.8S2
33157,Mn0.2In0.8S2
33158,Fe0.2In0.8S2
33159,Co0.2In0.8S2
33160,Ni0.2In0.8S2
33161,Ru0.2In0.8S2
33162,Pd0.2In0.8S2
33163,Ag0.2In0.8S2
33164,Pt0.2In0.8S2
33165,Mn0.2Sn0.8S2
33166,Fe0.2Sn0.8S2
33167,Co0.2Sn0.8S2
33168,Ni0.2Sn0.8S2
33169,Ru0.2Sn0.8S2
33170,Pd0.2Sn0.8S2
33171,Ag0.2Sn0.8S2
33172,Pt0.2Sn0.8S2
33173,Mn0.2Pb0.8S2
33174,Fe0.2Pb0.8S2
33175,Co0.2Pb0.8S2
33176,Ni0.2Pb0.8S2
33177,Ru0.2Pb0.8S2
33178,Pd0.2Pb0.8S2
33179,Ag0.2Pb0.8S2
33180,Pt0.2Pb0.8S2
33181,Mn0.2Bi0.8S2
33182,Fe0.2Bi0.8S2
33183,Co0.2Bi0.8S2
33184,Ni0.2Bi0.8S2
33185,Ru0.2Bi0.8S2
33186,Pd0.2Bi0.8S2
33187,Ag0.2Bi0.8S2
33188,Pt0.2Bi0.8S2
33189,Mn0.4Sc1.6S3
33190,Fe0.4Sc1.6S3
33191,Co0.4Sc1.6S3
33192,Ni0.4Sc1.6S3
33193,Ru0.4Sc1.6S3
33194,Pd0.4Sc1.6S3
33195,Ag0.4Sc1.6S3
33196,Pt0.4Sc1.6S3
33197,Mn0.4Ti1.6S3
33198,Fe0.4Ti1.6S3
33199,Co0.4Ti1.6S3
33200,Ni0.4Ti1.6S3
33201,Ru0.4Ti1.6S3
33202,Pd0.4Ti1.6S3
33203,Ag0.4Ti1.6S3
33204,Pt0.4Ti1.6S3
33205,Mn0.4V1.6S3
33206,Fe0.4V1.6S3
33207,Co0.4V1.6S3
33208,Ni0.4V1.6S3
33209,Ru0.4V1.6S3
33210,Pd0.4V1.6S3
33211,Ag0.4V1.6S3
33212,Pt0.4V1.6S3
33213,Mn0.4Cr1.6S3
33214,Fe0.4Cr1.6S3
33215,Co0.4Cr1.6S3
33216,Ni0.4Cr1.6S3
33217,Ru0.4Cr1.6S3
33218,Pd0.4Cr1.6S3
33219,Ag0.4Cr1.6S3
33220,Pt0.4Cr1.6S3
33221,Fe0.4Mn1.6S3
33222,Co0.4Mn1.6S3
33223,Ni0.4Mn1.6S3
33224,Ru0.4Mn1.6S3
33225,Pd0.4Mn1.6S3
33226,Ag0.4Mn1.6S3
33227,Pt0.4Mn1.6S3
33228,Mn0.4Fe1.6S3
33229,Co0.4Fe1.6S3
33230,Ni0.4Fe1.6S3
33231,Ru0.4Fe1.6S3
33232,Pd0.4Fe1.6S3
33233,Ag0.4Fe1.6S3
33234,Pt0.4Fe1.6S3
33235,Mn0.4Co1.6S3
33236,Fe0.4Co1.6S3
33237,Ni0.4Co1.6S3
33238,Ru0.4Co1.6S3
33239,Pd0.4Co1.6S3
33240,Ag0.4Co1.6S3
33241,Pt0.4Co1.6S3
33242,Mn0.4Ni1.6S3
33243,Fe0.4Ni1.6S3
33244,Co0.4Ni1.6S3
33245,Ru0.4Ni1.6S3
33246,Pd0.4Ni1.6S3
33247,Ag0.4Ni1.6S3
33248,Pt0.4Ni1.6S3
33249,Mn0.4Cu1.6S3
33250,Fe0.4Cu1.6S3
33251,Co0.4Cu1.6S3
33252,Ni0.4Cu1.6S3
33253,Ru0.4Cu1.6S3
33254,Pd0.4Cu1.6S3
33255,Ag0.4Cu1.6S3
33256,Pt0.4Cu1.6S3
33257,Mn0.4Zn1.6S3
33258,Fe0.4Zn1.6S3
33259,Co0.4Zn1.6S3
33260,Ni0.4Zn1.6S3
33261,Ru0.4Zn1.6S3
33262,Pd0.4Zn1.6S3
33263,Ag0.4Zn1.6S3
33264,Pt0.4Zn1.6S3
33265,Mn0.4Y1.6S3
33266,Fe0.4Y1.6S3
33267,Co0.4Y1.6S3
33268,Ni0.4Y1.6S3
33269,Ru0.4Y1.6S3
33270,Pd0.4Y1.6S3
33271,Ag0.4Y1.6S3
33272,Pt0.4Y1.6S3
33273,Mn0.4Zr1.6S3
33274,Fe0.4Zr1.6S3
33275,Co0.4Zr1.6S3
33276,Ni0.4Zr1.6S3
33277,Ru0.4Zr1.6S3
33278,Pd0.4Zr1.6S3
33279,Ag0.4Zr1.6S3
33280,Pt0.4Zr1.6S3
33281,Mn0.4Nb1.6S3
33282,Fe0.4Nb1.6S3
33283,Co0.4Nb1.6S3
33284,Ni0.4Nb1.6S3
33285,Ru0.4Nb1.6S3
33286,Pd0.4Nb1.6S3
33287,Ag0.4Nb1.6S3
33288,Pt0.4Nb1.6S3
33289,Mn0.4Mo1.6S3
33290,Fe0.4Mo1.6S3
33291,Co0.4Mo1.6S3
33292,Ni0.4Mo1.6S3
33293,Ru0.4Mo1.6S3
33294,Pd0.4Mo1.6S3
33295,Ag0.4Mo1.6S3
33296,Pt0.4Mo1.6S3
33297,Mn0.4Ru1.6S3
33298,Fe0.4Ru1.6S3
33299,Co0.4Ru1.6S3
33300,Ni0.4Ru1.6S3
33301,Pd0.4Ru1.6S3
33302,Ag0.4Ru1.6S3
33303,Pt0.4Ru1.6S3
33304,Mn0.4Rh1.6S3
33305,Fe0.4Rh1.6S3
33306,Co0.4Rh1.6S3
33307,Ni0.4Rh1.6S3
33308,Ru0.4Rh1.6S3
33309,Pd0.4Rh1.6S3
33310,Ag0.4Rh1.6S3
33311,Pt0.4Rh1.6S3
33312,Mn0.4Pd1.6S3
33313,Fe0.4Pd1.6S3
33314,Co0.4Pd1.6S3
33315,Ni0.4Pd1.6S3
33316,Ru0.4Pd1.6S3
33317,Ag0.4Pd1.6S3
33318,Pt0.4Pd1.6S3
33319,Mn0.4Ag1.6S3
33320,Fe0.4Ag1.6S3
33321,Co0.4Ag1.6S3
33322,Ni0.4Ag1.6S3
33323,Ru0.4Ag1.6S3
33324,Pd0.4Ag1.6S3
33325,Pt0.4Ag1.6S3
33326,Mn0.4Cd1.6S3
33327,Fe0.4Cd1.6S3
33328,Co0.4Cd1.6S3
33329,Ni0.4Cd1.6S3
33330,Ru0.4Cd1.6S3
33331,Pd0.4Cd1.6S3
33332,Ag0.4Cd1.6S3
33333,Pt0.4Cd1.6S3
33334,Mn0.4Hf1.6S3
33335,Fe0.4Hf1.6S3
33336,Co0.4Hf1.6S3
33337,Ni0.4Hf1.6S3
33338,Ru0.4Hf1.6S3
33339,Pd0.4Hf1.6S3
33340,Ag0.4Hf1.6S3
33341,Pt0.4Hf1.6S3
33342,Mn0.4Ta1.6S3
33343,Fe0.4Ta1.6S3
33344,Co0.4Ta1.6S3
33345,Ni0.4Ta1.6S3
33346,Ru0.4Ta1.6S3
33347,Pd0.4Ta1.6S3
33348,Ag0.4Ta1.6S3
33349,Pt0.4Ta1.6S3
33350,Mn0.4W1.6S3
33351,Fe0.4W1.6S3
33352,Co0.4W1.6S3
33353,Ni0.4W1.6S3
33354,Ru0.4W1.6S3
33355,Pd0.4W1.6S3
33356,Ag0.4W1.6S3
33357,Pt0.4W1.6S3
33358,Mn0.4Re1.6S3
33359,Fe0.4Re1.6S3
33360,Co0.4Re1.6S3
33361,Ni0.4Re1.6S3
33362,Ru0.4Re1.6S3
33363,Pd0.4Re1.6S3
33364,Ag0.4Re1.6S3
33365,Pt0.4Re1.6S3
33366,Mn0.4Os1.6S3
33367,Fe0.4Os1.6S3
33368,Co0.4Os1.6S3
33369,Ni0.4Os1.6S3
33370,Ru0.4Os1.6S3
33371,Pd0.4Os1.6S3
33372,Ag0.4Os1.6S3
33373,Pt0.4Os1.6S3
33374,Mn0.4Ir1.6S3
33375,Fe0.4Ir1.6S3
33376,Co0.4Ir1.6S3
33377,Ni0.4Ir1.6S3
33378,Ru0.4Ir1.6S3
33379,Pd0.4Ir1.6S3
33380,Ag0.4Ir1.6S3
33381,Pt0.4Ir1.6S3
33382,Mn0.4Pt1.6S3
33383,Fe0.4Pt1.6S3
33384,Co0.4Pt1.6S3
33385,Ni0.4Pt1.6S3
33386,Ru0.4Pt1.6S3
33387,Pd0.4Pt1.6S3
33388,Ag0.4Pt1.6S3
33389,Mn0.4Au1.6S3
33390,Fe0.4Au1.6S3
33391,Co0.4Au1.6S3
33392,Ni0.4Au1.6S3
33393,Ru0.4Au1.6S3
33394,Pd0.4Au1.6S3
33395,Ag0.4Au1.6S3
33396,Pt0.4Au1.6S3
33397,Mn0.4La1.6S3
33398,Fe0.4La1.6S3
33399,Co0.4La1.6S3
33400,Ni0.4La1.6S3
33401,Ru0.4La1.6S3
33402,Pd0.4La1.6S3
33403,Ag0.4La1.6S3
33404,Pt0.4La1.6S3
33405,Mn0.4Ce1.6S3
33406,Fe0.4Ce1.6S3
33407,Co0.4Ce1.6S3
33408,Ni0.4Ce1.6S3
33409,Ru0.4Ce1.6S3
33410,Pd0.4Ce1.6S3
33411,Ag0.4Ce1.6S3
33412,Pt0.4Ce1.6S3
33413,Mn0.4Al1.6S3
33414,Fe0.4Al1.6S3
33415,Co0.4Al1.6S3
33416,Ni0.4Al1.6S3
33417,Ru0.4Al1.6S3
33418,Pd0.4Al1.6S3
33419,Ag0.4Al1.6S3
33420,Pt0.4Al1.6S3
33421,Mn0.4Ga1.6S3
33422,Fe0.4Ga1.6S3
33423,Co0.4Ga1.6S3
33424,Ni0.4Ga1.6S3
33425,Ru0.4Ga1.6S3
33426,Pd0.4Ga1.6S3
33427,Ag0.4Ga1.6S3
33428,Pt0.4Ga1.6S3
33429,Mn0.4In1.6S3
33430,Fe0.4In1.6S3
33431,Co0.4In1.6S3
33432,Ni0.4In1.6S3
33433,Ru0.4In1.6S3
33434,Pd0.4In1.6S3
33435,Ag0.4In1.6S3
33436,Pt0.4In1.6S3
33437,Mn0.4Sn1.6S3
33438,Fe0.4Sn1.6S3
33439,Co0.4Sn1.6S3
33440,Ni0.4Sn1.6S3
33441,Ru0.4Sn1.6S3
33442,Pd0.4Sn1.6S3
33443,Ag0.4Sn1.6S3
33444,Pt0.4Sn1.6S3
33445,Mn0.4Pb1.6S3
33446,Fe0.4Pb1.6S3
33447,Co0.4Pb1.6S3
33448,Ni0.4Pb1.6S3
33449,Ru0.4Pb1.6S3
33450,Pd0.4Pb1.6S3
33451,Ag0.4Pb1.6S3
33452,Pt0.4Pb1.6S3
33453,Mn0.4Bi1.6S3
33454,Fe0.4Bi1.6S3
33455,Co0.4Bi1.6S3
33456,Ni0.4Bi1.6S3
33457,Ru0.4Bi1.6S3
33458,Pd0.4Bi1.6S3
33459,Ag0.4Bi1.6S3
33460,Pt0.4Bi1.6S3
33461,Mn0.6Sc2.4S4
33462,Fe0.6Sc2.4S4
33463,Co0.6Sc2.4S4
33464,Ni0.6Sc2.4S4
33465,Ru0.6Sc2.4S4
33466,Pd0.6Sc2.4S4
33467,Ag0.6Sc2.4S4
33468,Pt0.6Sc2.4S4
33469,Mn0.6Ti2.4S4
33470,Fe0.6Ti2.4S4
33471,Co0.6Ti2.4S4
33472,Ni0.6Ti2.4S4
33473,Ru0.6Ti2.4S4
33474,Pd0.6Ti2.4S4
33475,Ag0.6Ti2.4S4
33476,Pt0.6Ti2.4S4
33477,Mn0.6V2.4S4
33478,Fe0.6V2.4S4
33479,Co0.6V2.4S4
33480,Ni0.6V2.4S4
33481,Ru0.6V2.4S4
33482,Pd0.6V2.4S4
33483,Ag0.6V2.4S4
33484,Pt0.6V2.4S4
33485,Mn0.6Cr2.4S4
33486,Fe0.6Cr2.4S4
33487,Co0.6Cr2.4S4
33488,Ni0.6Cr2.4S4
33489,Ru0.6Cr2.4S4
33490,Pd0.6Cr2.4S4
33491,Ag0.6Cr2.4S4
33492,Pt0.6Cr2.4S4
33493,Fe0.6Mn2.4S4
33494,Co0.6Mn2.4S4
33495,Ni0.6Mn2.4S4
33496,Ru0.6Mn2.4S4
33497,Pd0.6Mn2.4S4
33498,Ag0.6Mn2.4S4
33499,Pt0.6Mn2.4S4
33500,Mn0.6Fe2.4S4
33501,Co0.6Fe2.4S4
33502,Ni0.6Fe2.4S4
33503,Ru0.6Fe2.4S4
33504,Pd0.6Fe2.4S4
33505,Ag0.6Fe2.4S4
33506,Pt0.6Fe2.4S4
33507,Mn0.6Co2.4S4
33508,Fe0.6Co2.4S4
33509,Ni0.6Co2.4S4
33510,Ru0.6Co2.4S4
33511,Pd0.6Co2.4S4
33512,Ag0.6Co2.4S4
33513,Pt0.6Co2.4S4
33514,Mn0.6Ni2.4S4
33515,Fe0.6Ni2.4S4
33516,Co0.6Ni2.4S4
33517,Ru0.6Ni2.4S4
33518,Pd0.6Ni2.4S4
33519,Ag0.6Ni2.4S4
33520,Pt0.6Ni2.4S4
33521,Mn0.6Cu2.4S4
33522,Fe0.6Cu2.4S4
33523,Co0.6Cu2.4S4
33524,Ni0.6Cu2.4S4
33525,Ru0.6Cu2.4S4
33526,Pd0.6Cu2.4S4
33527,Ag0.6Cu2.4S4
33528,Pt0.6Cu2.4S4
33529,Mn0.6Zn2.4S4
33530,Fe0.6Zn2.4S4
33531,Co0.6Zn2.4S4
33532,Ni0.6Zn2.4S4
33533,Ru0.6Zn2.4S4
33534,Pd0.6Zn2.4S4
33535,Ag0.6Zn2.4S4
33536,Pt0.6Zn2.4S4
33537,Mn0.6Y2.4S4
33538,Fe0.6Y2.4S4
33539,Co0.6Y2.4S4
33540,Ni0.6Y2.4S4
33541,Ru0.6Y2.4S4
33542,Pd0.6Y2.4S4
33543,Ag0.6Y2.4S4
33544,Pt0.6Y2.4S4
33545,Mn0.6Zr2.4S4
33546,Fe0.6Zr2.4S4
33547,Co0.6Zr2.4S4
33548,Ni0.6Zr2.4S4
33549,Ru0.6Zr2.4S4
33550,Pd0.6Zr2.4S4
33551,Ag0.6Zr2.4S4
33552,Pt0.6Zr2.4S4
33553,Mn0.6Nb2.4S4
33554,Fe0.6Nb2.4S4
33555,Co0.6Nb2.4S4
33556,Ni0.6Nb2.4S4
33557,Ru0.6Nb2.4S4
33558,Pd0.6Nb2.4S4
33559,Ag0.6Nb2.4S4
33560,Pt0.6Nb2.4S4
33561,Mn0.6Mo2.4S4
33562,Fe0.6Mo2.4S4
33563,Co0.6Mo2.4S4
33564,Ni0.6Mo2.4S4
33565,Ru0.6Mo2.4S4
33566,Pd0.6Mo2.4S4
33567,Ag0.6Mo2.4S4
33568,Pt0.6Mo2.4S4
33569,Mn0.6Ru2.4S4
33570,Fe0.6Ru2.4S4
33571,Co0.6Ru2.4S4
33572,Ni0.6Ru2.4S4
33573,Pd0.6Ru2.4S4
33574,Ag0.6Ru2.4S4
33575,Pt0.6Ru2.4S4
33576,Mn0.6Rh2.4S4
33577,Fe0.6Rh2.4S4
33578,Co0.6Rh2.4S4
33579,Ni0.6Rh2.4S4
33580,Ru0.6Rh2.4S4
33581,Pd0.6Rh2.4S4
33582,Ag0.6Rh2.4S4
33583,Pt0.6Rh2.4S4
33584,Mn0.6Pd2.4S4
33585,Fe0.6Pd2.4S4
33586,Co0.6Pd2.4S4
33587,Ni0.6Pd2.4S4
33588,Ru0.6Pd2.4S4
33589,Ag0.6Pd2.4S4
33590,Pt0.6Pd2.4S4
33591,Mn0.6Ag2.4S4
33592,Fe0.6Ag2.4S4
33593,Co0.6Ag2.4S4
33594,Ni0.6Ag2.4S4
33595,Ru0.6Ag2.4S4
33596,Pd0.6Ag2.4S4
33597,Pt0.6Ag2.4S4
33598,Mn0.6Cd2.4S4
33599,Fe0.6Cd2.4S4
33600,Co0.6Cd2.4S4
33601,Ni0.6Cd2.4S4
33602,Ru0.6Cd2.4S4
33603,Pd0.6Cd2.4S4
33604,Ag0.6Cd2.4S4
33605,Pt0.6Cd2.4S4
33606,Mn0.6Hf2.4S4
33607,Fe0.6Hf2.4S4
33608,Co0.6Hf2.4S4
33609,Ni0.6Hf2.4S4
33610,Ru0.6Hf2.4S4
33611,Pd0.6Hf2.4S4
33612,Ag0.6Hf2.4S4
33613,Pt0.6Hf2.4S4
33614,Mn0.6Ta2.4S4
33615,Fe0.6Ta2.4S4
33616,Co0.6Ta2.4S4
33617,Ni0.6Ta2.4S4
33618,Ru0.6Ta2.4S4
33619,Pd0.6Ta2.4S4
33620,Ag0.6Ta2.4S4
33621,Pt0.6Ta2.4S4
33622,Mn0.6W2.4S4
33623,Fe0.6W2.4S4
33624,Co0.6W2.4S4
33625,Ni0.6W2.4S4
33626,Ru0.6W2.4S4
33627,Pd0.6W2.4S4
33628,Ag0.6W2.4S4
33629,Pt0.6W2.4S4
33630,Mn0.6Re2.4S4
33631,Fe0.6Re2.4S4
33632,Co0.6Re2.4S4
33633,Ni0.6Re2.4S4
33634,Ru0.6Re2.4S4
33635,Pd0.6Re2.4S4
33636,Ag0.6Re2.4S4
33637,Pt0.6Re2.4S4
33638,Mn0.6Os2.4S4
33639,Fe0.6Os2.4S4
33640,Co0.6Os2.4S4
33641,Ni0.6Os2.4S4
33642,Ru0.6Os2.4S4
33643,Pd0.6Os2.4S4
33644,Ag0.6Os2.4S4
33645,Pt0.6Os2.4S4
33646,Mn0.6Ir2.4S4
33647,Fe0.6Ir2.4S4
33648,Co0.6Ir2.4S4
33649,Ni0.6Ir2.4S4
33650,Ru0.6Ir2.4S4
33651,Pd0.6Ir2.4S4
33652,Ag0.6Ir2.4S4
33653,Pt0.6Ir2.4S4
33654,Mn0.6Pt2.4S4
33655,Fe0.6Pt2.4S4
33656,Co0.6Pt2.4S4
33657,Ni0.6Pt2.4S4
33658,Ru0.6Pt2.4S4
33659,Pd0.6Pt2.4S4
33660,Ag0.6Pt2.4S4
33661,Mn0.6Au2.4S4
33662,Fe0.6Au2.4S4
33663,Co0.6Au2.4S4
33664,Ni0.6Au2.4S4
33665,Ru0.6Au2.4S4
33666,Pd0.6Au2.4S4
33667,Ag0.6Au2.4S4
33668,Pt0.6Au2.4S4
33669,Mn0.6La2.4S4
33670,Fe0.6La2.4S4
33671,Co0.6La2.4S4
33672,Ni0.6La2.4S4
33673,Ru0.6La2.4S4
33674,Pd0.6La2.4S4
33675,Ag0.6La2.4S4
33676,Pt0.6La2.4S4
33677,Mn0.6Ce2.4S4
33678,Fe0.6Ce2.4S4
33679,Co0.6Ce2.4S4
33680,Ni0.6Ce2.4S4
33681,Ru0.6Ce2.4S4
33682,Pd0.6Ce2.4S4
33683,Ag0.6Ce2.4S4
33684,Pt0.6Ce2.4S4
33685,Mn0.6Al2.4S4
33686,Fe0.6Al2.4S4
33687,Co0.6Al2.4S4
33688,Ni0.6Al2.4S4
33689,Ru0.6Al2.4S4
33690,Pd0.6Al2.4S4
33691,Ag0.6Al2.4S4
33692,Pt0.6Al2.4S4
33693,Mn0.6Ga2.4S4
33694,Fe0.6Ga2.4S4
33695,Co0.6Ga2.4S4
33696,Ni0.6Ga2.4S4
33697,Ru0.6Ga2.4S4
33698,Pd0.6Ga2.4S4
33699,Ag0.6Ga2.4S4
33700,Pt0.6Ga2.4S4
33701,Mn0.6In2.4S4
33702,Fe0.6In2.4S4
33703,Co0.6In2.4S4
33704,Ni0.6In2.4S4
33705,Ru0.6In2.4S4
33706,Pd0.6In2.4S4
33707,Ag0.6In2.4S4
33708,Pt0.6In2.4S4
33709,Mn0.6Sn2.4S4
33710,Fe0.6Sn2.4S4
33711,Co0.6Sn2.4S4
33712,Ni0.6Sn2.4S4
33713,Ru0.6Sn2.4S4
33714,Pd0.6Sn2.4S4
33715,Ag0.6Sn2.4S4
33716,Pt0.6Sn2.4S4
33717,Mn0.6Pb2.4S4
33718,Fe0.6Pb2.4S4
33719,Co0.6Pb2.4S4
33720,Ni0.6Pb2.4S4
33721,Ru0.6Pb2.4S4
33722,Pd0.6Pb2.4S4
33723,Ag0.6Pb2.4S4
33724,Pt0.6Pb2.4S4
33725,Mn0.6Bi2.4S4
33726,Fe0.6Bi2.4S4
33727,Co0.6Bi2.4S4
33728,Ni0.6Bi2.4S4
33729,Ru0.6Bi2.4S4
33730,Pd0.6Bi2.4S4
33731,Ag0.6Bi2.4S4
33732,Pt0.6Bi2.4S4
33733,Mn1.2Sc4.8S8
33734,Fe1.2Sc4.8S8
33735,Co1.2Sc4.8S8
33736,Ni1.2Sc4.8S8
33737,Ru1.2Sc4.8S8
33738,Pd1.2Sc4.8S8
33739,Ag1.2Sc4.8S8
33740,Pt1.2Sc4.8S8
33741,Mn1.2Ti4.8S8
33742,Fe1.2Ti4.8S8
33743,Co1.2Ti4.8S8
33744,Ni1.2Ti4.8S8
33745,Ru1.2Ti4.8S8
33746,Pd1.2Ti4.8S8
33747,Ag1.2Ti4.8S8
33748,Pt1.2Ti4.8S8
33749,Mn1.2V4.8S8
33750,Fe1.2V4.8S8
33751,Co1.2V4.8S8
33752,Ni1.2V4.8S8
33753,Ru1.2V4.8S8
33754,Pd1.2V4.8S8
33755,Ag1.2V4.8S8
33756,Pt1.2V4.8S8
33757,Mn1.2Cr4.8S8
33758,Fe1.2Cr4.8S8
33759,Co1.2Cr4.8S8
33760,Ni1.2Cr4.8S8
33761,Ru1.2Cr4.8S8
33762,Pd1.2Cr4.8S8
33763,Ag1.2Cr4.8S8
33764,Pt1.2Cr4.8S8
33765,Fe1.2Mn4.8S8
33766,Co1.2Mn4.8S8
33767,Ni1.2Mn4.8S8
33768,Ru1.2Mn4.8S8
33769,Pd1.2Mn4.8S8
33770,Ag1.2Mn4.8S8
33771,Pt1.2Mn4.8S8
33772,Mn1.2Fe4.8S8
33773,Co1.2Fe4.8S8
33774,Ni1.2Fe4.8S8
33775,Ru1.2Fe4.8S8
33776,Pd1.2Fe4.8S8
33777,Ag1.2Fe4.8S8
33778,Pt1.2Fe4.8S8
33779,Mn1.2Co4.8S8
33780,Fe1.2Co4.8S8
33781,Ni1.2Co4.8S8
33782,Ru1.2Co4.8S8
33783,Pd1.2Co4.8S8
33784,Ag1.2Co4.8S8
33785,Pt1.2Co4.8S8
33786,Mn1.2Ni4.8S8
33787,Fe1.2Ni4.8S8
33788,Co1.2Ni4.8S8
33789,Ru1.2Ni4.8S8
33790,Pd1.2Ni4.8S8
33791,Ag1.2Ni4.8S8
33792,Pt1.2Ni4.8S8
33793,Mn1.2Cu4.8S8
33794,Fe1.2Cu4.8S8
33795,Co1.2Cu4.8S8
33796,Ni1.2Cu4.8S8
33797,Ru1.2Cu4.8S8
33798,Pd1.2Cu4.8S8
33799,Ag1.2Cu4.8S8
33800,Pt1.2Cu4.8S8
33801,Mn1.2Zn4.8S8
33802,Fe1.2Zn4.8S8
33803,Co1.2Zn4.8S8
33804,Ni1.2Zn4.8S8
33805,Ru1.2Zn4.8S8
33806,Pd1.2Zn4.8S8
33807,Ag1.2Zn4.8S8
33808,Pt1.2Zn4.8S8
33809,Mn1.2Y4.8S8
33810,Fe1.2Y4.8S8
33811,Co1.2Y4.8S8
33812,Ni1.2Y4.8S8
33813,Ru1.2Y4.8S8
33814,Pd1.2Y4.8S8
33815,Ag1.2Y4.8S8
33816,Pt1.2Y4.8S8
33817,Mn1.2Zr4.8S8
33818,Fe1.2Zr4.8S8
33819,Co1.2Zr4.8S8
33820,Ni1.2Zr4.8S8
33821,Ru1.2Zr4.8S8
33822,Pd1.2Zr4.8S8
33823,Ag1.2Zr4.8S8
33824,Pt1.2Zr4.8S8
33825,Mn1.2Nb4.8S8
33826,Fe1.2Nb4.8S8
33827,Co1.2Nb4.8S8
33828,Ni1.2Nb4.8S8
33829,Ru1.2Nb4.8S8
33830,Pd1.2Nb4.8S8
33831,Ag1.2Nb4.8S8
33832,Pt1.2Nb4.8S8
33833,Mn1.2Mo4.8S8
33834,Fe1.2Mo4.8S8
33835,Co1.2Mo4.8S8
33836,Ni1.2Mo4.8S8
33837,Ru1.2Mo4.8S8
33838,Pd1.2Mo4.8S8
33839,Ag1.2Mo4.8S8
33840,Pt1.2Mo4.8S8
33841,Mn1.2Ru4.8S8
33842,Fe1.2Ru4.8S8
33843,Co1.2Ru4.8S8
33844,Ni1.2Ru4.8S8
33845,Pd1.2Ru4.8S8
33846,Ag1.2Ru4.8S8
33847,Pt1.2Ru4.8S8
33848,Mn1.2Rh4.8S8
33849,Fe1.2Rh4.8S8
33850,Co1.2Rh4.8S8
33851,Ni1.2Rh4.8S8
33852,Ru1.2Rh4.8S8
33853,Pd1.2Rh4.8S8
33854,Ag1.2Rh4.8S8
33855,Pt1.2Rh4.8S8
33856,Mn1.2Pd4.8S8
33857,Fe1.2Pd4.8S8
33858,Co1.2Pd4.8S8
33859,Ni1.2Pd4.8S8
33860,Ru1.2Pd4.8S8
33861,Ag1.2Pd4.8S8
33862,Pt1.2Pd4.8S8
33863,Mn1.2Ag4.8S8
33864,Fe1.2Ag4.8S8
33865,Co1.2Ag4.8S8
33866,Ni1.2Ag4.8S8
33867,Ru1.2Ag4.8S8
33868,Pd1.2Ag4.8S8
33869,Pt1.2Ag4.8S8
33870,Mn1.2Cd4.8S8
33871,Fe1.2Cd4.8S8
33872,Co1.2Cd4.8S8
33873,Ni1.2Cd4.8S8
33874,Ru1.2Cd4.8S8
33875,Pd1.2Cd4.8S8
33876,Ag1.2Cd4.8S8
33877,Pt1.2Cd4.8S8
33878,Mn1.2Hf4.8S8
33879,Fe1.2Hf4.8S8
33880,Co1.2Hf4.8S8
33881,Ni1.2Hf4.8S8
33882,Ru1.2Hf4.8S8
33883,Pd1.2Hf4.8S8
33884,Ag1.2Hf4.8S8
33885,Pt1.2Hf4.8S8
33886,Mn1.2Ta4.8S8
33887,Fe1.2Ta4.8S8
33888,Co1.2Ta4.8S8
33889,Ni1.2Ta4.8S8
33890,Ru1.2Ta4.8S8
33891,Pd1.2Ta4.8S8
33892,Ag1.2Ta4.8S8
33893,Pt1.2Ta4.8S8
33894,Mn1.2W4.8S8
33895,Fe1.2W4.8S8
33896,Co1.2W4.8S8
33897,Ni1.2W4.8S8
33898,Ru1.2W4.8S8
33899,Pd1.2W4.8S8
33900,Ag1.2W4.8S8
33901,Pt1.2W4.8S8
33902,Mn1.2Re4.8S8
33903,Fe1.2Re4.8S8
33904,Co1.2Re4.8S8
33905,Ni1.2Re4.8S8
33906,Ru1.2Re4.8S8
33907,Pd1.2Re4.8S8
33908,Ag1.2Re4.8S8
33909,Pt1.2Re4.8S8
33910,Mn1.2Os4.8S8
33911,Fe1.2Os4.8S8
33912,Co1.2Os4.8S8
33913,Ni1.2Os4.8S8
33914,Ru1.2Os4.8S8
33915,Pd1.2Os4.8S8
33916,Ag1.2Os4.8S8
33917,Pt1.2Os4.8S8
33918,Mn1.2Ir4.8S8
33919,Fe1.2Ir4.8S8
33920,Co1.2Ir4.8S8
33921,Ni1.2Ir4.8S8
33922,Ru1.2Ir4.8S8
33923,Pd1.2Ir4.8S8
33924,Ag1.2Ir4.8S8
33925,Pt1.2Ir4.8S8
33926,Mn1.2Pt4.8S8
33927,Fe1.2Pt4.8S8
33928,Co1.2Pt4.8S8
33929,Ni1.2Pt4.8S8
33930,Ru1.2Pt4.8S8
33931,Pd1.2Pt4.8S8
33932,Ag1.2Pt4.8S8
33933,Mn1.2Au4.8S8
33934,Fe1.2Au4.8S8
33935,Co1.2Au4.8S8
33936,Ni1.2Au4.8S8
33937,Ru1.2Au4.8S8
33938,Pd1.2Au4.8S8
33939,Ag1.2Au4.8S8
33940,Pt1.2Au4.8S8
33941,Mn1.2La4.8S8
33942,Fe1.2La4.8S8
33943,Co1.2La4.8S8
33944,Ni1.2La4.8S8
33945,Ru1.2La4.8S8
33946,Pd1.2La4.8S8
33947,Ag1.2La4.8S8
33948,Pt1.2La4.8S8
33949,Mn1.2Ce4.8S8
33950,Fe1.2Ce4.8S8
33951,Co1.2Ce4.8S8
33952,Ni1.2Ce4.8S8
33953,Ru1.2Ce4.8S8
33954,Pd1.2Ce4.8S8
33955,Ag1.2Ce4.8S8
33956,Pt1.2Ce4.8S8
33957,Mn1.2Al4.8S8
33958,Fe1.2Al4.8S8
33959,Co1.2Al4.8S8
33960,Ni1.2Al4.8S8
33961,Ru1.2Al4.8S8
33962,Pd1.2Al4.8S8
33963,Ag1.2Al4.8S8
33964,Pt1.2Al4.8S8
33965,Mn1.2Ga4.8S8
33966,Fe1.2Ga4.8S8
33967,Co1.2Ga4.8S8
33968,Ni1.2Ga4.8S8
33969,Ru1.2Ga4.8S8
33970,Pd1.2Ga4.8S8
33971,Ag1.2Ga4.8S8
33972,Pt1.2Ga4.8S8
33973,Mn1.2In4.8S8
33974,Fe1.2In4.8S8
33975,Co1.2In4.8S8
33976,Ni1.2In4.8S8
33977,Ru1.2In4.8S8
33978,Pd1.2In4.8S8
33979,Ag1.2In4.8S8
33980,Pt1.2In4.8S8
33981,Mn1.2Sn4.8S8
33982,Fe1.2Sn4.8S8
33983,Co1.2Sn4.8S8
33984,Ni1.2Sn4.8S8
33985,Ru1.2Sn4.8S8
33986,Pd1.2Sn4.8S8
33987,Ag1.2Sn4.8S8
33988,Pt1.2Sn4.8S8
33989,Mn1.2Pb4.8S8
33990,Fe1.2Pb4.8S8
33991,Co1.2Pb4.8S8
33992,Ni1.2Pb4.8S8
33993,Ru1.2Pb4.8S8
33994,Pd1.2Pb4.8S8
33995,Ag1.2Pb4.8S8
33996,Pt1.2Pb4.8S8
33997,Mn1.2Bi4.8S8
33998,Fe1.2Bi4.8S8
33999,Co1.2Bi4.8S8
34000,Ni1.2Bi4.8S8
34001,Ru1.2Bi4.8S8
34002,Pd1.2Bi4.8S8
34003,Ag1.2Bi4.8S8
34004,Pt1.2Bi4.8S8
